candidate_id	reference_id	similarity	dist	score
5978	1	1.2017829280742382e-06	13.631704330444336	1.0
5979	1	1.982051430055852e-06	13.131378173828125	2.0
5980	1	1.1763060626595467e-06	13.653131484985352	1.0
5981	1	2.281246714632296e-06	12.990788459777832	1.0
5982	1	2.3904957640293003e-06	12.944009780883789	2.0
5983	1	1.4556989773132723e-06	13.440024375915527	1.0
5984	1	6.924187383094978e-07	14.183074951171875	1.0
5985	1	8.07599475292761e-07	14.029199600219727	0.0
5986	1	1.0539885590371086e-06	13.76292896270752	2.0
5987	1	1.5674757352011381e-06	13.366044044494629	3.0
5988	1	2.646703880408991e-06	12.842195510864258	3.0
5989	1	1.970289532430113e-06	13.137330055236816	1.0
5990	1	1.5229472371716394e-06	13.39486312866211	3.0
5991	1	2.1565601762907235e-06	13.046996116638184	2.0
5992	1	1.2648875846751691e-06	13.580527305603027	1.0
5993	1	1.8784235554270258e-06	13.185077667236328	2.0
5994	1	1.1175194464258735e-06	13.704399108886719	2.0
5995	1	2.2850614930168046e-06	12.989117622375488	2.0
5996	1	1.328984415536227e-06	13.531095504760742	1.0
5997	1	2.1511600000464225e-06	13.049503326416016	2.0
5998	1	1.2557768700660822e-06	13.587756156921387	2.0
5999	1	5.095603797162622e-07	14.489717483520508	1.0
6000	1	2.630049524970723e-06	12.84850788116455	2.0
6001	1	1.071095037902829e-06	13.74682903289795	1.0
6002	1	1.4032375725826243e-06	13.476728439331055	2.0
6003	1	3.706139211677208e-06	12.50551986694336	3.0
6004	1	8.966385602442697e-07	13.924612998962402	1.0
6005	1	2.565537591331641e-06	12.873342514038086	3.0
6006	1	2.014099570930456e-06	13.115338325500488	2.0
6007	1	1.7573957835843898e-06	13.251677513122559	3.0
6008	1	2.4917983615121143e-06	12.902505874633789	1.0
6010	1	2.142808161912822e-06	13.053393363952637	1.0
6011	1	9.569203213829699e-07	13.859545707702637	1.0
6012	1	9.59418598875413e-07	13.856938362121582	0.0
6013	1	1.3240910723972017e-06	13.534784317016602	1.0
6014	1	3.020581868935983e-06	12.710061073303223	3.0
6015	1	2.2799569684851393e-06	12.991353988647461	2.0
6016	1	2.2490771584172697e-06	13.004990577697754	3.0
6017	1	2.1514882660572985e-06	13.04935073852539	1.0
6018	1	9.96140127327462e-07	13.819377899169922	2.0
6019	1	1.95243013615829e-06	13.146435737609863	1.0
6020	1	2.0719943932851474e-06	13.08699893951416	2.0
6021	1	2.1674363710942634e-06	13.04196548461914	2.0
6022	1	2.038253189574275e-06	13.10341739654541	2.0
6023	1	2.751346673118665e-06	12.803420066833496	2.0
6024	1	1.662975763599292e-06	13.306901931762695	1.0
6025	1	1.7195236568159808e-06	13.273463249206543	1.0
6026	1	2.6177130696571195e-06	12.853209495544434	3.0
6027	1	2.523533095190265e-06	12.889850616455078	3.0
6028	1	7.643128843651249e-07	14.084288597106934	2.0
6029	1	1.582129166760047e-06	13.356739044189453	1.0
6030	1	2.0254081876137354e-06	13.109739303588867	3.0
6031	1	3.19629967308936e-06	12.65351676940918	3.0
6032	1	1.4384679225623405e-06	13.451931953430176	2.0
6033	1	3.041608573937454e-06	12.703124046325684	3.0
6034	1	2.0271995537767947e-06	13.108855247497559	2.0
6035	1	7.391602284863586e-07	14.117751121520996	1.0
6036	1	2.7573750923295216e-06	12.801231384277344	2.0
6037	1	1.8751141675279083e-06	13.186841011047363	2.0
6038	1	1.6717627864657008e-06	13.301631927490234	2.0
6039	1	1.4061981833167033e-06	13.474620819091797	1.0
6040	1	2.514243801338481e-06	12.893538475036621	1.0
6041	1	1.0904636500540715e-06	13.728907585144043	2.0
6042	1	3.0531520195868574e-06	12.699336051940918	2.0
6043	1	1.934162570336652e-06	13.15583610534668	1.0
6044	1	6.570547895913412e-07	14.235498428344727	2.0
6045	1	2.22646650279232e-06	13.015094757080078	2.0
6046	1	1.1475413391710026e-06	13.677888870239258	1.0
6047	1	7.217112829447949e-07	14.141640663146973	1.0
6048	1	1.5670198687916087e-06	13.366334915161133	1.0
6049	1	1.1492662839180911e-06	13.676386833190918	1.0
6050	1	2.9001982298110718e-06	12.750731468200684	3.0
6051	1	2.4972938135649266e-06	12.90030288696289	1.0
6052	1	1.935171808511678e-06	13.155314445495605	2.0
6053	1	1.861560187105229e-06	13.194095611572266	1.0
6054	1	1.612414050954582e-06	13.337778091430664	1.0
6055	1	1.2909391131747316e-06	13.560140609741211	2.0
6056	1	1.5611354321337208e-06	13.370097160339355	1.0
6057	1	1.865089317899984e-06	13.192201614379883	3.0
6058	1	1.4926962210504642e-06	13.414926528930664	2.0
6059	1	1.3357136420843995e-06	13.526044845581055	1.0
6060	1	8.910160156214036e-07	13.930903434753418	1.0
6061	1	3.870408218261965e-06	12.462150573730469	3.0
6062	1	8.912845736381537e-07	13.930602073669434	1.0
6063	1	2.1319904872736e-06	13.058454513549805	2.0
6064	1	1.385525065886089e-06	13.489431381225586	2.0
6065	1	1.4826231852975006e-06	13.421697616577148	2.0
6066	1	1.1742773327966797e-06	13.654857635498047	1.0
6067	1	1.8951613295145826e-06	13.176206588745117	1.0
6068	1	1.4138144709474513e-06	13.469219207763672	2.0
6069	1	2.166820484151319e-06	13.04224967956543	2.0
6070	1	3.070605020956661e-06	12.693635940551758	2.0
6071	1	1.3250523751902882e-06	13.534058570861816	2.0
6072	1	1.3874754133250893e-06	13.488024711608887	2.0
6073	1	2.1378542229660915e-06	13.055707931518555	2.0
6074	1	7.309118247843633e-07	14.128973007202148	2.0
6075	1	3.221721877193524e-06	12.645594596862793	3.0
6076	1	1.6904143518128512e-06	13.290536880493164	2.0
6077	1	1.8052619027389483e-06	13.224804878234863	1.0
6078	1	1.4520856565546887e-06	13.442509651184082	2.0
6079	1	3.0967458316499646e-06	12.685158729553223	3.0
6080	1	1.976801660848675e-06	13.13403034210205	2.0
6081	1	1.125511167497235e-06	13.697273254394531	2.0
6082	1	1.3381820662237735e-06	13.524198532104492	1.0
6083	1	9.489738102496082e-07	13.867884635925293	1.0
6084	1	1.3877361081474587e-06	13.487836837768555	3.0
6085	1	2.6464287685152353e-06	12.842299461364746	3.0
6086	1	1.5877474619962854e-06	13.353194236755371	1.0
6087	1	2.2245181444257503e-06	13.015970230102539	2.0
6088	1	2.240646433927238e-06	13.008746147155762	2.0
6089	1	2.0370464286962e-06	13.104009628295898	3.0
6090	1	1.6201797141300275e-06	13.33297348022461	1.0
6091	1	1.9176563349259142e-06	13.164406776428223	3.0
6092	1	9.272030512640001e-07	13.891093254089355	1.0
6093	1	1.4592976303356553e-06	13.437555313110352	1.0
6094	1	1.9189296158915915e-06	13.163743019104004	1.0
6095	1	3.451547720760972e-06	12.576687812805176	3.0
6096	1	1.452039958319519e-06	13.442541122436523	2.0
6097	1	1.2489785869409442e-06	13.593184471130371	1.0
6098	1	1.3655438982801255e-06	13.503957748413086	3.0
6099	1	5.756662506827588e-07	14.367737770080566	1.0
6100	1	2.442051064090261e-06	12.922672271728516	2.0
6101	1	1.2846718912398242e-06	13.565007209777832	2.0
6102	1	1.8304618088730231e-06	13.210942268371582	2.0
6103	1	1.931876666360764e-06	13.157018661499023	2.0
6104	1	1.2987186134686888e-06	13.554132461547852	1.0
6105	1	2.7445094571007555e-06	12.805908203125	3.0
6106	1	1.0891499487795261e-06	13.73011302947998	1.0
6107	1	1.2267593636499656e-06	13.61113452911377	2.0
6108	1	1.1120877749213523e-06	13.709271430969238	1.0
6109	1	1.2984226326551203e-06	13.554360389709473	2.0
6110	1	1.1508028422440395e-06	13.675050735473633	2.0
6111	1	1.9872109049203805e-06	13.128778457641602	2.0
6112	1	1.5191452617838822e-06	13.39736270904541	1.0
6113	1	2.5545096745491234e-06	12.877650260925293	3.0
6114	1	5.275929408672849e-07	14.454940795898438	1.0
6115	1	8.896074130728082e-07	13.932485580444336	2.0
6116	1	2.139559353333547e-06	13.054910659790039	2.0
6117	1	1.5931334795231287e-06	13.349807739257812	1.0
6118	1	1.974250713577503e-06	13.135321617126465	3.0
6119	1	1.0049913572806718e-06	13.810531616210938	1.0
6120	1	1.438408935085581e-06	13.451972961425781	2.0
6121	1	2.3617580529499672e-06	12.956104278564453	3.0
6122	1	2.680217173240031e-06	12.829612731933594	2.0
6123	1	2.131043215128985e-06	13.05889892578125	3.0
6124	1	1.9796824964965323e-06	13.132574081420898	3.0
6125	1	1.6070931196661605e-06	13.341083526611328	2.0
6126	1	1.5194017156860003e-06	13.397193908691406	1.0
6127	1	2.9778103213531943e-06	12.724322319030762	3.0
6128	1	2.5641360224860946e-06	12.873888969421387	3.0
6129	1	1.6998309932149358e-06	13.284981727600098	2.0
6130	1	1.8635744914158963e-06	13.193014144897461	1.0
6131	1	7.026335631222469e-07	14.16843032836914	1.0
6132	1	1.6854065264151253e-06	13.293503761291504	3.0
6133	1	9.392193894237586e-07	13.878216743469238	1.0
6134	1	2.456066989599586e-06	12.916949272155762	2.0
6135	1	1.2134307637565904e-06	13.622058868408203	2.0
6136	1	1.0200080146059121e-06	13.795700073242188	1.0
6137	1	2.4883455225918877e-06	12.903892517089844	2.0
6138	1	1.290495980476393e-06	13.560483932495117	2.0
6139	1	1.0288093231691729e-06	13.787108421325684	2.0
6140	1	2.0313371405832766e-06	13.106816291809082	1.0
6141	1	1.8331905686173906e-06	13.209452629089355	2.0
6142	1	2.394422442870655e-06	12.942368507385254	2.0
6143	1	1.6294164267898691e-06	13.327288627624512	3.0
6144	1	1.8060798631488102e-06	13.22435188293457	3.0
6145	1	2.496027121078999e-06	12.900810241699219	3.0
6146	1	1.7464872854654148e-06	13.257904052734375	2.0
6147	1	1.4376203814587701e-06	13.452521324157715	2.0
6148	1	6.005944074521645e-07	14.325345993041992	2.0
6149	1	1.58339407666491e-06	13.355939865112305	2.0
6150	1	1.4113465079210545e-06	13.470966339111328	2.0
6151	1	1.3590790838478693e-06	13.508703231811523	2.0
6152	1	1.9907485084656666e-06	13.126999855041504	2.0
6153	1	7.895568074581783e-07	14.051794052124023	2.0
6154	1	1.6723591674612174e-06	13.301275253295898	1.0
6155	1	1.864118407173492e-06	13.19272232055664	1.0
6156	1	1.8755577055357323e-06	13.186604499816895	2.0
6157	1	3.2340629998425045e-06	12.64177131652832	3.0
6158	1	2.6579954520526607e-06	12.83793830871582	3.0
6159	1	9.714465760384529e-07	13.84447956085205	2.0
6160	1	2.1155606039811535e-06	13.066190719604492	2.0
6161	1	1.564336684001868e-06	13.368048667907715	2.0
6162	1	1.8798106142168645e-06	13.18433952331543	2.0
6163	1	1.0125896522434917e-06	13.802999496459961	1.0
6164	1	1.259617453087233e-06	13.584702491760254	2.0
6165	1	1.1693434650863177e-06	13.65906810760498	3.0
6166	1	1.295664219578637e-06	13.556487083435059	1.0
6167	1	6.694174970145262e-07	14.21685791015625	3.0
6168	1	1.9178684897335803e-06	13.16429615020752	2.0
6169	1	1.907931638975974e-06	13.169490814208984	2.0
6170	1	1.3079861863955213e-06	13.547021865844727	1.0
6171	1	3.150481062416321e-06	12.66795539855957	3.0
6172	1	2.558920510249167e-06	12.875925064086914	2.0
6173	1	7.309180982777998e-07	14.1289644241333	1.0
6174	1	1.545132860201609e-06	13.380400657653809	2.0
6175	1	1.4783479518509872e-06	13.424585342407227	1.0
6176	1	9.464918986561695e-07	13.870503425598145	1.0
6177	1	3.2745545030853976e-06	12.629328727722168	2.0
6178	1	2.4821524071813442e-06	12.906384468078613	3.0
6179	1	3.2087651616967765e-07	14.95220947265625	2.0
6180	1	2.2079605099467123e-06	13.023441314697266	3.0
6181	1	2.470976219244912e-06	12.910897254943848	3.0
6182	1	1.7743457737847909e-06	13.24207878112793	3.0
6183	1	2.114126608022581e-06	13.066868782043457	3.0
6184	1	1.316234901050169e-06	13.540735244750977	1.0
6185	1	2.050774769063174e-06	13.09729290008545	2.0
6186	1	8.753226739922242e-07	13.948673248291016	2.0
6187	1	1.227270729128015e-06	13.6107177734375	1.0
6188	1	5.967019201163368e-07	14.33184814453125	0.0
6189	1	1.1876605340617378e-06	13.643525123596191	1.0
6190	1	2.7635326802991427e-06	12.79900074005127	2.0
6191	1	2.520899212250601e-06	12.890894889831543	2.0
6192	1	2.060427633247146e-06	13.092597007751465	3.0
6193	1	1.468044096340876e-06	13.43157958984375	1.0
6194	1	2.219680106649192e-06	13.018147468566895	3.0
6195	1	1.5831268217412385e-06	13.356108665466309	3.0
6196	1	9.701652238327429e-07	13.845799446105957	1.0
6197	1	1.8602841680153e-06	13.194781303405762	2.0
6198	1	1.4965575930818573e-06	13.41234302520752	3.0
6199	1	1.1526503036395965e-06	13.673446655273438	2.0
6200	1	1.8432636836187549e-06	13.203972816467285	0.0
6201	1	1.1072969257438727e-06	13.71358871459961	2.0
6202	1	8.885534819635195e-07	13.933670997619629	1.0
6203	1	2.010008596286331e-06	13.117371559143066	3.0
6204	1	3.132323117683813e-06	12.673735618591309	1.0
6205	1	1.1138603372160843e-06	13.70767879486084	2.0
6206	1	6.608958519053307e-07	14.229669570922852	0.0
6207	1	1.0557843009030122e-06	13.761226654052734	0.0
6208	1	1.7008882694103633e-06	13.2843599319458	3.0
6209	1	1.0917424944318515e-06	13.72773551940918	2.0
6210	1	2.003228503324002e-06	13.120750427246094	2.0
6211	1	1.4956358873937384e-06	13.412959098815918	1.0
6212	1	1.368303618714125e-06	13.501938819885254	2.0
6213	1	1.4053227469591401e-06	13.47524356842041	1.0
6214	1	1.0763603661001091e-06	13.741925239562988	1.0
6215	1	1.233402593755427e-06	13.605733871459961	1.0
6216	1	1.657333078033669e-06	13.310300827026367	2.0
6217	1	1.1320745741968384e-06	13.691458702087402	1.0
6218	1	1.032513927779745e-06	13.783514022827148	2.0
6219	1	1.414762656699487e-06	13.468548774719238	2.0
6220	1	2.6511879405709244e-06	12.840502738952637	2.0
6221	1	1.7561710667953316e-06	13.252374649047852	2.0
6222	1	1.204665406466518e-06	13.629308700561523	2.0
6223	1	2.420718707204091e-06	12.931446075439453	3.0
6224	1	1.1704234508068262e-06	13.6581449508667	2.0
6225	1	2.601638086763137e-06	12.859369277954102	3.0
6226	1	1.8299556361910706e-06	13.21121883392334	3.0
6227	1	1.1810890743553377e-06	13.649073600769043	1.0
6228	1	2.785321553856021e-06	12.791147232055664	3.0
6229	1	8.992341214186669e-07	13.921722412109375	1.0
6230	1	1.583063411940806e-06	13.356148719787598	1.0
6231	1	2.4532110599650967e-06	12.918112754821777	2.0
6232	1	1.6926663487880202e-06	13.289205551147461	1.0
6233	1	5.174811409255115e-07	14.474292755126953	2.0
6234	1	1.2226586124981754e-06	13.614482879638672	1.0
6235	1	7.450015830175191e-07	14.109879493713379	1.0
6236	1	2.0455165854552697e-06	13.099860191345215	2.0
6237	1	2.393162283040718e-06	12.94289493560791	2.0
6238	1	5.445030485202824e-07	14.423392295837402	0.0
6239	1	1.441475369574834e-06	13.449843406677246	2.0
6240	1	1.0242492668707165e-06	13.791550636291504	3.0
6241	1	1.3410297190503448e-06	13.522072792053223	1.0
6242	1	9.870938186430986e-07	13.828500747680664	1.0
6243	1	2.327551763101108e-06	12.970693588256836	2.0
6244	1	1.1704669835249737e-06	13.65810775756836	1.0
6245	1	1.7000790373403744e-06	13.284835815429688	3.0
6246	1	1.9129291857754674e-06	13.166874885559082	1.0
6247	1	1.5910351478780837e-06	13.351125717163086	3.0
6248	1	1.9841204224861062e-06	13.130334854125977	1.0
6249	1	2.6550110613101273e-06	12.839061737060547	3.0
6250	1	2.178751780607299e-06	13.036758422851562	3.0
6251	1	1.5604700737619842e-06	13.370523452758789	1.0
6252	1	1.0499885882292154e-06	13.766731262207031	1.0
6253	1	3.273677097409163e-06	12.629596710205078	3.0
6254	1	2.433553674641593e-06	12.92615795135498	3.0
6255	1	1.5472518082192272e-06	13.379030227661133	1.0
6256	1	7.711277396938434e-07	14.075411796569824	1.0
6257	1	1.0391869256682347e-06	13.777071952819824	1.0
6258	1	6.16921590543918e-07	14.298523902893066	1.0
6259	1	1.6448637993245225e-06	13.317852973937988	3.0
6260	1	1.483491598471747e-06	13.421112060546875	2.0
6261	1	9.324597286999971e-07	13.8854398727417	1.0
6262	1	2.764594995012491e-06	12.798616409301758	3.0
6263	1	2.374889575490553e-06	12.950559616088867	3.0
6264	1	1.521351890513381e-06	13.39591121673584	3.0
6265	1	2.103748632405757e-06	13.071789741516113	2.0
6266	1	9.010067617529339e-07	13.919753074645996	1.0
6267	1	2.863270686135014e-06	12.763545989990234	3.0
6268	1	3.6819614915497657e-06	12.512064933776855	3.0
6269	1	6.498279578041235e-07	14.24655818939209	1.0
6270	1	2.0998500132205376e-06	13.073644638061523	3.0
6271	1	1.010212044951642e-06	13.805350303649902	2.0
6272	1	2.206303965271402e-06	13.024191856384277	2.0
6273	1	2.366804190895373e-06	12.953969955444336	1.0
6274	1	1.6965902949083307e-06	13.286890029907227	1.0
6275	1	7.800925551489621e-07	14.06385326385498	1.0
6276	1	2.0812528536718804e-06	13.082540512084961	3.0
6277	1	7.729234794521358e-07	14.07308578491211	1.0
6278	1	1.1515351016877146e-06	13.67441463470459	1.0
6279	1	1.7762623196390733e-06	13.240999221801758	2.0
6280	1	1.8273589047970475e-06	13.212638854980469	3.0
6281	1	2.3218651231405973e-06	12.973139762878418	1.0
6282	1	2.0840553443738417e-06	13.081194877624512	3.0
6283	1	7.179445680718254e-07	14.146873474121094	1.0
6284	1	2.540903485833373e-06	12.882990837097168	3.0
6285	1	2.189698128906238e-06	13.031746864318848	2.0
6286	1	2.524033723611509e-06	12.889652252197266	3.0
6287	1	1.98823265443177e-06	13.128264427185059	3.0
6288	1	1.2718379576054862e-06	13.575047492980957	2.0
6289	1	8.073923215952797e-07	14.02945613861084	2.0
6290	1	1.953141543040077e-06	13.146071434020996	1.0
6291	1	1.7245243046817834e-06	13.270559310913086	2.0
6292	1	1.934015011072296e-06	13.155912399291992	3.0
6293	1	1.248568909277621e-06	13.593512535095215	2.0
6294	1	1.8412344578291601e-06	13.205074310302734	1.0
6295	1	1.1452181350278514e-06	13.679915428161621	2.0
6296	1	1.3823007905314215e-06	13.491761207580566	0.0
6297	1	1.991637216813222e-06	13.126553535461426	1.0
6298	1	1.0192233029626694e-06	13.796469688415527	1.0
6299	1	2.1209280472200936e-06	13.0636568069458	2.0
6300	1	2.8372114678631748e-06	12.772688865661621	3.0
6301	1	3.3122472142240417e-06	12.617883682250977	3.0
6302	1	1.8240768563064859e-06	13.214436531066895	2.0
6303	1	9.762332207176994e-07	13.839564323425293	1.0
6304	1	9.56261657950608e-07	13.860234260559082	1.0
6305	1	2.7506120823773243e-06	12.80368709564209	3.0
6306	1	9.802831061072476e-07	13.835424423217773	1.0
6307	1	2.1783632629838784e-06	13.03693675994873	2.0
6308	1	1.821014298559792e-06	13.216116905212402	3.0
6309	1	1.2663214702664908e-06	13.579394340515137	1.0
6310	1	1.4710839171971029e-06	13.429511070251465	3.0
6311	1	1.3903921604896308e-06	13.48592472076416	2.0
6312	1	2.937335895338549e-06	12.738007545471191	2.0
6313	1	2.354826508096743e-06	12.959043502807617	3.0
6314	1	1.604883036247541e-06	13.342459678649902	1.0
6315	1	1.702089042223252e-06	13.28365421295166	2.0
6316	1	1.947801157842617e-06	13.148809432983398	1.0
6317	1	1.962379768738963e-06	13.141352653503418	2.0
6318	1	2.3996939863879014e-06	12.940169334411621	1.0
6319	1	1.0183750939164363e-06	13.79730224609375	1.0
6320	1	1.0241506147997703e-06	13.791646957397461	1.0
6321	1	1.2915400471115531e-06	13.559675216674805	1.0
6322	1	1.6225810691943964e-06	13.33149242401123	2.0
6323	1	1.6934914328029836e-06	13.288718223571777	1.0
6324	1	9.39637778879122e-07	13.877771377563477	1.0
6325	1	1.3823205646442788e-06	13.49174690246582	2.0
6326	1	9.976964808319515e-07	13.817816734313965	1.0
6327	1	1.8378345927786333e-06	13.20692253112793	2.0
6328	1	1.6911931777672447e-06	13.29007625579834	2.0
6329	1	1.7369446931037764e-06	13.263382911682129	2.0
6330	1	3.80138359175964e-06	12.480145454406738	3.0
6331	1	3.036478658772793e-06	12.704812049865723	3.0
6332	1	1.5064681124212871e-06	13.405742645263672	3.0
6333	1	1.5078594607277458e-06	13.40481948852539	3.0
6334	1	1.5010787324691206e-06	13.409326553344727	2.0
6335	1	2.4508749481565388e-06	12.919065475463867	3.0
6336	1	2.7563076660428563e-06	12.801618576049805	3.0
6337	1	1.5399326190458363e-06	13.383771896362305	2.0
6338	1	2.2221539672286177e-06	13.017033576965332	2.0
6339	1	2.2053341904734665e-06	13.02463150024414	2.0
6340	1	2.08814766521586e-06	13.079233169555664	3.0
6341	1	1.1129280633029748e-06	13.708516120910645	2.0
6342	1	1.6757629235260394e-06	13.29924201965332	1.0
6343	1	1.3907250216314935e-06	13.485685348510742	1.0
6344	1	2.35783772006723e-06	12.957765579223633	2.0
6345	1	1.3417819264278758e-06	13.521512031555176	2.0
6346	1	2.2533108556155657e-06	13.0031099319458	2.0
6347	1	1.8723551440657744e-06	13.188313484191895	3.0
6348	1	2.6587712330137376e-06	12.837646484375	1.0
6349	1	3.056347839791808e-06	12.69828987121582	3.0
6350	1	1.9635085904053586e-06	13.140777587890625	2.0
6351	1	1.8454394559301773e-06	13.20279312133789	3.0
6352	1	2.0284643186038334e-06	13.108231544494629	2.0
6353	1	2.3050620861113968e-06	12.980402946472168	3.0
6354	1	1.9479088997627466e-06	13.148754119873047	1.0
6355	1	1.976767727090425e-06	13.134047508239746	2.0
6356	1	1.8549834924164913e-08	17.802804946899414	1.0
6357	1	1.6131584781951399e-06	13.337316513061523	2.0
6358	1	1.7592537544542157e-06	13.25062084197998	2.0
6359	1	1.1736089558376174e-06	13.655426979064941	1.0
6360	1	1.684620725816754e-06	13.293970108032227	2.0
6361	1	1.692301567052591e-06	13.289421081542969	2.0
6362	1	1.2729968230799787e-06	13.574136734008789	1.0
6363	1	1.643223794528511e-06	13.31885051727295	3.0
6364	1	2.8253498595834143e-06	12.776878356933594	3.0
6365	1	1.9008703457790613e-06	13.173198699951172	2.0
6366	1	2.5580104115945524e-06	12.876280784606934	3.0
6367	1	1.1539822680054531e-06	13.67229175567627	2.0
6368	1	8.7349309730803e-07	13.950765609741211	1.0
6369	1	1.6735094756871658e-06	13.30058765411377	1.0
6370	1	1.1685096132584833e-06	13.659781455993652	0.0
6371	1	3.1628297944626527e-06	12.664043426513672	3.0
6372	1	1.2364410923933482e-06	13.603273391723633	2.0
6373	1	1.3228566770308777e-06	13.535717010498047	2.0
6374	1	2.2732936859557528e-06	12.994280815124512	2.0
6375	1	1.984538643793098e-06	13.13012409210205	1.0
6376	1	1.8338515325814914e-06	13.209092140197754	2.0
6377	1	2.8643412923044284e-06	12.763172149658203	3.0
6378	1	2.337209797308482e-06	12.966552734375	3.0
6379	1	2.7697779790514975e-06	12.796743392944336	3.0
6380	1	1.462754512805323e-06	13.435189247131348	1.0
6381	1	2.274547124868191e-06	12.993729591369629	3.0
6382	1	9.001745166249982e-07	13.920677185058594	1.0
6383	1	1.6543027648237927e-06	13.31213092803955	2.0
6384	1	2.7805655479685485e-06	12.792856216430664	3.0
6385	1	1.8577825890155184e-06	13.196126937866211	2.0
6386	1	1.6106328205317301e-06	13.338883399963379	2.0
6387	1	3.305532093177581e-06	12.619913101196289	3.0
6388	1	2.3716371846829835e-06	12.951930046081543	3.0
6389	1	1.924513838668715e-06	13.160837173461914	2.0
6390	1	1.6313039934268959e-06	13.326130867004395	2.0
6391	1	1.2880676101980238e-06	13.56236743927002	1.0
6392	1	3.475272828640463e-06	12.56983757019043	3.0
6393	1	1.4775135488311185e-06	13.425149917602539	1.0
6394	1	1.0589364864791601e-06	13.758245468139648	1.0
6395	1	1.8933024614267975e-06	13.1771879196167	2.0
6396	1	2.9801029714758334e-06	12.723552703857422	3.0
6397	1	1.7087492007875249e-06	13.279748916625977	2.0
6398	1	1.6178930010572572e-06	13.334385871887207	2.0
6399	1	1.877680269739056e-06	13.185473442077637	2.0
6400	1	2.1773413977810796e-06	13.037405967712402	2.0
6401	1	1.2758152610444e-06	13.571925163269043	2.0
6402	1	1.8287012806554946e-06	13.211904525756836	2.0
6403	1	3.894283548575276e-07	14.758585929870605	0.0
6404	1	1.3398996429206141e-06	13.522915840148926	1.0
6405	1	1.8517172853399718e-06	13.199397087097168	3.0
6406	1	1.6220302833522583e-06	13.331831932067871	2.0
6407	1	1.839095213099355e-06	13.206236839294434	2.0
6408	1	2.563316960856413e-06	12.874208450317383	3.0
6409	1	1.5354687008161193e-06	13.386674880981445	2.0
6410	1	2.383734473323948e-06	12.946842193603516	3.0
6411	1	6.536604345475458e-07	14.240677833557129	1.0
6412	1	1.4757448205422593e-06	13.426347732543945	1.0
6413	1	1.8412133866935753e-06	13.205085754394531	2.0
6414	1	1.4131984236259552e-06	13.46965503692627	1.0
6415	1	1.3375122342428776e-06	13.524699211120605	2.0
6416	1	8.336789589936605e-07	13.997417449951172	1.0
6417	1	2.324823100407152e-06	12.971866607666016	3.0
6418	1	1.5097098719880962e-06	13.403593063354492	2.0
6419	1	2.6135273837328173e-06	12.854809761047363	3.0
6420	1	8.891298944761151e-07	13.933022499084473	1.0
6421	1	1.1675516414155248e-06	13.660601615905762	1.0
6422	1	8.980274640413738e-07	13.923065185546875	1.0
6423	1	1.9870119239229707e-06	13.128878593444824	3.0
6424	1	1.8389777056962317e-06	13.206300735473633	2.0
6425	1	1.3661170235414158e-06	13.503538131713867	2.0
6426	1	1.950070569330727e-06	13.147644996643066	2.0
6427	1	1.2362394721123227e-06	13.603436470031738	1.0
6428	1	1.4373832142811242e-06	13.452686309814453	2.0
6429	1	1.111272495927912e-06	13.710004806518555	1.0
6430	1	1.5934085020762088e-06	13.349635124206543	1.0
6431	1	1.4171298224364976e-06	13.466876983642578	1.0
6432	1	1.8157546356993211e-06	13.219009399414062	3.0
6433	1	3.2149541915410263e-06	12.647697448730469	2.0
6434	1	1.4587201913230414e-06	13.43795108795166	2.0
6435	1	1.4455722819797254e-06	13.447005271911621	1.0
6436	1	1.8094641246497735e-06	13.222479820251465	2.0
6437	1	1.4453558571726544e-06	13.447154998779297	2.0
6438	1	9.005128186659362e-07	13.92030143737793	1.0
6439	1	1.6058950393058128e-06	13.341829299926758	1.0
6440	1	9.002191583443772e-07	13.92062759399414	1.0
6441	1	2.4231439273795113e-06	12.930444717407227	3.0
6442	1	1.635134029312178e-06	13.323785781860352	1.0
6443	1	3.198519554247474e-06	12.652822494506836	2.0
6444	1	2.1926571009132337e-06	13.030396461486816	3.0
6445	1	3.8252655235600235e-06	12.473882675170898	3.0
6446	1	1.6393404145906481e-06	13.321216583251953	3.0
6447	1	2.6068211643863416e-08	17.462549209594727	2.0
6448	1	1.7277425643853964e-06	13.268694877624512	2.0
6449	1	2.3674847468924937e-07	15.256267547607422	0.0
6450	1	1.7147500869860343e-06	13.276243209838867	2.0
6451	1	1.6859354205970767e-06	13.293190002441406	1.0
6452	1	9.824684617787333e-07	13.833197593688965	1.0
6453	1	2.2497207166110974e-06	13.004704475402832	1.0
6454	1	8.775962033658085e-07	13.94607925415039	2.0
6455	1	2.746549144473864e-06	12.80516529083252	3.0
6456	1	1.097138618522452e-06	13.72280502319336	1.0
6457	1	2.389098682981968e-06	12.944594383239746	2.0
6458	1	9.315326886328087e-07	13.886434555053711	1.0
6459	1	1.553082431763315e-06	13.375268936157227	2.0
6460	1	2.0691489216275626e-06	13.088373184204102	2.0
6461	1	1.5551707534867969e-06	13.37392520904541	2.0
6462	1	1.1162338267364046e-06	13.705550193786621	3.0
6463	1	1.710311061588993e-06	13.27883529663086	3.0
6464	1	8.607664209056596e-07	13.965442657470703	1.0
6465	1	1.371968808254035e-06	13.499263763427734	2.0
6466	1	1.102262832717169e-06	13.718145370483398	2.0
6467	1	1.6336844438835612e-06	13.32467269897461	1.0
6468	1	1.2849034670823993e-06	13.564826965332031	2.0
6469	1	1.4466397162834927e-06	13.446267127990723	1.0
6470	1	2.802405864656622e-06	12.785032272338867	2.0
6471	1	1.3208913438526816e-06	13.537203788757324	1.0
6472	1	3.0835109822336947e-06	12.689441680908203	3.0
6473	1	1.7424861556248502e-06	13.260197639465332	2.0
6474	1	2.582665046702718e-06	12.86668872833252	2.0
6475	1	8.209825542992259e-07	14.012763977050781	1.0
6476	1	1.3605963892093026e-06	13.507587432861328	3.0
6477	1	1.0524517828991059e-06	13.764388084411621	2.0
6478	1	2.1914613288949606e-06	13.0309419631958	3.0
6479	1	7.212771104819619e-07	14.142242431640625	0.0
6480	1	2.1535636555166892e-06	13.048386573791504	2.0
6481	1	5.128668052858502e-07	14.48324966430664	1.0
6482	1	8.048046929964987e-07	14.032666206359863	1.0
6483	1	1.507159313996895e-06	13.40528392791748	3.0
6484	1	2.7730606236760815e-06	12.79555892944336	3.0
6485	1	2.9355828287930086e-06	12.738604545593262	3.0
6486	1	1.7826601024789853e-06	13.237403869628906	2.0
6487	1	1.937088410541073e-06	13.154324531555176	3.0
6488	1	1.1409034937128322e-06	13.683690071105957	1.0
6489	1	1.596599799217967e-06	13.347634315490723	2.0
6490	1	1.0780564479411713e-06	13.740350723266602	1.0
6491	1	2.5340599247439985e-06	12.885687828063965	3.0
6492	1	2.028433366930818e-06	13.108246803283691	2.0
6493	1	1.9809894045585406e-06	13.131914138793945	2.0
6494	1	1.613858614739485e-06	13.336882591247559	3.0
6495	1	8.962504283453401e-07	13.92504596710205	2.0
6496	1	1.1364013433899186e-06	13.687644004821777	1.0
6497	1	1.3035853203787557e-06	13.550392150878906	2.0
6498	1	1.216161393822617e-06	13.619811058044434	2.0
6499	1	1.2575889506699162e-06	13.58631420135498	1.0
6500	1	1.5649708562919155e-06	13.367643356323242	2.0
6501	1	1.019283569183733e-06	13.79641056060791	1.0
6502	1	1.966987116581613e-06	13.139007568359375	2.0
6503	1	8.833320098706476e-07	13.93956470489502	2.0
6504	1	1.8769211683539108e-06	13.185877799987793	1.0
6505	1	2.4700597082081654e-06	12.91126823425293	3.0
6506	1	1.3532990547641383e-06	13.512965202331543	1.0
6507	1	2.1546914860309672e-06	13.047863006591797	3.0
6508	1	1.912637318214389e-06	13.167027473449707	2.0
6509	1	1.0836370556552869e-06	13.735187530517578	1.0
6510	1	1.3631861971204366e-06	13.505685806274414	2.0
6511	1	1.3731521221804498e-06	13.498401641845703	2.0
6512	1	2.3944703968337585e-06	12.94234848022461	3.0
6513	1	1.917400317274113e-06	13.16454029083252	2.0
6514	1	1.191026975700412e-06	13.640694618225098	1.0
6515	1	1.3020930969075678e-06	13.55153751373291	1.0
6516	1	2.631517237600169e-06	12.847949981689453	3.0
6517	1	1.5538854143487926e-06	13.374752044677734	1.0
6518	1	1.4001096020462557e-06	13.478960037231445	1.0
6519	1	1.976733793914682e-06	13.134064674377441	2.0
6520	1	2.6498204452853505e-06	12.841018676757812	2.0
6521	1	1.6739611998327792e-06	13.300317764282227	2.0
6522	1	1.2763105590465174e-06	13.571537017822266	2.0
6523	1	2.626866025666345e-06	12.849719047546387	2.0
6524	1	2.137258971384574e-06	13.055986404418945	2.0
6525	1	1.4416307188235648e-06	13.449735641479492	2.0
6526	1	8.914579895287229e-07	13.930407524108887	1.0
6527	1	1.5247100125124874e-06	13.393706321716309	2.0
6528	1	1.811270044118879e-06	13.221482276916504	2.0
6529	1	2.0834949418977e-06	13.081463813781738	2.0
6530	1	2.4332427049484196e-06	12.926285743713379	3.0
6531	1	6.902759493569256e-07	14.186174392700195	1.0
6532	1	2.476569817923523e-06	12.908636093139648	3.0
6533	1	1.8491143620517239e-06	13.200803756713867	2.0
6534	1	1.3436630099002502e-06	13.520111083984375	1.0
6535	1	1.69389524075986e-06	13.288479804992676	2.0
6536	1	1.4085241533461108e-06	13.472968101501465	2.0
6537	1	1.2975091091974004e-06	13.55506420135498	1.0
6538	1	1.186890587626687e-06	13.644173622131348	0.0
6539	1	1.2413336571204888e-06	13.599324226379395	1.0
6540	1	4.99890004257235e-07	14.508877754211426	2.0
6541	1	1.7488957077571194e-06	13.256525993347168	2.0
6542	1	2.766805284580242e-06	12.79781723022461	2.0
6543	1	1.5023490458658251e-06	13.408480644226074	3.0
6544	1	1.9342363541906417e-06	13.155797958374023	2.0
6545	1	6.885087092461656e-07	14.188737869262695	1.0
6546	1	1.1747511368076277e-06	13.654454231262207	1.0
6547	1	7.800516387391624e-07	14.063905715942383	2.0
6548	1	1.292365555560578e-06	13.559036254882812	1.0
6549	1	2.8783121250968932e-06	12.758306503295898	1.0
6550	1	5.910130118951882e-07	14.34142780303955	1.0
6551	1	2.0359277529542234e-06	13.104558944702148	2.0
6552	1	1.1936434405183282e-06	13.638500213623047	1.0
6553	1	1.7844477793235389e-06	13.236401557922363	2.0
6554	1	1.570880236656104e-06	13.363874435424805	3.0
6555	1	1.8653774875802389e-06	13.192047119140625	1.0
6556	1	1.0232807392606089e-06	13.792496681213379	1.0
6557	1	1.9590887421663277e-06	13.143031120300293	1.0
6558	1	1.9898488106387444e-06	13.12745189666748	1.0
6559	1	1.7876107885030154e-06	13.234630584716797	2.0
6560	1	8.739455486151037e-07	13.950247764587402	1.0
6561	1	2.4254165974801445e-06	12.9295072555542	2.0
6562	1	1.4293468573823717e-06	13.458292961120605	1.0
6563	1	1.9489550491837475e-06	13.14821720123291	3.0
6564	1	1.8340736559651928e-06	13.20897102355957	3.0
6565	1	2.164536205255771e-06	13.043304443359375	1.0
6566	1	2.2757057604788957e-06	12.993220329284668	3.0
6567	1	1.8685217825824321e-06	13.190362930297852	1.0
6568	1	1.8003584799103074e-06	13.227524757385254	1.0
6569	1	1.5747696380769827e-06	13.361401557922363	1.0
6570	1	1.1393877592603553e-06	13.685019493103027	2.0
6571	1	1.8342468259249465e-06	13.208876609802246	2.0
6572	1	2.4798383991090843e-06	12.907317161560059	3.0
6573	1	1.4493670396496872e-06	13.44438362121582	1.0
6575	1	2.9767938245692066e-06	12.724663734436035	3.0
6576	1	1.2473335450617501e-06	13.594502449035645	2.0
6577	1	1.2357444039369782e-06	13.603837013244629	1.0
6578	1	1.1926227797988893e-06	13.639355659484863	3.0
6579	1	1.5838124136250864e-06	13.35567569732666	2.0
6580	1	1.168550845957392e-06	13.659746170043945	2.0
6581	1	1.8149946054804354e-06	13.219428062438965	1.0
6582	1	2.8316160369530123e-06	12.774662971496582	2.0
6583	1	1.5611860526564457e-06	13.370064735412598	2.0
6584	1	1.8213095537694954e-06	13.215954780578613	3.0
6585	1	7.364049172857706e-07	14.121485710144043	0.0
6586	1	9.159648122601976e-07	13.903287887573242	2.0
6587	1	1.0689806297242676e-06	13.748805046081543	1.0
6588	1	1.3668050913811287e-06	13.503034591674805	0.0
6589	1	1.4580609380920882e-06	13.438403129577637	1.0
6590	1	1.49681166132584e-06	13.4121732711792	2.0
6591	1	1.6434040209491048e-06	13.318740844726562	1.0
6592	1	2.364376732024317e-06	12.954996109008789	3.0
6593	1	1.0659805008302592e-06	13.751615524291992	2.0
6594	1	9.75021799842933e-07	13.840806007385254	1.0
6595	1	1.5214824747975483e-06	13.395825386047363	1.0
6596	1	2.0424133372468315e-06	13.101378440856934	2.0
6597	1	2.7010271449872214e-06	12.821878433227539	3.0
6598	1	1.3562319050662234e-06	13.5108003616333	1.0
6599	1	2.991504284494563e-06	12.719734191894531	3.0
6600	1	1.5590926271709269e-06	13.371406555175781	3.0
6601	1	1.5213504396398487e-06	13.395912170410156	2.0
6602	1	1.2677630264715253e-06	13.578256607055664	1.0
6603	1	1.2119804800683953e-06	13.623254776000977	1.0
6604	1	2.069531776114539e-06	13.088188171386719	2.0
6605	1	1.0989659546410315e-06	13.72114086151123	1.0
6606	1	2.0352521840850688e-06	13.104890823364258	2.0
6607	1	1.1489616291500578e-06	13.676651954650879	2.0
6608	1	1.5562285822187545e-06	13.373245239257812	2.0
6609	1	2.0805959761774304e-06	13.082856178283691	2.0
6610	1	1.7190842290070361e-06	13.27371883392334	1.0
6611	1	1.3703316547373745e-06	13.500457763671875	1.0
6612	1	1.1849340028818447e-06	13.64582347869873	1.0
6613	1	1.0913500451108002e-06	13.728095054626465	1.0
6614	1	1.0208283771669476e-06	13.794896125793457	1.0
6615	1	1.370634877504673e-06	13.500236511230469	3.0
6616	1	8.726288421538241e-07	13.95175552368164	0.0
6617	1	1.6314689094307948e-06	13.326029777526855	2.0
6618	1	1.4847668521011535e-06	13.420252799987793	2.0
6619	1	1.1806656335362402e-06	13.649432182312012	3.0
6620	1	1.1129121428531972e-06	13.70853042602539	1.0
6621	1	1.7735760134680039e-06	13.242512702941895	1.0
6622	1	1.4720747227855064e-06	13.428837776184082	1.0
6623	1	2.8180357909751644e-06	12.779470443725586	2.0
6624	1	1.127690070450473e-06	13.69533920288086	1.0
6625	1	1.2928537160846622e-06	13.558658599853516	2.0
6626	1	1.8895919953270061e-06	13.179149627685547	2.0
6627	1	1.8839024790276362e-06	13.182165145874023	2.0
6628	1	9.268635615315646e-07	13.891459465026855	1.0
6629	1	2.060559290906593e-06	13.092533111572266	1.0
6630	1	4.880940329939961e-07	14.532757759094238	1.0
6631	1	2.004472577821236e-06	13.120129585266113	2.0
6632	1	1.3527532382928286e-06	13.513368606567383	2.0
6633	1	2.043214038783988e-06	13.10098648071289	3.0
6634	1	1.4338112545449788e-06	13.455174446105957	1.0
6635	1	1.7923957312727652e-06	13.23195743560791	2.0
6636	1	4.205288926126509e-06	12.379167556762695	3.0
6637	1	3.730066587257423e-06	12.49908447265625	3.0
6638	1	1.2554248243901685e-06	13.58803653717041	2.0
6639	1	1.6719716550700134e-06	13.301506996154785	2.0
6640	1	1.22560168063343e-06	13.612078666687012	1.0
6641	1	9.554193760553898e-07	13.861115455627441	1.0
6642	1	1.1681809181032416e-06	13.660062789916992	1.0
6643	1	1.9268443196764963e-06	13.159626960754395	2.0
6644	1	1.431016304381185e-06	13.457125663757324	1.0
6645	1	2.634744063755519e-06	12.846724510192871	3.0
6646	1	1.4485462310307832e-06	13.444950103759766	3.0
6647	1	8.802046324094517e-07	13.943111419677734	1.0
6648	1	2.0092553982676037e-06	13.117746353149414	2.0
6649	1	6.744246370986491e-07	14.209405899047852	1.0
6650	1	1.1902877656446692e-06	13.641315460205078	1.0
6651	1	1.97374807205697e-06	13.135576248168945	3.0
6652	1	3.059383612076551e-06	12.697297096252441	1.0
6653	1	1.8227343984581713e-06	13.21517276763916	1.0
6654	1	3.205497194628571e-06	12.650643348693848	1.0
6655	1	1.40060640263239e-06	13.478605270385742	3.0
6656	1	9.75671053478979e-07	13.840140342712402	0.0
6657	1	2.3531989111018944e-06	12.959734916687012	3.0
6658	1	1.3699644790586498e-06	13.500725746154785	2.0
6659	1	2.0110305602757323e-06	13.116863250732422	2.0
6660	1	2.7325871422253506e-06	12.810261726379395	1.0
6661	1	2.387829938904369e-06	12.945125579833984	3.0
6662	1	1.1908282182150377e-06	13.640861511230469	2.0
6663	1	1.486085718621866e-06	13.419364929199219	2.0
6664	1	2.330941531469281e-06	12.96923828125	2.0
6665	1	8.295659664203696e-07	14.002363204956055	2.0
6666	1	1.970359057194079e-06	13.13729476928711	2.0
6667	1	1.0666130125062846e-06	13.751022338867188	1.0
6668	1	1.354984344805227e-06	13.511720657348633	1.0
6669	1	1.1399507596193032e-06	13.684525489807129	3.0
6670	1	1.1363189808598933e-06	13.687716484069824	1.0
6671	1	5.927385549061918e-07	14.338512420654297	1.0
6672	1	2.5698963933152658e-06	12.871644973754883	3.0
6673	1	7.492631592852308e-07	14.104175567626953	0.0
6674	1	9.142124381853406e-07	13.905202865600586	0.0
6675	1	1.5066419607252947e-06	13.405627250671387	2.0
6676	1	2.657014641466283e-06	12.83830738067627	2.0
6677	1	1.6897261232233665e-06	13.29094409942627	3.0
6678	1	1.8241533992233654e-06	13.214394569396973	2.0
6679	1	1.8530510465407464e-06	13.198677062988281	2.0
6680	1	2.194472910464676e-06	13.029568672180176	3.0
6681	1	2.1086054418492587e-06	13.069483757019043	2.0
6682	1	1.699242641146535e-06	13.285327911376953	3.0
6683	1	2.1094381282808333e-06	13.06908893585205	1.0
6684	1	1.7423415881287733e-06	13.26028060913086	1.0
6685	1	1.7832195156186766e-06	13.237090110778809	2.0
6686	1	9.983475037606897e-07	13.817164421081543	3.0
6687	1	2.5124772659256635e-06	12.894241333007812	2.0
6688	1	1.8756256762734246e-06	13.186568260192871	1.0
6689	1	1.4892665740385446e-06	13.417226791381836	1.0
6690	1	2.3079458315873143e-06	12.97915267944336	3.0
6691	1	1.3569667572860592e-06	13.510258674621582	1.0
6692	1	1.3787105530616044e-06	13.494361877441406	2.0
6693	1	1.0798571509524617e-06	13.73868179321289	2.0
6694	1	1.91767645204697e-06	13.164396286010742	3.0
6695	1	1.2403928705227758e-06	13.600082397460938	1.0
6696	1	2.3383200715427395e-06	12.96607780456543	3.0
6697	1	1.7174947012452775e-06	13.274643898010254	2.0
6698	1	1.7863241289065394e-06	13.235350608825684	2.0
6699	1	1.4249113086595573e-06	13.461400985717773	3.0
6700	1	1.5279167110247153e-06	13.391605377197266	2.0
6701	1	3.1427658706900437e-06	12.67040729522705	3.0
6702	1	7.976488560641517e-07	14.041597366333008	1.0
6703	1	1.6825655586619971e-06	13.295190811157227	1.0
6704	1	1.678558788105285e-06	13.297574996948242	2.0
6705	1	2.0306940806838538e-06	13.107132911682129	3.0
6706	1	2.937235051644782e-06	12.738041877746582	2.0
6707	1	2.322582668207633e-06	12.972830772399902	3.0
6708	1	7.491474106357078e-07	14.104330062866211	1.0
6709	1	2.875187299047208e-06	12.759392738342285	2.0
6710	1	7.581248789032752e-07	14.09241771697998	2.0
6711	1	2.24168304441529e-06	13.008283615112305	2.0
6712	1	2.6180900601047495e-06	12.853065490722656	3.0
6713	1	2.0713542656478504e-06	13.087307929992676	2.0
6714	1	2.814520063619134e-06	12.780718803405762	2.0
6715	1	5.906890112284414e-07	14.341976165771484	2.0
6716	1	3.359489202362164e-06	12.603721618652344	3.0
6717	1	2.6937677274813924e-06	12.824569702148438	2.0
6718	1	1.589644365079557e-06	13.35200023651123	1.0
6719	1	1.7069185227281298e-06	13.280820846557617	1.0
6720	1	1.3689862600185698e-06	13.501440048217773	1.0
6721	1	1.586925467518916e-06	13.35371208190918	2.0
6722	1	6.667949672974454e-07	14.220783233642578	1.0
6723	1	1.4147653551476796e-06	13.468546867370605	1.0
6724	1	2.3158919867025135e-06	12.975715637207031	1.0
6725	1	1.400772041997934e-06	13.478487014770508	1.0
6726	1	2.7079264746903827e-06	12.819327354431152	3.0
6727	1	2.6686606776537124e-06	12.83393383026123	3.0
6728	1	8.619287655134289e-07	13.964093208312988	2.0
6729	1	7.572361050821218e-07	14.09359073638916	1.0
6730	1	1.5757250836439164e-06	13.360795021057129	2.0
6731	1	1.0450615404114877e-06	13.771434783935547	1.0
6732	1	2.6327447232818065e-06	12.84748363494873	2.0
6733	1	3.965182336823887e-06	12.437958717346191	3.0
6734	1	9.237767400843749e-07	13.894795417785645	0.0
6735	1	2.0666364714367324e-06	13.089588165283203	3.0
6736	1	1.6593305229597458e-06	13.309096336364746	2.0
6737	1	1.7253682086162725e-06	13.27007007598877	1.0
6738	1	1.4474732487038986e-06	13.445691108703613	1.0
6739	1	1.5828520642816887e-06	13.356282234191895	1.0
6740	1	2.5320838612985165e-06	12.886467933654785	3.0
6741	1	2.537682680333608e-06	12.884259223937988	3.0
6742	1	1.2726678649850834e-06	13.574395179748535	2.0
6743	1	1.28479196239226e-06	13.564913749694824	1.0
6744	1	1.2133115761818162e-06	13.622157096862793	2.0
6745	1	1.6871111565227577e-06	13.292492866516113	2.0
6746	1	9.048343105171652e-07	13.91551399230957	1.0
6747	1	1.7290925608680802e-06	13.267913818359375	2.0
6748	1	2.3065727982830702e-06	12.979747772216797	3.0
6749	1	1.6210792257794447e-06	13.332418441772461	2.0
6750	1	5.447404105488408e-07	14.422956466674805	1.0
6751	1	1.934658820941542e-06	13.155579566955566	3.0
6752	1	1.717402979581764e-06	13.274697303771973	2.0
6753	1	1.0771212693753512e-06	13.741218566894531	1.0
6754	1	1.6139001708533034e-06	13.336856842041016	1.0
6755	1	2.055511240932108e-06	13.094985961914062	3.0
6756	1	1.124149883467637e-06	13.69848346710205	1.0
6757	1	3.0783984677460947e-06	12.69110107421875	2.0
6758	1	1.369272209059244e-06	13.50123119354248	3.0
6759	1	7.924981417724449e-07	14.048075675964355	1.0
6760	1	1.262821691151906e-06	13.582161903381348	3.0
6761	1	1.5558605602042686e-06	13.373481750488281	1.0
6762	1	2.478559286727849e-06	12.907833099365234	3.0
6763	1	1.995985824009634e-06	13.124372482299805	2.0
6764	1	2.7990431024903996e-06	12.786232948303223	3.0
6765	1	3.635104206520645e-06	12.524872779846191	3.0
6766	1	1.1264862105515744e-06	13.696407318115234	1.0
6767	1	1.6966501617643735e-06	13.28685474395752	2.0
6768	1	1.1625639852642135e-06	13.66488265991211	1.0
6769	1	1.0875691655895703e-06	13.731565475463867	1.0
6770	1	2.774568453578811e-06	12.795015335083008	2.0
6771	1	2.2371895481055637e-06	13.010290145874023	2.0
6772	1	1.5268985131246078e-06	13.392271995544434	1.0
6773	1	1.6363788924339506e-06	13.32302474975586	1.0
6774	1	1.076956926251614e-06	13.741371154785156	1.0
6775	1	1.3539173965236371e-06	13.512508392333984	2.0
6776	1	1.2363467630226887e-06	13.603349685668945	1.0
6777	1	1.0749519077099112e-06	13.743234634399414	1.0
6778	1	1.0491618011713464e-06	13.767518997192383	1.0
6779	1	1.9806682634099357e-06	13.132076263427734	3.0
6780	1	1.959793230199463e-06	13.142671585083008	3.0
6781	1	1.946831748693816e-06	13.149307250976562	2.0
6782	1	1.392514022006346e-06	13.484399795532227	0.0
6783	1	1.4480793791060066e-06	13.445272445678711	2.0
6784	1	8.360013726224165e-07	13.994635581970215	1.0
6785	1	9.049326884304862e-07	13.9154052734375	1.0
6786	1	2.273245990856453e-06	12.994301795959473	1.0
6787	1	1.6027294881233603e-06	13.343802452087402	2.0
6788	1	1.052631459860785e-06	13.764217376708984	1.0
6789	1	1.6372218186238037e-06	13.322509765625	3.0
6790	1	2.2704185937400047e-06	12.995546340942383	2.0
6791	1	1.4012623958817747e-06	13.478137016296387	2.0
6792	1	2.44749048656985e-06	12.92044734954834	2.0
6793	1	8.198816824336261e-07	14.014105796813965	1.0
6794	1	1.8546316034523617e-06	13.197824478149414	3.0
6795	1	1.5359886284806309e-06	13.386336326599121	1.0
6796	1	1.9419863791118567e-06	13.151799201965332	1.0
6797	1	1.7776417512531998e-06	13.240222930908203	2.0
6798	1	2.0655665508058313e-06	13.090106010437012	3.0
6799	1	8.148632313658352e-07	14.020245552062988	3.0
6800	1	1.962697944631703e-06	13.141190528869629	3.0
6801	1	1.561203919115177e-06	13.3700532913208	1.0
6802	1	1.5085484233548467e-06	13.404362678527832	2.0
6803	1	1.4432374338608817e-06	13.44862174987793	2.0
6804	1	2.3082187752798e-06	12.979034423828125	3.0
6805	1	2.9417764471820225e-06	12.736496925354004	3.0
6806	1	2.2968924071468985e-06	12.983953475952148	2.0
6807	1	1.1724544676280913e-06	13.656411170959473	1.0
6808	1	2.275753507186757e-06	12.993199348449707	1.0
6809	1	1.807678968972957e-06	13.223466873168945	3.0
6810	1	3.132583016266911e-06	12.673652648925781	3.0
6811	1	2.417428913501096e-06	12.932806015014648	3.0
6812	1	1.1688439743689345e-06	13.65949535369873	1.0
6813	1	2.2221539672286177e-06	13.017033576965332	1.0
6814	1	7.318611282729127e-07	14.12767505645752	2.0
6815	1	2.6690500961350342e-06	12.83378791809082	2.0
6816	1	2.835318056932593e-06	12.773356437683105	3.0
6817	1	1.2298706334977845e-06	13.608601570129395	1.0
6818	1	2.2876234934330175e-06	12.987997055053711	3.0
6819	1	1.6023413007261726e-06	13.34404468536377	1.0
6820	1	1.075714892954932e-06	13.742525100708008	1.0
6821	1	1.0165120995698673e-06	13.79913330078125	1.0
6822	1	1.542267984256086e-06	13.382256507873535	3.0
6823	1	1.4198922341303935e-06	13.464929580688477	1.0
6824	1	1.4746038766935628e-06	13.42712116241455	1.0
6825	1	1.473983832385598e-06	13.427541732788086	3.0
6826	1	2.2262414418326336e-06	13.015195846557617	2.0
6827	1	1.4258655767807196e-06	13.460731506347656	2.0
6828	1	8.767972886142652e-07	13.946990013122559	1.0
6829	1	1.3990871751377774e-06	13.479690551757812	1.0
6830	1	1.6452167866754677e-06	13.317638397216797	2.0
6831	1	1.4404625730887884e-06	13.450546264648438	3.0
6832	1	1.5318969503970868e-06	13.38900375366211	2.0
6833	1	1.0326114159011938e-06	13.783419609069824	1.0
6834	1	8.583473776169089e-07	13.968256950378418	1.0
6835	1	4.4907903837597056e-07	14.616066932678223	1.0
6836	1	1.4118297920520047e-06	13.470623970031738	2.0
6837	1	1.893911044371891e-06	13.17686653137207	1.0
6838	1	1.9807664892929896e-06	13.132026672363281	2.0
6839	1	1.5249019627288762e-06	13.393580436706543	1.0
6840	1	1.8234454997800938e-06	13.21478271484375	2.0
6841	1	1.2569354855005523e-06	13.586833953857422	1.0
6842	1	2.6997266285711816e-06	12.822360038757324	1.0
6843	1	1.7818799378307496e-06	13.237841606140137	1.0
6844	1	1.2097794602208732e-06	13.625072479248047	1.0
6845	1	1.8094365146290275e-06	13.222495079040527	3.0
6846	1	1.714975775046927e-06	13.276111602783203	1.0
6847	1	1.1452279645561335e-06	13.679906845092773	1.0
6848	1	1.7512907495959526e-06	13.255157470703125	2.0
6849	1	2.6252957506764313e-06	12.850317001342773	3.0
6850	1	1.3020434269451896e-06	13.551575660705566	2.0
6851	1	1.2272906263710582e-06	13.610701560974121	2.0
6852	1	1.981061196170599e-06	13.131877899169922	3.0
6853	1	9.16205065095178e-07	13.90302562713623	3.0
6854	1	2.5926941879387666e-06	12.862812995910645	2.0
6855	1	1.6721677920937148e-06	13.301389694213867	2.0
6856	1	9.410340560726687e-07	13.876286506652832	1.0
6857	1	2.61627551179431e-06	12.853758811950684	2.0
6858	1	1.3379753394348453e-06	13.52435302734375	3.0
6859	1	1.4824733152695804e-06	13.421798706054688	2.0
6860	1	1.6274937934355525e-06	13.328469276428223	2.0
6861	1	1.143977016295385e-06	13.680999755859375	1.0
6862	1	1.4995863783371694e-06	13.410321235656738	2.0
6863	1	2.2057822113085555e-06	13.024428367614746	3.0
6864	1	3.2971022010693924e-07	14.92505168914795	0.0
6865	1	1.2112582986567168e-06	13.62385082244873	2.0
6866	1	2.071688134706528e-06	13.087146759033203	2.0
6867	1	1.7301465873512845e-06	13.267304420471191	2.0
6868	1	1.6016064475348492e-06	13.344503402709961	2.0
6869	1	1.9542594594035537e-06	13.145499229431152	1.0
6870	1	1.1941193644567279e-06	13.638101577758789	2.0
6871	1	1.6648815654750204e-06	13.305756568908691	2.0
6872	1	3.1848254466662585e-06	12.657113075256348	3.0
6873	1	2.3356634268502674e-06	12.967214584350586	2.0
6874	1	1.659017225281657e-06	13.309285163879395	2.0
6875	1	6.548097081257149e-07	14.238921165466309	1.0
6876	1	1.520886231167071e-06	13.396217346191406	2.0
6877	1	2.8906662330498622e-06	12.754023551940918	2.0
6878	1	1.3843627747614084e-06	13.490270614624023	2.0
6879	1	2.170385958767947e-06	13.040605545043945	3.0
6880	1	2.3598150762937535e-06	12.956927299499512	2.0
6881	1	1.8043961295592125e-06	13.225284576416016	2.0
6882	1	1.6892620898107972e-06	13.291218757629395	2.0
6883	1	1.5213417344277113e-06	13.395917892456055	1.0
6884	1	1.119649776314907e-06	13.702494621276855	2.0
6885	1	1.130785150693643e-06	13.692598342895508	1.0
6886	1	1.7311682366231636e-06	13.266714096069336	2.0
6887	1	8.647965494137778e-07	13.960771560668945	1.0
6888	1	2.6387724660064848e-06	12.845196723937988	2.0
6889	1	1.7590641783405048e-06	13.250728607177734	2.0
6890	1	2.88962436778523e-06	12.75438404083252	2.0
6891	1	1.639029328137761e-06	13.321406364440918	1.0
6892	1	2.137731897466006e-06	13.055765151977539	1.0
6893	1	1.656718355785129e-06	13.31067180633545	2.0
6894	1	1.4459417953810023e-06	13.446749687194824	2.0
6895	1	2.2189097062797e-06	13.018494606018066	2.0
6896	1	1.6135123554003932e-06	13.33709716796875	3.0
6897	1	2.347548115382032e-06	12.962139129638672	2.0
6898	1	1.21139345827093e-06	13.623739242553711	3.0
6899	1	2.667706460860836e-06	12.834291458129883	3.0
6900	1	2.348078770082844e-06	12.961913108825684	2.0
6901	1	1.210750141070694e-06	13.62427043914795	2.0
6902	1	1.8983304827800393e-06	13.174535751342773	1.0
6903	1	2.906270074078466e-06	12.748640060424805	2.0
6904	1	3.0150302005788037e-06	12.71190071105957	3.0
6905	1	1.0508511021871062e-06	13.765910148620605	1.0
6907	1	1.4804783777741638e-06	13.423145294189453	1.0
6908	1	1.4016125627916373e-06	13.477887153625488	2.0
6909	1	1.2628084436946482e-06	13.582172393798828	1.0
6910	1	2.0289692844646454e-06	13.107982635498047	2.0
6911	1	2.5003250532743376e-06	12.899089813232422	1.0
6912	1	1.5557656009098304e-06	13.373542785644531	2.0
6913	1	1.6131707856645607e-06	13.337308883666992	2.0
6914	1	3.4497542363201984e-06	12.577207565307617	1.0
6915	1	2.2278024741966403e-06	13.014494895935059	3.0
6916	1	1.014519954224723e-06	13.801095008850098	1.0
6917	1	2.9998263970791633e-06	12.71695613861084	3.0
6918	1	1.3796825629246662e-06	13.493657112121582	1.0
6919	1	1.9205333953993597e-06	13.162907600402832	3.0
6920	1	1.8734125277951561e-06	13.187748908996582	2.0
6921	1	2.0738408068120983e-06	13.086108207702637	3.0
6922	1	1.3646065755377036e-06	13.504644393920898	1.0
6923	1	1.1793928474514843e-06	13.650510787963867	3.0
6924	1	1.7778451978481183e-06	13.240108489990234	2.0
6925	1	1.5984523988566435e-06	13.346474647521973	1.0
6926	1	3.5911884739540005e-06	12.537027359008789	3.0
6927	1	1.0583832165345671e-06	13.758768081665039	1.0
6928	1	8.470037566244854e-07	13.981560707092285	0.0
6929	1	1.7829695433749797e-06	13.23723030090332	2.0
6930	1	2.7106627024177064e-06	12.818317413330078	2.0
6931	1	3.3343278828390155e-06	12.611239433288574	3.0
6932	1	1.9401925982312456e-06	13.15272331237793	2.0
6933	1	1.8704508597499613e-06	13.1893310546875	3.0
6934	1	1.350776981403204e-06	13.514830589294434	1.0
6935	1	1.910990925348943e-06	13.167888641357422	2.0
6936	1	1.15096198945896e-06	13.674912452697754	2.0
6937	1	2.61290683638351e-06	12.855047225952148	2.0
6938	1	2.096474388688295e-06	13.0752534866333	2.0
6939	1	1.2379112016632638e-06	13.60208511352539	2.0
6940	1	1.8162620766906304e-06	13.218729972839355	3.0
6941	1	2.2704272547161256e-06	12.995542526245117	2.0
6942	1	1.0554218883450938e-06	13.76156997680664	2.0
6943	1	1.6201781690069828e-06	13.332974433898926	1.0
6944	1	2.5801466045963003e-06	12.867664337158203	3.0
6945	1	2.2256979921973896e-06	13.015439987182617	2.0
6946	1	1.4763754614620497e-06	13.425920486450195	3.0
6947	1	1.600728427006666e-06	13.345051765441895	1.0
6948	1	9.121275840050453e-07	13.907485961914062	1.0
6949	1	2.068837164635035e-06	13.088523864746094	3.0
6950	1	1.4178327664844385e-06	13.466381072998047	1.0
6951	1	1.029442358968733e-06	13.786493301391602	0.0
6952	1	1.5909046629043795e-06	13.351207733154297	1.0
6953	1	8.446612501967879e-07	13.984330177307129	1.0
6954	1	2.850882671757383e-07	15.070466995239258	1.0
6955	1	1.8199882248968442e-06	13.216680526733398	2.0
6956	1	1.5254270409108286e-06	13.39323616027832	2.0
6957	1	2.331584055180491e-06	12.968962669372559	3.0
6958	1	2.1138907271576258e-06	13.066980361938477	3.0
6959	1	1.54345686591825e-06	13.381485939025879	2.0
6960	1	1.4794903816467272e-06	13.423812866210938	2.0
6961	1	1.8852935835446046e-06	13.181427001953125	3.0
6962	1	1.2090908761069037e-06	13.625641822814941	1.0
6963	1	1.410726154471992e-06	13.471405982971191	2.0
6964	1	1.2017370845681432e-06	13.631742477416992	2.0
6965	1	3.548889541166943e-06	12.54887580871582	3.0
6966	1	7.881304472230208e-07	14.05360221862793	1.0
6967	1	2.6446878978639604e-06	12.842957496643066	3.0
6968	1	2.534589230278798e-06	12.885478973388672	3.0
6969	1	1.5713222407286341e-06	13.363593101501465	2.0
6970	1	1.4070862420877216e-06	13.473989486694336	2.0
6971	1	1.3013631392188891e-06	13.552098274230957	2.0
6972	1	2.0494941389288743e-06	13.097917556762695	2.0
6973	1	1.5177985031720757e-06	13.398249626159668	1.0
6974	1	2.720132878785399e-06	12.81482982635498	1.0
6975	1	1.7949684560026227e-06	13.230523109436035	2.0
6976	1	1.3592748118816722e-06	13.508559226989746	1.0
6977	1	6.14693453347047e-07	14.302142143249512	1.0
6978	1	9.205114379746902e-07	13.898336410522461	1.0
6979	1	2.0395034553826404e-06	13.102804183959961	3.0
6980	1	1.6276893696637214e-06	13.328349113464355	1.0
6981	1	1.8972608443299226e-06	13.17509937286377	2.0
6982	1	2.58261824972156e-06	12.866706848144531	3.0
6983	1	1.2061644498012028e-06	13.62806510925293	1.0
6984	1	1.5641203781388272e-06	13.368186950683594	1.0
6985	1	1.1157985215134832e-06	13.705940246582031	1.0
6986	1	2.0385525613339334e-06	13.103270530700684	3.0
6987	1	5.308295408935302e-07	14.448824882507324	1.0
6988	1	2.045977015832194e-06	13.099635124206543	2.0
6989	1	3.2750729386365902e-06	12.629170417785645	3.0
6990	1	1.3774961752520007e-06	13.495243072509766	1.0
6991	1	2.007657943457275e-06	13.118541717529297	1.0
6992	1	1.0535082011832477e-06	13.763384819030762	2.0
6993	1	1.0357171334203703e-06	13.780416488647461	1.0
6994	1	1.7623099202824317e-06	13.248885154724121	1.0
6995	1	1.6504750490833973e-06	13.314447402954102	1.0
6996	1	1.7664509059654164e-06	13.246538162231445	2.0
6997	1	1.745408323004765e-06	13.258522033691406	2.0
6998	1	7.858330939657539e-07	14.05652141571045	1.0
6999	1	8.538007683999101e-07	13.973567962646484	1.0
7000	1	1.937467154613189e-06	13.154129028320312	2.0
7001	1	1.8705917853332387e-06	13.189255714416504	2.0
7002	1	1.3267961203018602e-06	13.532743453979492	2.0
7003	1	2.5260516848022134e-06	12.888853073120117	3.0
7004	1	1.6513472841574717e-06	13.313919067382812	2.0
7005	1	1.2797586235317323e-06	13.568839073181152	1.0
7006	1	2.163007127022162e-06	13.044011116027832	1.0
7007	1	1.1554799506613069e-06	13.670994758605957	2.0
7008	1	1.887785397981362e-06	13.180106163024902	1.0
7009	1	6.701066919190076e-07	14.215828895568848	1.0
7010	1	1.5231622069005737e-06	13.394721984863281	1.0
7011	1	1.403557446395601e-06	13.476500511169434	1.0
7012	1	1.3046872573706358e-06	13.54954719543457	1.0
7013	1	1.7308446766098608e-06	13.266901016235352	1.0
7014	1	9.76928931885173e-07	13.838851928710938	1.0
7015	1	1.1593808172700547e-06	13.667624473571777	2.0
7016	1	1.484958022248803e-06	13.420124053955078	1.0
7017	1	1.778264032045984e-06	13.239872932434082	2.0
7018	1	1.28491327015528e-06	13.5648193359375	2.0
7019	1	1.1750278909089813e-06	13.654218673706055	2.0
7020	1	1.9060184370986246e-06	13.170494079589844	3.0
7021	1	1.3900713100425091e-06	13.48615550994873	3.0
7022	1	2.7386423630662896e-06	12.808048248291016	2.0
7023	1	1.7748568760763028e-06	13.241790771484375	1.0
7024	1	2.5527695421698587e-07	15.180916786193848	0.0
7025	1	1.1564798531057996e-06	13.670129776000977	2.0
7026	1	1.997263494966054e-06	13.123732566833496	3.0
7027	1	2.005954626304947e-06	13.119390487670898	3.0
7028	1	1.4595189265658083e-06	13.437403678894043	3.0
7029	1	4.230461526701696e-06	12.373199462890625	2.0
7030	1	1.937923593397947e-06	13.15389347076416	1.0
7031	1	1.5608987285325538e-06	13.370248794555664	1.0
7032	1	2.0499554646231275e-06	13.097692489624023	2.0
7033	1	3.948917553677594e-06	12.442069053649902	3.0
7034	1	4.715380890500486e-06	12.264680862426758	3.0
7035	1	1.509600453317145e-06	13.403665542602539	2.0
7036	1	3.528156068426495e-06	12.55473518371582	3.0
7037	1	9.210110804838126e-07	13.897793769836426	1.0
7038	1	1.5945790182239763e-06	13.34890079498291	2.0
7039	1	1.2169863068231418e-06	13.619132995605469	1.0
7040	1	2.8995925731008183e-06	12.750940322875977	3.0
7041	1	2.39569240508277e-06	12.941838264465332	2.0
7042	1	1.7644288369367342e-06	13.24768352508545	2.0
7043	1	1.167871249324469e-06	13.660327911376953	2.0
7044	1	1.011343725548303e-06	13.804230690002441	1.0
7045	1	1.4759981706747793e-06	13.426176071166992	1.0
7046	1	1.0616211166005265e-06	13.75571346282959	1.0
7047	1	1.968892041467119e-06	13.138039588928223	2.0
7048	1	7.811519206828613e-07	14.062496185302734	1.0
7049	1	1.5199538904798203e-06	13.396830558776855	2.0
7050	1	2.747445095751359e-06	12.804839134216309	3.0
7051	1	1.927842385068944e-06	13.159109115600586	1.0
7052	1	1.3657705145228858e-06	13.503791809082031	1.0
7053	1	2.314297921521897e-06	12.976404190063477	3.0
7054	1	2.591060323717795e-06	12.863443374633789	3.0
7055	1	1.0253673361195081e-06	13.790459632873535	1.0
7056	1	1.97330954188831e-06	13.135798454284668	3.0
7057	1	1.723486852473022e-06	13.271161079406738	2.0
7058	1	1.163084085346102e-06	13.664435386657715	1.0
7059	1	2.1131328608455705e-06	13.067338943481445	3.0
7060	1	1.6753842090279801e-06	13.299468040466309	1.0
7061	1	2.141306685489599e-06	13.054094314575195	2.0
7062	1	1.7768739501650103e-06	13.240654945373535	1.0
7063	1	1.3089957165843166e-06	13.546250343322754	2.0
7064	1	2.2043522284966425e-06	13.025076866149902	1.0
7065	1	2.3853627165105384e-06	12.946159362792969	3.0
7066	1	1.7169395325235507e-06	13.274967193603516	2.0
7067	1	1.1089867588723088e-06	13.712063789367676	1.0
7068	1	1.4000561931222516e-06	13.478998184204102	2.0
7069	1	1.9513560678109058e-06	13.14698600769043	2.0
7070	1	1.1445499249920732e-06	13.680499076843262	1.0
7071	1	1.6213853590429789e-06	13.332229614257812	1.0
7072	1	2.2074930995264654e-06	13.023653030395508	2.0
7073	1	1.8480565929856302e-06	13.201375961303711	2.0
7074	1	9.70557597139437e-07	13.8453950881958	1.0
7075	1	1.7710356394740228e-06	13.243946075439453	3.0
7076	1	1.6157635993164107e-06	13.335702896118164	2.0
7077	1	7.079485651953185e-07	14.160894393920898	2.0
7078	1	1.3024073033160972e-06	13.55129623413086	1.0
7079	1	1.3298757093469663e-06	13.530425071716309	3.0
7080	1	1.7673996010469614e-06	13.246001243591309	2.0
7081	1	1.1448807057253154e-06	13.68021011352539	2.0
7082	1	2.4790864564306444e-06	12.907620429992676	3.0
7083	1	1.1409840122805724e-06	13.683619499206543	1.0
7084	1	9.673473978812562e-07	13.848708152770996	1.0
7085	1	2.132761218665008e-06	13.058093070983887	3.0
7086	1	1.354804738995969e-06	13.511853218078613	1.0
7087	1	1.3699514141215678e-06	13.50073528289795	3.0
7088	1	1.2674366295754726e-06	13.578514099121094	2.0
7089	1	1.478054729540104e-06	13.424783706665039	1.0
7090	1	1.6206603188944327e-06	13.332676887512207	1.0
7091	1	1.226356974117579e-06	13.611462593078613	1.0
7092	1	1.4645146551201817e-06	13.43398666381836	1.0
7093	1	8.974538420844647e-07	13.923704147338867	1.0
7094	1	8.039968984573165e-07	14.033670425415039	1.0
7095	1	2.1286829659358642e-06	13.060007095336914	2.0
7096	1	1.5429417675793147e-06	13.381819725036621	2.0
7097	1	2.3074880630293212e-06	12.979351043701172	2.0
7098	1	6.120103472297439e-07	14.306516647338867	2.0
7099	1	2.231495959269568e-06	13.012838363647461	2.0
7100	1	9.529469618293239e-07	13.863706588745117	1.0
7101	1	1.2876721270909863e-06	13.562674522399902	1.0
7102	1	1.1475380560335927e-06	13.677891731262207	1.0
7103	1	1.3861502005347873e-06	13.488980293273926	2.0
7104	1	1.5098999337927898e-06	13.403467178344727	1.0
7105	1	1.8189835458837122e-06	13.217232704162598	1.0
7106	1	9.112755070458363e-07	13.90842056274414	2.0
7107	1	2.1096131549176375e-06	13.069005966186523	3.0
7108	1	1.5849652996765357e-06	13.354948043823242	1.0
7109	1	1.751915501222881e-06	13.254800796508789	1.0
7110	1	1.6622051766756717e-06	13.307365417480469	2.0
7111	1	2.039579312653804e-06	13.102766990661621	3.0
7112	1	1.326964420049038e-06	13.53261661529541	1.0
7113	1	1.814456371129539e-06	13.219724655151367	2.0
7114	1	5.582161879526556e-07	14.398519515991211	1.0
7115	1	1.658022343734517e-06	13.309885025024414	3.0
7116	1	9.311374439406954e-07	13.886858940124512	3.0
7117	1	1.1220548635496002e-06	13.700348854064941	1.0
7118	1	7.32901124719622e-07	14.12625503540039	1.0
7119	1	6.910722911756357e-07	14.18502140045166	1.0
7120	1	1.7264940562922996e-06	13.269417762756348	3.0
7121	1	1.8138266146819505e-06	13.220071792602539	2.0
7122	1	1.0861025360886436e-06	13.732914924621582	2.0
7123	1	1.8008984858621273e-07	15.529809951782227	1.0
7124	1	2.066216712771071e-06	13.089791297912598	3.0
7125	1	2.6565180382624166e-06	12.838494300842285	3.0
7126	1	1.4817482149360497e-06	13.422287940979004	3.0
7127	1	2.6333373342896594e-06	12.847258567810059	2.0
7128	1	2.2467618728659387e-06	13.006020545959473	2.0
7129	1	2.0740207915748704e-06	13.086021423339844	3.0
7130	1	2.1295113957672052e-06	13.05961799621582	3.0
7131	1	1.175993118501149e-06	13.653397560119629	3.0
7132	1	1.1323283157839612e-06	13.691234588623047	1.0
7133	1	2.5982585233925707e-06	12.860669136047363	2.0
7134	1	9.793346713305633e-07	13.836392402648926	1.0
7135	1	5.073623018770427e-07	14.494040489196777	1.0
7136	1	1.2303997233843777e-06	13.608171463012695	2.0
7137	1	1.000595077909465e-06	13.814915657043457	0.0
7138	1	1.4275609088227997e-06	13.459543228149414	1.0
7139	1	3.0117713084026157e-06	12.712982177734375	3.0
7140	1	1.4328789984740608e-06	13.455824851989746	2.0
7141	1	1.1727810098887428e-06	13.656132698059082	1.0
7142	1	1.4429910831417687e-06	13.448792457580566	2.0
7143	1	1.031600547105541e-06	13.784399032592773	2.0
7144	1	2.7596427720834462e-06	12.800409317016602	3.0
7145	1	1.561729582260039e-06	13.36971664428711	1.0
7146	1	2.6186818698267484e-06	12.852839469909668	2.0
7147	1	2.894638686059581e-06	12.752650260925293	3.0
7148	1	2.1615718915759773e-06	13.04467487335205	1.0
7149	1	1.9166288136961978e-06	13.164942741394043	3.0
7150	1	1.0169203079553674e-06	13.798731803894043	1.0
7151	1	2.937204238984471e-06	12.738052368164062	3.0
7152	1	1.5919898343546905e-06	13.350525856018066	1.0
7153	1	3.148768944069496e-06	12.668498992919922	3.0
7154	1	2.2689878211775495e-06	12.996176719665527	3.0
7155	1	1.422082170639101e-06	13.463388442993164	3.0
7156	1	1.6684085239158062e-06	13.303640365600586	1.0
7157	1	1.3555685513339306e-06	13.511289596557617	2.0
7158	1	1.5676925050843497e-06	13.36590576171875	2.0
7159	1	1.6462228237794066e-06	13.31702709197998	3.0
7160	1	1.0632726784274406e-06	13.754158973693848	1.0
7161	1	7.25073064750691e-07	14.136993408203125	3.0
7162	1	1.824694510068679e-06	13.21409797668457	2.0
7163	1	1.8312772157182202e-06	13.21049690246582	2.0
7164	1	1.8615548611464312e-06	13.194098472595215	2.0
7165	1	1.4505700736423742e-06	13.443553924560547	3.0
7166	1	2.5701267829952935e-06	12.87155532836914	2.0
7167	1	2.0947456608053285e-06	13.076078414916992	3.0
7168	1	1.4313274951693236e-06	13.456908226013184	1.0
7169	1	1.3436758241303776e-06	13.520101547241211	2.0
7170	1	7.840694217231431e-07	14.058768272399902	1.0
7171	1	1.8631000279095393e-06	13.193268775939941	2.0
7172	1	1.4280633642222553e-06	13.45919132232666	2.0
7173	1	1.7688311900675195e-06	13.24519157409668	3.0
7174	1	1.7111888076413843e-06	13.278322219848633	3.0
7175	1	5.185536577218086e-07	14.472222328186035	2.0
7176	1	1.659510933309421e-06	13.308987617492676	1.0
7177	1	1.2241473572492107e-06	13.613265991210938	2.0
7178	1	1.3423694019375417e-06	13.521074295043945	1.0
7179	1	7.476813817753655e-07	14.10628890991211	1.0
7180	1	1.5042429035546772e-06	13.407220840454102	1.0
7181	1	1.877764434311324e-06	13.185428619384766	3.0
7182	1	2.7275439832256866e-06	12.812108993530273	1.0
7183	1	2.7212693410626395e-06	12.814412117004395	3.0
7184	1	1.5376491811251075e-06	13.385255813598633	2.0
7185	1	2.6287079745245957e-06	12.849018096923828	3.0
7186	1	2.3541079817214265e-06	12.959348678588867	2.0
7187	1	1.9977016329626033e-06	13.123513221740723	3.0
7188	1	1.5254808680023402e-06	13.393200874328613	3.0
7189	1	2.4050642927445184e-06	12.937933921813965	1.0
7190	1	2.497250945043402e-06	12.900320053100586	1.0
7191	1	8.853366922707109e-07	13.937297821044922	1.0
7192	1	7.64642420701637e-07	14.083857536315918	0.0
7193	1	1.4233589306911413e-06	13.462491035461426	1.0
7194	1	1.519906056379937e-06	13.396862030029297	1.0
7195	1	1.4696297928090138e-06	13.430500030517578	1.0
7196	1	1.5080636715260691e-06	13.404684066772461	2.0
7197	1	2.2867837132192917e-06	12.988364219665527	3.0
7198	1	2.0786920053716016e-06	13.083771705627441	2.0
7199	1	2.0963224433075635e-06	13.075325965881348	1.0
7200	1	2.5639844152267993e-06	12.873948097229004	2.0
7201	1	2.4199269947002055e-06	12.93177318572998	1.0
7202	1	2.4868224771683475e-06	12.904504776000977	2.0
7203	1	1.0596395966493914e-06	13.75758171081543	1.0
7204	1	2.406238927296386e-06	12.937445640563965	3.0
7205	1	1.0992007441740087e-06	13.720927238464355	1.0
7206	1	8.903050677894633e-07	13.93170166015625	1.0
7207	1	1.1698465162076956e-06	13.658638000488281	1.0
7208	1	1.0871367446908297e-06	13.731963157653809	1.0
7209	1	3.5922194940152604e-06	12.53674030303955	3.0
7210	1	2.3119838454945705e-06	12.977404594421387	2.0
7211	1	2.1517447587328233e-06	13.04923152923584	3.0
7212	1	2.0146144097885625e-06	13.115082740783691	3.0
7213	1	2.0544901844237777e-06	13.09548282623291	1.0
7214	1	1.0605666772946173e-06	13.756707191467285	2.0
7215	1	1.5668838818716662e-06	13.366421699523926	2.0
7216	1	1.5648947420448396e-06	13.367691993713379	2.0
7217	1	2.433683643899793e-06	12.926104545593262	3.0
7218	1	2.4432041523200196e-06	12.922200202941895	3.0
7219	1	2.1448322229564213e-06	13.052449226379395	2.0
7220	1	1.2492347037391612e-06	13.592979431152344	1.0
7221	1	1.7542076069436419e-06	13.253493309020996	1.0
7222	1	2.3540585910885123e-06	12.959369659423828	3.0
7223	1	4.681405699908807e-07	14.57449722290039	1.0
7224	1	1.7150281127527304e-06	13.276081085205078	3.0
7225	1	1.2034321641623108e-06	13.630332946777344	1.0
7226	1	1.398453538750728e-06	13.480143547058105	2.0
7227	1	1.0530622071650115e-06	13.763808250427246	1.0
7228	1	1.6334834738723942e-06	13.324795722961426	2.0
7229	1	2.155647214305699e-06	13.047419548034668	3.0
7230	1	1.3662173451901556e-06	13.503464698791504	1.0
7231	1	1.8958862221545496e-06	13.175824165344238	3.0
7232	1	1.2191178881567568e-06	13.617383003234863	1.0
7233	1	5.764238171226369e-07	14.366422653198242	1.0
7234	1	1.8933205174522018e-06	13.177178382873535	1.0
7235	1	1.349637404210229e-06	13.515674591064453	2.0
7236	1	1.204713659488119e-06	13.629268646240234	1.0
7237	1	1.1924499115239876e-06	13.639500617980957	1.0
7238	1	8.113628778766759e-07	14.024550437927246	1.0
7239	1	1.7989271082108565e-06	13.228320121765137	2.0
7240	1	2.2130980082105893e-06	13.021117210388184	1.0
7241	1	2.5346375741928707e-06	12.885459899902344	2.0
7242	1	2.1476097244964842e-06	13.051155090332031	2.0
7243	1	2.2638090946546938e-06	12.998461723327637	2.0
7244	1	2.580776600101557e-06	12.867420196533203	3.0
7245	1	7.841292437547257e-07	14.05869197845459	2.0
7246	1	1.561722135370835e-06	13.369721412658691	3.0
7247	1	1.7399637631127733e-06	13.261646270751953	1.0
7248	1	2.143650266276117e-06	13.053000450134277	3.0
7249	1	3.1782261957010974e-06	12.659187316894531	2.0
7250	1	1.3011670638884825e-06	13.55224895477295	2.0
7251	1	1.8308511334346465e-06	13.210729598999023	1.0
7253	1	2.059378602713138e-06	13.093106269836426	1.0
7254	1	1.0045371620187508e-06	13.810983657836914	1.0
7255	1	1.6464347820810354e-06	13.316898345947266	2.0
7256	1	1.982941929094911e-06	13.130928993225098	3.0
7257	1	9.806281341453612e-07	13.83507251739502	1.0
7258	1	2.246414785665185e-06	13.00617504119873	1.0
7259	1	2.371675635075675e-06	12.951913833618164	1.0
7260	1	1.2624110845917046e-06	13.582487106323242	2.0
7261	1	2.639910182547871e-06	12.844765663146973	2.0
7262	1	1.0063436588522413e-06	13.809186935424805	1.0
7263	1	1.8410430705333273e-06	13.205178260803223	2.0
7264	1	1.5844272825235467e-06	13.355287551879883	1.0
7265	1	2.6645332838970725e-06	12.835481643676758	3.0
7266	1	9.944116908812959e-07	13.821114540100098	2.0
7267	1	1.2884042349546245e-06	13.562106132507324	2.0
7268	1	1.6325926488411779e-06	13.32534122467041	1.0
7269	1	9.378678415965037e-07	13.879656791687012	2.0
7270	1	1.962784048152878e-06	13.141146659851074	1.0
7271	1	2.197865886956836e-06	13.028023719787598	3.0
7272	1	2.985547618339099e-06	12.72172737121582	3.0
7273	1	1.8105792312009027e-06	13.221863746643066	2.0
7274	1	1.4946320743339412e-06	13.413630485534668	0.0
7275	1	2.3959551611774965e-06	12.941728591918945	3.0
7276	1	1.9868622275453036e-06	13.12895393371582	2.0
7277	1	1.1468498989613266e-06	13.678491592407227	2.0
7278	1	3.1545518276001848e-06	12.666664123535156	2.0
7279	1	1.2583303552443334e-06	13.585724830627441	1.0
7280	1	2.7620808956834785e-06	12.79952621459961	3.0
7281	1	1.4760685534301433e-06	13.426128387451172	2.0
7282	1	1.341504873759672e-07	15.82430362701416	1.0
7283	1	1.6320540289699079e-06	13.325671195983887	1.0
7284	1	2.9034083848148037e-06	12.749625205993652	3.0
7285	1	2.091392203303291e-06	13.077680587768555	3.0
7286	1	1.6030107534789193e-06	13.343626976013184	1.0
7287	1	2.163143276393563e-06	13.04394817352295	2.0
7288	1	3.051900044651594e-08	17.304916381835938	1.0
7289	1	1.9914377926057065e-06	13.126653671264648	2.0
7290	1	1.2273924584882629e-06	13.610618591308594	1.0
7291	1	2.1062459395314286e-06	13.070603370666504	2.0
7292	1	1.3111083889524847e-06	13.544637680053711	2.0
7293	1	1.6138124425346514e-06	13.33691120147705	2.0
7294	1	2.2968223126229815e-06	12.983983993530273	2.0
7295	1	3.059897162555394e-06	12.697129249572754	3.0
7296	1	9.790517204178154e-07	13.836681365966797	2.0
7297	1	1.3199834122272607e-06	13.537891387939453	1.0
7298	1	1.7305574852308964e-06	13.267066955566406	2.0
7299	1	1.0252851986240734e-06	13.790539741516113	1.0
7300	1	1.9139711512784255e-06	13.166330337524414	2.0
7301	1	1.5688112149742939e-06	13.365192413330078	3.0
7302	1	1.8442272499151337e-06	13.203450202941895	3.0
7303	1	1.3815482662640187e-06	13.492305755615234	2.0
7304	1	9.092511109489813e-07	13.91064453125	0.0
7305	1	1.7134766511520173e-06	13.276986122131348	0.0
7306	1	1.042279617555044e-06	13.774100303649902	1.0
7307	1	2.8700862398400746e-06	12.761168479919434	3.0
7308	1	9.566602684803888e-07	13.859817504882812	2.0
7309	1	2.868854796708241e-06	12.761597633361816	3.0
7310	1	2.149544020561508e-06	13.050254821777344	2.0
7311	1	1.0280021543234822e-06	13.787893295288086	1.0
7312	1	2.3993438673739613e-06	12.940315246582031	2.0
7313	1	2.057268409865448e-06	13.094131469726562	2.0
7314	1	1.479123579609495e-06	13.424060821533203	2.0
7315	1	2.9076229468044208e-06	12.748174667358398	3.0
7316	1	2.2001433745357254e-06	13.02698802947998	1.0
7317	1	1.810959145694461e-06	13.221653938293457	2.0
7318	1	1.0379142117078265e-06	13.778297424316406	1.0
7319	1	2.307948032617027e-06	12.979151725769043	3.0
7320	1	1.603321119808229e-06	13.343433380126953	2.0
7321	1	2.168302629055961e-06	13.041565895080566	2.0
7322	1	6.896686072360422e-07	14.187054634094238	1.0
7323	1	1.373146884030795e-06	13.498405456542969	1.0
7324	1	1.7946997211170471e-06	13.230672836303711	1.0
7325	1	9.947303858218883e-07	13.820794105529785	1.0
7326	1	1.6669691830204379e-06	13.304503440856934	2.0
7327	1	1.8732606707901773e-06	13.187829971313477	2.0
7328	1	9.707381051144663e-07	13.845209121704102	1.0
7329	1	9.451623346185134e-07	13.871909141540527	1.0
7330	1	2.4774769309655498e-06	12.908269882202148	2.0
7331	1	1.2156569759379454e-06	13.62022590637207	0.0
7332	1	1.797068368953955e-06	13.229353904724121	3.0
7333	1	1.98331639844502e-06	13.13074016571045	2.0
7334	1	1.2990976664777325e-06	13.553840637207031	1.0
7335	1	2.185331762270917e-06	13.033742904663086	3.0
7336	1	1.7721355141359029e-06	13.243325233459473	3.0
7337	1	2.262473107276749e-06	12.999052047729492	2.0
7338	1	6.725613463855073e-07	14.212172508239746	1.0
7339	1	2.305407241676234e-06	12.980253219604492	2.0
7340	1	1.0626948464632588e-06	13.7547025680542	2.0
7341	1	9.698183277450543e-07	13.84615707397461	1.0
7342	1	8.792222102394707e-07	13.944228172302246	1.0
7343	1	1.2382937635387703e-06	13.601776123046875	1.0
7344	1	2.1581052782279374e-06	13.046279907226562	3.0
7345	1	7.618371659065888e-07	14.087532997131348	1.0
7346	1	2.6305436888940265e-06	12.848320007324219	1.0
7347	1	1.5412137658071358e-06	13.382940292358398	1.0
7348	1	6.022577437363297e-07	14.322580337524414	0.0
7349	1	1.0914957657896408e-06	13.727961540222168	1.0
7350	1	1.7386367823782317e-06	13.262409210205078	1.0
7351	1	1.2345735322764035e-06	13.604784965515137	1.0
7352	1	2.2010331998045157e-06	13.026583671569824	2.0
7353	1	2.422265948228463e-06	12.930807113647461	2.0
7354	1	3.1742792650302563e-06	12.660429954528809	3.0
7355	1	2.776511322950988e-06	12.794315338134766	3.0
7356	1	1.191314380886251e-06	13.640453338623047	2.0
7357	1	1.4983312611431483e-06	13.411158561706543	1.0
7358	1	1.4193073770410276e-06	13.465341567993164	1.0
7359	1	1.3296626573389825e-06	13.530585289001465	0.0
7360	1	1.9859794378449852e-06	13.129398345947266	2.0
7361	1	1.5908060476413375e-06	13.351269721984863	3.0
7362	1	1.0575387252572331e-06	13.759566307067871	2.0
7363	1	9.787277813419111e-07	13.83701229095459	1.0
7364	1	1.913794104869972e-06	13.166422843933105	3.0
7365	1	7.283226915516335e-07	14.132521629333496	2.0
7366	1	1.6891702649720753e-06	13.29127311706543	3.0
7367	1	1.389167493439251e-06	13.48680591583252	1.0
7368	1	1.7998366010493827e-06	13.227814674377441	1.0
7369	1	8.388628880523891e-07	13.991218566894531	1.0
7370	1	1.9227912075971362e-06	13.16173267364502	2.0
7371	1	1.8711306113963955e-06	13.18896770477295	3.0
7372	1	1.8601014441508662e-06	13.194879531860352	3.0
7373	1	1.4691967782235771e-06	13.430794715881348	3.0
7374	1	1.9588888407757697e-06	13.143133163452148	1.0
7375	1	2.6214129179741804e-06	12.851797103881836	2.0
7376	1	1.2703033285098015e-06	13.576254844665527	2.0
7377	1	1.5292564050067412e-06	13.390728950500488	2.0
7378	1	1.6664494172269013e-06	13.304815292358398	2.0
7379	1	3.198821552752648e-06	12.652728080749512	2.0
7380	1	1.4080084308327988e-06	13.473334312438965	2.0
7381	1	3.4590410606476347e-06	12.574519157409668	3.0
7382	1	2.32347991138378e-06	12.972444534301758	2.0
7383	1	1.3536888740756895e-06	13.512677192687988	1.0
7384	1	2.669052641540774e-06	12.833786964416504	1.0
7385	1	1.1493517771053646e-06	13.676312446594238	1.0
7386	1	1.338265021136256e-06	13.524136543273926	1.0
7387	1	2.5763010642354106e-06	12.869155883789062	3.0
7388	1	1.7169411699254665e-06	13.2749662399292	2.0
7389	1	3.735748310984287e-06	12.497562408447266	3.0
7390	1	1.032977817185721e-06	13.783064842224121	1.0
7391	1	2.3643677126600656e-06	12.954999923706055	3.0
7392	1	2.518491437779751e-06	12.891850471496582	3.0
7393	1	1.4263239068625232e-06	13.460410118103027	2.0
7394	1	9.884757690751441e-07	13.827101707458496	1.0
7395	1	1.23722430399094e-06	13.602640151977539	1.0
7396	1	1.5170951882442e-06	13.398713111877441	3.0
7397	1	1.4683843445002517e-06	13.431347846984863	2.0
7398	1	1.0344762921154618e-06	13.781615257263184	1.0
7399	1	1.2844391321965517e-06	13.56518840789795	1.0
7400	1	1.4440469713602055e-06	13.448060989379883	1.0
7401	1	1.315237348017391e-06	13.54149341583252	3.0
7402	1	1.6322501532024188e-06	13.32555103302002	2.0
7403	1	2.4001082454410385e-06	12.939996719360352	2.0
7404	1	1.645056756357625e-06	13.31773567199707	2.0
7405	1	1.7483303888692038e-06	13.25684928894043	3.0
7406	1	1.719179319532551e-06	13.273663520812988	1.0
7407	1	2.1654178248738605e-06	13.04289722442627	3.0
7408	1	2.8626427106349186e-06	12.763765335083008	1.0
7409	1	2.5243972228102283e-06	12.889508247375488	2.0
7410	1	2.655856889309485e-06	12.838743209838867	3.0
7411	1	7.387296489720565e-07	14.11833381652832	1.0
7412	1	9.040097375771993e-07	13.916425704956055	2.0
7413	1	2.106316244247738e-06	13.07056999206543	3.0
7414	1	1.3395074071844795e-06	13.523208618164062	1.0
7415	1	1.4901218252397455e-06	13.41665267944336	3.0
7416	1	1.58973077959944e-06	13.351945877075195	2.0
7417	1	2.6545629323263234e-06	12.83923053741455	3.0
7418	1	1.7490174670104569e-06	13.25645637512207	2.0
7419	1	2.5452325715028605e-06	12.881288528442383	3.0
7420	1	2.019743075360478e-06	13.112540245056152	3.0
7421	1	7.479523877998303e-07	14.105926513671875	1.0
7422	1	9.915234415396457e-07	13.824023246765137	0.0
7423	1	1.1857343421631775e-06	13.645148277282715	2.0
7424	1	3.6487608818439137e-06	12.521122932434082	3.0
7425	1	1.212668396844601e-06	13.622687339782715	1.0
7426	1	1.2899890263742845e-06	13.560876846313477	1.0
7427	1	9.442172629057782e-07	13.872909545898438	2.0
7428	1	4.712894739614614e-06	12.26520824432373	3.0
7429	1	2.1893306261887014e-06	13.031914710998535	3.0
7430	1	1.416282697575203e-06	13.467474937438965	1.0
7431	1	1.6013055758446952e-06	13.344691276550293	2.0
7432	1	4.7067881851199185e-07	14.569089889526367	1.0
7433	1	2.6834985979893765e-06	12.828389167785645	2.0
7434	1	1.1781877244308676e-06	13.651533126831055	1.0
7435	1	2.3937032486579853e-06	12.942668914794922	3.0
7436	1	2.2080342098097535e-06	13.023407936096191	2.0
7437	1	1.9931021721099507e-06	13.125818252563477	2.0
7438	1	9.639676147940032e-07	13.852208137512207	1.0
7439	1	1.4771627328718143e-06	13.425387382507324	2.0
7440	1	1.2340720698111054e-06	13.605191230773926	2.0
7441	1	8.623160141618685e-07	13.963644027709961	1.0
7442	1	1.5101893920450457e-06	13.403275489807129	1.0
7443	1	9.741931568147837e-08	16.144241333007812	3.0
7444	1	2.1668411486602947e-06	13.042240142822266	3.0
7445	1	1.0222312346511216e-06	13.793522834777832	1.0
7447	1	2.089647737601233e-06	13.07851505279541	1.0
7448	1	1.5952650055212878e-06	13.348470687866211	2.0
7449	1	1.6037401332027397e-06	13.343172073364258	3.0
7450	1	1.5060386063564852e-06	13.406027793884277	2.0
7451	1	9.979562680087304e-07	13.817556381225586	1.0
7452	1	1.7742713208352002e-06	13.242120742797852	2.0
7453	1	3.278610273652501e-08	17.233261108398438	3.0
7454	1	1.40890972554984e-06	13.472694396972656	1.0
7455	1	2.4208341388190886e-06	12.931398391723633	3.0
7456	1	2.169583008891048e-06	13.040975570678711	3.0
7457	1	6.337155939626e-07	14.271665573120117	0.0
7458	1	8.102099978039532e-07	14.025972366333008	2.0
7459	1	1.020539277383361e-06	13.79517936706543	1.0
7460	1	1.7679053304705896e-06	13.245715141296387	1.0
7461	1	2.146800869361275e-06	13.051531791687012	2.0
7462	1	1.1631284543291685e-06	13.664397239685059	2.0
7463	1	1.5856335414954632e-06	13.35452651977539	2.0
7464	1	1.5520326621149138e-06	13.375945091247559	2.0
7465	1	1.745256855428243e-06	13.2586088180542	2.0
7466	1	1.4870128838549956e-06	13.418741226196289	1.0
7467	1	1.888395809347889e-06	13.17978286743164	3.0
7468	1	1.4217418043641159e-06	13.463627815246582	1.0
7469	1	1.8143975384684273e-06	13.219757080078125	2.0
7470	1	2.3354050555241054e-06	12.967325210571289	2.0
7471	1	9.55659040906114e-07	13.860864639282227	1.0
7472	1	1.2343392556749326e-06	13.604974746704102	2.0
7473	1	1.2619741339914648e-06	13.582833290100098	3.0
7474	1	1.6679726144410955e-06	13.303901672363281	2.0
7475	1	1.3668037878948391e-06	13.503035545349121	2.0
7476	1	1.539650674775339e-06	13.383955001831055	2.0
7477	1	8.083654040236093e-07	14.028251647949219	1.0
7478	1	3.5816459152175498e-06	12.539688110351562	3.0
7479	1	1.3085027089883603e-06	13.546627044677734	1.0
7480	1	3.6446293040593616e-06	12.522255897521973	3.0
7481	1	1.4928172273690222e-06	13.41484546661377	1.0
7482	1	1.933743900271059e-06	13.156052589416504	2.0
7483	1	1.0332182155114997e-06	13.782832145690918	2.0
7484	1	1.1206678343936932e-06	13.70158576965332	1.0
7485	1	1.2926281038391762e-06	13.558833122253418	1.0
7486	1	1.443666927838526e-06	13.448324203491211	1.0
7487	1	2.3460486009486716e-06	12.962778091430664	3.0
7488	1	1.5333220203401066e-06	13.388073921203613	1.0
7489	1	1.2265359275807967e-06	13.611316680908203	1.0
7490	1	2.0882611788305395e-06	13.079178810119629	2.0
7491	1	2.9851547250618353e-06	12.721858978271484	3.0
7492	1	3.3582239165599924e-06	12.604098320007324	2.0
7493	1	3.266547929618668e-06	12.631776809692383	3.0
7494	1	1.773570939233586e-06	13.242515563964844	2.0
7495	1	1.5571549582143415e-06	13.372650146484375	2.0
7496	1	7.748261056903039e-07	14.070627212524414	1.0
7497	1	8.455994097608793e-07	13.983220100402832	1.0
7498	1	1.356480261281931e-06	13.51061725616455	2.0
7499	1	5.667402917290867e-07	14.3833646774292	1.0
7500	1	9.323387967889526e-07	13.88556957244873	1.0
7501	1	1.5636610138858703e-06	13.368480682373047	2.0
7502	1	2.993099492391773e-06	12.71920108795166	3.0
7503	1	2.5176917585050637e-06	12.892168045043945	3.0
7504	1	2.716467263972098e-06	12.816178321838379	3.0
7505	1	1.8143733138094942e-06	13.219770431518555	3.0
7506	1	1.0894460168978102e-06	13.729841232299805	1.0
7507	1	1.2179976168643718e-06	13.618302345275879	1.0
7508	1	1.2715759940417517e-06	13.5752534866333	1.0
7509	1	6.291270763919578e-07	14.278932571411133	1.0
7510	1	1.740773718643149e-06	13.261180877685547	2.0
7511	1	9.437464315155345e-07	13.873408317565918	1.0
7512	1	2.5623709231330496e-08	17.479747772216797	2.0
7513	1	1.038729163323119e-06	13.777512550354004	3.0
7514	1	2.2870759653765494e-06	12.988236427307129	3.0
7515	1	1.8180591762008607e-06	13.217741012573242	2.0
7516	1	1.5958538817664824e-06	13.348101615905762	3.0
7517	1	1.8828948395025614e-06	13.182700157165527	1.0
7518	1	1.1885103189432234e-06	13.642809867858887	1.0
7519	1	2.2561987104393055e-06	13.001829147338867	2.0
7520	1	1.4340970673221576e-06	13.454975128173828	1.0
7521	1	2.5068145198173602e-06	12.89649772644043	3.0
7522	1	1.3712519861252124e-06	13.499786376953125	2.0
7523	1	3.3038585919822364e-06	12.6204195022583	2.0
7524	1	6.181500940975399e-07	14.296534538269043	2.0
7525	1	1.1085394791396243e-06	13.712467193603516	2.0
7526	1	1.6283958128470465e-06	13.32791519165039	3.0
7527	1	6.495987002879752e-07	14.24691104888916	2.0
7528	1	1.687872363711365e-06	13.292041778564453	3.0
7529	1	1.3789485597955883e-06	13.494189262390137	1.0
7530	1	1.3749198283600547e-06	13.497115135192871	2.0
7531	1	1.8371143760242726e-06	13.207314491271973	1.0
7532	1	1.4265143543627416e-06	13.46027660369873	1.0
7533	1	2.334289486923804e-06	12.967803001403809	2.0
7534	1	2.9872593001150126e-06	12.72115421295166	3.0
7535	1	1.1632471496785818e-06	13.664295196533203	1.0
7536	1	1.1956896637802693e-06	13.636787414550781	1.0
7537	1	1.4053026437997787e-06	13.475257873535156	1.0
7538	1	2.017529185935621e-06	13.11363697052002	2.0
7539	1	2.4639896470421728e-06	12.913728713989258	3.0
7540	1	1.3950847534093724e-06	13.482555389404297	2.0
7541	1	1.8105602375685117e-06	13.221874237060547	2.0
7542	1	3.1759567927889482e-06	12.65990161895752	3.0
7543	1	2.7887662335229333e-06	12.789911270141602	3.0
7544	1	2.0266428432460354e-06	13.109129905700684	1.0
7545	1	2.6415521776669244e-06	12.844143867492676	3.0
7546	1	2.0081519844024046e-06	13.118295669555664	3.0
7547	1	2.220823501069422e-06	13.017632484436035	3.0
7548	1	2.5036512508702288e-06	12.897760391235352	3.0
7549	1	1.2604009212989612e-06	13.584080696105957	1.0
7550	1	1.1731725331223618e-06	13.65579891204834	1.0
7551	1	2.050434493103215e-06	13.097458839416504	2.0
7552	1	1.6423229588542943e-06	13.319398880004883	1.0
7553	1	1.5662369848818312e-06	13.36683464050293	2.0
7554	1	1.9794484017667213e-06	13.132692337036133	3.0
7555	1	1.8602309456196884e-06	13.194809913635254	1.0
7556	1	1.3686951495258503e-06	13.501652717590332	2.0
7557	1	3.2344684997823243e-07	14.944231033325195	1.0
7558	1	1.6403991760088502e-06	13.320570945739746	2.0
7559	1	8.586396618038216e-07	13.967916488647461	1.0
7560	1	1.2669616909309206e-06	13.578888893127441	2.0
7561	1	3.400208342501577e-06	12.591673851013184	3.0
7562	1	1.1715547105786355e-06	13.65717887878418	2.0
7563	1	2.6360233322834576e-06	12.84623908996582	3.0
7564	1	1.5109529062700602e-06	13.402770042419434	2.0
7565	1	6.825339968862564e-07	14.197453498840332	1.0
7566	1	1.2543118602541796e-06	13.588923454284668	1.0
7567	1	9.183955776695815e-07	13.90063762664795	2.0
7568	1	1.632535042275436e-06	13.325376510620117	2.0
7569	1	9.71664314694216e-07	13.844255447387695	2.0
7570	1	2.13599155645691e-06	13.05657958984375	2.0
7571	1	1.521302561589506e-06	13.395943641662598	3.0
7572	1	1.1721011887137367e-06	13.656712532043457	2.0
7573	1	1.0585467443346401e-06	13.758613586425781	1.0
7574	1	1.8182967272978105e-06	13.217610359191895	3.0
7575	1	2.0370153460715765e-06	13.104024887084961	3.0
7576	1	1.4974298838345715e-06	13.411760330200195	2.0
7577	1	7.230691537153451e-07	14.139760971069336	3.0
7578	1	2.642378598107752e-06	12.843831062316895	3.0
7579	1	2.0571448098437215e-06	13.094191551208496	2.0
7580	1	1.2385701317510375e-06	13.601552963256836	2.0
7581	1	5.414561700511408e-07	14.429003715515137	1.0
7582	1	1.354882263762949e-06	13.511795997619629	2.0
7583	1	2.0844171025980636e-06	13.081021308898926	3.0
7584	1	1.3611284952218374e-06	13.507196426391602	2.0
7585	1	1.2218228632774036e-06	13.615166664123535	1.0
7586	1	1.4642157982348236e-06	13.43419075012207	2.0
7587	1	1.6075851735201748e-06	13.340777397155762	1.0
7588	1	1.5819300129499418e-06	13.356864929199219	2.0
7589	1	1.4713238386358599e-06	13.42934799194336	1.0
7590	1	2.933050292932244e-06	12.73946762084961	3.0
7591	1	2.3267683315816447e-06	12.971030235290527	3.0
7592	1	2.0945399072819e-06	13.076176643371582	1.0
7593	1	8.285310158455344e-07	14.00361156463623	1.0
7594	1	1.5455838333792918e-06	13.380108833312988	1.0
7595	1	1.038123087301304e-06	13.778096199035645	2.0
7596	1	1.2166787844090564e-06	13.619385719299316	2.0
7597	1	1.254877792855057e-06	13.588472366333008	1.0
7598	1	1.3821346991506915e-06	13.491881370544434	2.0
7599	1	2.3170319082158495e-06	12.975223541259766	3.0
7600	1	1.9346440607224194e-06	13.155587196350098	2.0
7601	1	2.1429573456066706e-06	13.053323745727539	2.0
7602	1	2.5140783606698727e-06	12.893604278564453	2.0
7603	1	1.2425820391755151e-06	13.598319053649902	1.0
7604	1	1.6082552833926737e-06	13.340360641479492	2.0
7605	1	2.5603705047090663e-06	12.875358581542969	3.0
7606	1	2.2229700133298487e-06	13.016666412353516	3.0
7607	1	1.1069907279024838e-06	13.713865280151367	2.0
7608	1	2.1461233038393046e-06	13.051847457885742	1.0
7609	1	2.292045598759415e-06	12.986065864562988	2.0
7610	1	1.4988000202279804e-06	13.410845756530762	2.0
7611	1	1.0456846313074446e-06	13.770838737487793	1.0
7612	1	1.3028060695887236e-06	13.550990104675293	1.0
7613	1	5.0143247866797434e-06	12.203211784362793	3.0
7614	1	1.4622956326240337e-06	13.435503005981445	2.0
7615	1	1.5620066317701777e-06	13.369539260864258	1.0
7616	1	2.1245537529655887e-06	13.061948776245117	3.0
7617	1	1.9379180489620036e-06	13.15389633178711	1.0
7618	1	1.5712458175743078e-06	13.363641738891602	1.0
7619	1	2.298796729595273e-06	12.983124732971191	1.0
7620	1	2.063861340906426e-06	13.09093189239502	3.0
7621	1	1.0010923614322817e-06	13.81441879272461	1.0
7622	1	3.277275642864011e-06	12.628498077392578	2.0
7623	1	2.7491618418084085e-06	12.804214477539062	3.0
7624	1	2.9536620330259103e-06	12.732464790344238	3.0
7625	1	2.5615965614842164e-06	12.874879837036133	3.0
7626	1	1.7701204427911618e-06	13.244462966918945	2.0
7627	1	1.170482611049504e-06	13.65809440612793	1.0
7628	1	2.277023503105956e-06	12.99264144897461	2.0
7629	1	7.161372235548033e-07	14.149394035339355	1.0
7630	1	8.176017101586208e-07	14.016890525817871	2.0
7631	1	1.547363955930968e-06	13.378957748413086	1.0
7632	1	1.482329115017214e-06	13.421895980834961	2.0
7633	1	3.7912697234932116e-07	14.785394668579102	3.0
7634	1	1.1143150772941377e-06	13.707270622253418	1.0
7635	1	1.3663189772287729e-06	13.503390312194824	3.0
7636	1	1.1275857567168575e-06	13.69543170928955	1.0
7637	1	1.9982389594130744e-06	13.123244285583496	2.0
7638	1	1.2444083085384688e-06	13.596850395202637	2.0
7639	1	1.8935353973719122e-06	13.177064895629883	2.0
7640	1	1.6059608951928273e-06	13.341788291931152	2.0
7641	1	1.7561626927390888e-06	13.252379417419434	3.0
7642	1	2.2808116428450673e-06	12.990979194641113	2.0
7643	1	2.5092230955860694e-06	12.895537376403809	2.0
7644	1	2.176365673422899e-06	13.037854194641113	1.0
7645	1	2.9079945425411683e-06	12.748046875	2.0
7646	1	5.965352090355154e-07	14.332127571105957	1.0
7647	1	1.6602074379318391e-06	13.308568000793457	2.0
7648	1	1.4600270605849687e-06	13.437055587768555	0.0
7649	1	1.6549292168315747e-06	13.311752319335938	2.0
7650	1	1.6940228640938658e-06	13.28840446472168	1.0
7651	1	1.9736991325297853e-06	13.135601043701172	1.0
7652	1	1.7485855101630359e-06	13.25670337677002	2.0
7653	1	8.220355137323619e-07	14.011482238769531	2.0
7654	1	1.0730775119387755e-06	13.744979858398438	1.0
7655	1	2.0989690659321585e-06	13.074064254760742	1.0
7656	1	1.328477544898675e-06	13.531476974487305	1.0
7657	1	1.840878036914463e-06	13.205267906188965	3.0
7658	1	1.4654814697548988e-06	13.433326721191406	2.0
7659	1	1.6532775996626257e-06	13.312750816345215	2.0
7660	1	1.5794050480922406e-06	13.3584623336792	2.0
7661	1	1.2583279551719396e-06	13.585726737976074	2.0
7662	1	2.1629369928115465e-06	13.04404354095459	2.0
7663	1	1.936639556146307e-06	13.154556274414062	3.0
7664	1	2.3213758137136953e-06	12.973350524902344	2.0
7665	1	1.4397044724969153e-06	13.451072692871094	2.0
7666	1	2.026714356525176e-06	13.109094619750977	2.0
7667	1	1.3154393071222365e-06	13.541339874267578	2.0
7668	1	1.8153529399928944e-06	13.219230651855469	1.0
7669	1	1.6718775812475671e-06	13.301563262939453	3.0
7670	1	8.446789720809856e-07	13.984309196472168	0.0
7671	1	1.095897347782886e-06	13.723937034606934	0.0
7672	1	2.6565459063918563e-06	12.838483810424805	3.0
7673	1	7.737081702776524e-07	14.072071075439453	3.0
7674	1	1.9271236523766184e-06	13.1594820022583	2.0
7675	1	2.247239741115899e-06	13.005807876586914	2.0
7676	1	3.2606561325844346e-06	12.63358211517334	2.0
7677	1	2.2787766094660937e-06	12.99187183380127	3.0
7678	1	1.464352650359874e-06	13.434097290039062	1.0
7679	1	1.617985580286053e-06	13.334328651428223	1.0
7680	1	2.4516300241326856e-06	12.918757438659668	3.0
7681	1	2.6468553303527998e-06	12.842138290405273	3.0
7682	1	9.320676462185084e-07	13.885860443115234	1.0
7683	1	1.8087860754134856e-06	13.222854614257812	2.0
7684	1	1.7796297434243602e-06	13.239105224609375	3.0
7685	1	2.790631218735434e-06	12.7892427444458	3.0
7686	1	2.0632630791614913e-06	13.091221809387207	1.0
7687	1	2.387149149558734e-06	12.94541072845459	3.0
7688	1	2.2010856771508972e-06	13.026559829711914	3.0
7689	1	2.70761917701627e-06	12.819440841674805	3.0
7690	1	1.175379810089183e-06	13.653919219970703	2.0
7691	1	1.493787055710167e-06	13.414196014404297	2.0
7692	1	4.004445838997568e-06	12.428105354309082	2.0
7693	1	1.87567039520738e-06	13.186544418334961	3.0
7694	1	2.270784548773032e-06	12.99538516998291	3.0
7695	1	9.896048060697554e-07	13.825960159301758	1.0
7696	1	2.3234223001770126e-06	12.972469329833984	2.0
7697	1	3.0682778593317296e-06	12.6943941116333	2.0
7698	1	1.6156665247611302e-06	13.335762977600098	2.0
7699	1	2.1430023071127304e-06	13.053302764892578	1.0
7700	1	2.6449300373566753e-06	12.842865943908691	3.0
7701	1	8.55595626129566e-07	13.971467971801758	0.0
7702	1	1.9048136691074441e-06	13.171126365661621	3.0
7703	1	1.963025532525622e-06	13.141023635864258	2.0
7704	1	1.4353777700415752e-06	13.454082489013672	2.0
7705	1	1.494750386570787e-06	13.413551330566406	1.0
7706	1	1.5986429605896307e-06	13.346355438232422	2.0
7707	1	2.323681561857279e-06	12.972357749938965	2.0
7708	1	1.508909571212999e-06	13.404123306274414	3.0
