candidate_id	s+wms	score
5978	2.74E-06	1
5979	3.91E-06	2
5980	1.97E-06	1
5981	5.27E-06	1
5982	8.40E-06	2
5983	5.29E-06	1
5984	1.33E-06	1
5985	1.34E-06	0
5986	3.50E-06	2
5987	3.44E-06	3
5988	7.00E-06	3
5989	3.61E-06	1
5990	3.87E-06	3
5991	5.64E-06	2
5992	4.33E-06	1
5993	4.27E-06	2
5994	3.15E-06	2
5995	4.47E-06	2
5996	2.88E-06	1
5997	4.48E-06	2
5998	3.80E-06	2
5999	1.22E-06	1
6000	5.31E-06	2
6001	3.59E-06	1
6002	2.75E-06	2
6003	1.03E-05	3
6004	2.03E-06	1
6005	5.60E-06	3
6006	4.18E-06	2
6007	4.69E-06	3
6008	4.94E-06	1
6010	5.09E-06	1
6011	4.39E-06	1
6012	2.33E-06	0
6013	2.84E-06	1
6014	8.11E-06	3
6015	5.12E-06	2
6016	5.30E-06	3
6017	3.57E-06	1
6018	3.55E-06	2
6019	5.49E-06	1
6020	7.04E-06	2
6021	4.30E-06	2
6022	5.10E-06	2
6023	6.36E-06	2
6024	3.86E-06	1
6025	4.02E-06	1
6026	6.55E-06	3
6027	8.42E-06	3
6028	1.46E-06	2
6029	4.35E-06	1
6030	5.02E-06	3
6031	9.74E-06	3
6032	4.79E-06	2
6033	9.53E-06	3
6034	4.47E-06	2
6035	2.40E-06	1
6036	7.09E-06	2
6037	4.53E-06	2
6038	4.46E-06	2
6039	2.85E-06	1
6040	6.88E-06	1
6041	2.19E-06	2
6042	9.00E-06	2
6043	4.36E-06	1
6044	1.51E-06	2
6045	4.71E-06	2
6046	3.31E-06	1
6047	1.71E-06	1
6048	2.79E-06	1
6049	2.61E-06	1
6050	8.08E-06	3
6051	4.96E-06	1
6052	4.85E-06	2
6053	4.17E-06	1
6054	4.77E-06	1
6055	3.15E-06	2
6056	2.57E-06	1
6057	5.55E-06	3
6058	3.40E-06	2
6059	5.81E-06	1
6060	2.51E-06	1
6061	8.92E-06	3
6062	2.62E-06	1
6063	4.15E-06	2
6064	5.54E-06	2
6065	3.20E-06	2
6066	2.95E-06	1
6067	3.85E-06	1
6068	3.12E-06	2
6069	3.07E-06	2
6070	7.66E-06	2
6071	3.31E-06	2
6072	3.41E-06	2
6073	4.83E-06	2
6074	1.89E-06	2
6075	1.01E-05	3
6076	3.68E-06	2
6077	4.05E-06	1
6078	3.85E-06	2
6079	8.03E-06	3
6080	4.29E-06	2
6081	2.03E-06	2
6082	3.60E-06	1
6083	2.23E-06	1
6084	2.70E-06	3
6085	8.08E-06	3
6086	3.70E-06	1
6087	5.96E-06	2
6088	3.28E-06	2
6089	5.41E-06	3
6090	5.17E-06	1
6091	4.20E-06	3
6092	2.98E-06	1
6093	2.36E-06	1
6094	3.83E-06	1
6095	6.84E-06	3
6096	3.90E-06	2
6097	3.31E-06	1
6098	4.05E-06	3
6099	1.93E-06	1
6100	7.14E-06	2
6102	3.21E-06	2
6103	3.87E-06	2
6104	5.10E-06	1
6105	3.50E-06	3
6106	4.98E-06	1
6107	2.08E-06	2
6108	3.69E-06	1
6109	2.90E-06	2
6110	5.01E-06	2
6111	2.23E-06	2
6112	7.13E-06	1
6113	5.57E-06	3
6114	5.65E-06	1
6115	6.62E-07	2
6116	1.74E-06	2
6117	6.23E-06	1
6118	2.68E-06	3
6119	6.73E-06	1
6120	3.94E-06	2
6121	3.22E-06	3
6122	5.53E-06	2
6123	7.51E-06	3
6124	4.91E-06	3
6125	4.69E-06	2
6126	3.12E-06	1
6127	2.23E-06	3
6128	7.48E-06	3
6129	7.72E-06	2
6130	4.10E-06	1
6131	5.02E-06	1
6132	1.75E-06	3
6133	5.41E-06	1
6134	1.66E-06	2
6135	6.14E-06	2
6136	3.99E-06	1
6137	1.99E-06	2
6138	5.17E-06	2
6139	3.35E-06	2
6140	3.15E-06	1
6141	3.62E-06	2
6142	5.32E-06	2
6143	5.26E-06	3
6144	3.52E-06	3
6145	6.33E-06	3
6146	7.40E-06	2
6147	3.49E-06	2
6148	3.32E-06	2
6149	1.57E-06	2
6150	2.96E-06	2
6151	2.71E-06	2
6152	3.54E-06	2
6153	4.79E-06	2
6154	1.74E-06	1
6155	4.55E-06	1
6156	4.76E-06	2
6157	5.47E-06	3
6158	8.37E-06	3
6159	5.44E-06	2
6160	2.97E-06	2
6161	4.92E-06	2
6162	3.04E-06	2
6163	3.17E-06	1
6164	1.36E-06	2
6165	2.91E-06	3
6166	4.13E-06	1
6167	2.42E-06	3
6168	3.16E-06	2
6169	5.13E-06	2
6170	4.89E-06	1
6171	3.10E-06	3
6172	6.84E-06	2
6173	7.50E-06	1
6174	1.39E-06	2
6175	4.07E-06	1
6176	3.86E-06	1
6177	2.76E-06	2
6178	9.40E-06	3
6179	5.56E-06	2
6180	1.02E-06	3
6181	4.59E-06	3
6182	5.97E-06	3
6183	5.44E-06	3
6184	4.09E-06	1
6185	3.21E-06	2
6186	5.13E-06	2
6187	2.70E-06	1
6188	1.69E-06	0
6189	1.01E-06	1
6190	2.28E-06	2
6191	6.22E-06	2
6192	7.70E-06	3
6193	6.34E-06	1
6194	2.39E-06	3
6195	4.64E-06	3
6196	4.11E-06	1
6197	1.98E-06	2
6198	4.78E-06	3
6199	4.15E-06	2
6200	2.06E-06	0
6201	3.93E-06	2
6202	3.38E-06	1
6204	3.71E-06	1
6205	3.79E-06	2
6206	7.87E-06	0
6207	1.91E-06	0
6208	1.80E-06	3
6209	1.73E-06	2
6210	5.02E-06	2
6211	2.81E-06	1
6212	6.70E-06	2
6213	3.94E-06	1
6214	3.85E-06	1
6215	3.36E-06	1
6216	2.44E-06	2
6217	2.62E-06	1
6218	4.69E-06	2
6219	2.62E-06	2
6220	2.86E-06	2
6221	4.13E-06	2
6222	4.79E-06	2
6223	5.27E-06	3
6224	2.79E-06	2
6225	4.67E-06	3
6226	3.76E-06	3
6227	5.30E-06	1
6228	4.32E-06	3
6229	3.04E-06	1
6230	6.40E-06	1
6231	3.54E-06	2
6232	2.77E-06	1
6233	5.40E-06	2
6234	5.42E-06	1
6235	1.34E-06	1
6236	3.70E-06	2
6237	1.58E-06	2
6238	5.78E-06	0
6239	6.16E-06	2
6240	5.51E-07	3
6241	2.90E-06	1
6242	2.49E-06	1
6243	3.47E-06	2
6244	1.49E-06	1
6245	5.37E-06	3
6246	2.56E-06	1
6247	3.27E-06	3
6248	7.72E-06	1
6249	4.65E-06	3
6250	5.02E-06	3
6251	5.11E-06	1
6252	4.46E-06	1
6253	5.02E-06	3
6254	2.44E-06	3
6255	8.17E-06	1
6256	8.31E-06	1
6257	4.35E-06	1
6258	1.59E-06	1
6259	2.69E-06	3
6260	2.16E-06	2
6261	2.76E-06	1
6262	2.75E-06	3
6263	3.20E-06	3
6264	4.74E-06	3
6265	5.72E-06	2
6266	2.90E-06	1
6267	4.63E-06	3
6268	1.64E-06	3
6269	6.62E-06	1
6270	1.06E-05	3
6271	1.07E-06	2
6272	3.92E-06	2
6273	2.34E-06	1
6275	4.91E-06	1
6276	6.73E-06	3
6277	2.74E-06	1
6278	2.10E-06	1
6279	4.37E-06	2
6280	2.26E-06	3
6281	3.64E-06	1
6282	3.31E-06	3
6283	3.39E-06	1
6284	7.11E-06	3
6285	5.57E-06	2
6286	2.05E-06	3
6287	5.12E-06	3
6288	5.74E-06	2
6289	7.14E-06	2
6290	4.56E-06	1
6291	3.70E-06	2
6292	3.13E-06	3
6293	4.60E-06	2
6294	4.24E-06	1
6296	3.91E-06	0
6297	3.10E-06	1
6298	3.21E-06	1
6299	1.89E-06	2
6300	3.16E-06	3
6301	4.11E-06	3
6302	2.63E-06	2
6303	4.22E-06	1
6304	8.37E-06	1
6305	7.21E-06	3
6306	5.00E-06	1
6307	2.13E-06	2
6308	3.59E-06	3
6309	8.93E-06	1
6310	2.93E-06	3
6311	4.36E-06	2
6312	5.20E-06	2
6313	2.62E-06	3
6314	4.44E-06	1
6315	3.28E-06	2
6316	6.64E-06	1
6317	7.33E-06	2
6318	3.22E-06	1
6319	3.85E-06	1
6320	4.11E-06	1
6321	4.92E-06	1
6322	5.32E-06	2
6323	2.64E-06	1
6324	2.56E-06	1
6325	2.22E-06	2
6326	5.12E-06	1
6327	3.69E-06	2
6328	1.33E-06	2
6329	3.12E-06	2
6330	3.36E-06	3
6331	5.23E-06	3
6332	3.59E-06	3
6333	5.35E-06	3
6334	9.63E-06	2
6335	8.22E-06	3
6336	3.18E-06	3
6337	3.13E-06	2
6338	3.77E-06	2
6339	8.74E-06	2
6340	5.68E-06	3
6341	6.32E-06	2
6342	4.02E-06	1
6343	4.78E-06	1
6344	4.99E-06	2
6345	2.90E-06	2
6346	3.09E-06	2
6347	3.23E-06	3
6348	6.53E-06	1
6349	3.50E-06	3
6350	5.17E-06	2
6351	6.29E-06	3
6352	6.70E-06	2
6354	6.72E-06	1
6355	3.42E-06	2
6356	4.99E-06	1
6357	5.91E-06	2
6358	5.58E-06	2
6359	4.33E-06	1
6360	7.32E-06	2
6361	2.12E-08	2
6362	2.44E-06	1
6363	3.93E-06	3
6364	2.46E-06	3
6365	5.28E-06	2
6366	5.77E-06	3
6367	3.09E-06	2
6368	3.20E-06	1
6369	7.48E-06	1
6370	4.04E-06	0
6371	6.07E-06	3
6372	3.83E-06	2
6373	1.28E-06	2
6374	3.55E-06	2
6375	1.92E-06	1
6376	6.96E-06	2
6377	4.77E-06	3
6378	2.61E-06	3
6379	5.52E-06	3
6380	3.99E-06	1
6381	4.19E-06	3
6382	7.95E-06	1
6383	6.99E-06	2
6384	6.52E-06	3
6385	3.10E-06	2
6386	4.94E-06	2
6387	1.65E-06	3
6388	3.38E-06	3
6389	5.89E-06	2
6390	4.00E-06	2
6391	3.69E-06	1
6392	7.29E-06	3
6393	7.51E-06	1
6394	6.10E-06	1
6395	3.44E-06	2
6396	3.88E-06	3
6397	1.22E-05	2
6398	3.79E-06	2
6399	2.46E-06	2
6400	4.66E-06	2
6401	6.89E-06	2
6402	3.19E-06	2
6403	3.41E-06	0
6404	3.96E-06	1
6405	5.54E-06	3
6406	3.57E-06	2
6407	2.84E-06	2
6408	8.05E-07	3
6409	3.09E-06	2
6410	4.77E-06	3
6411	3.64E-06	1
6412	3.59E-06	1
6413	5.94E-06	2
6414	4.56E-06	1
6417	7.74E-06	3
6418	1.11E-06	2
6419	3.46E-06	3
6420	3.07E-06	1
6421	2.09E-06	1
6422	3.45E-06	1
6423	2.54E-06	3
6424	8.59E-06	2
6425	4.12E-06	2
6426	7.44E-06	2
6427	1.69E-06	1
6428	3.61E-06	2
6429	2.33E-06	1
6430	6.22E-06	1
6431	4.49E-06	1
6432	4.25E-06	3
6433	3.94E-06	2
6434	2.50E-06	2
6435	3.77E-06	1
6436	2.18E-06	2
6437	2.62E-06	2
6438	2.55E-06	1
6439	2.92E-06	1
6440	5.60E-06	1
6441	4.54E-06	3
6442	4.33E-06	1
6443	3.90E-06	2
6444	3.75E-06	3
6445	2.13E-06	3
6446	3.60E-06	3
6447	2.49E-06	2
6448	5.99E-06	2
6449	3.82E-06	0
6450	7.57E-06	2
6451	6.79E-06	1
6452	1.03E-05	1
6453	3.70E-06	1
6454	2.14E-08	2
6455	6.34E-06	3
6456	2.87E-07	1
6457	3.89E-06	2
6458	5.67E-06	1
6459	2.29E-06	2
6460	5.52E-06	2
6461	2.45E-06	2
6462	6.65E-06	3
6463	2.76E-06	3
6464	6.49E-06	1
6465	1.96E-06	2
6466	4.27E-06	2
6467	4.23E-06	1
6468	3.47E-06	2
6469	3.22E-06	1
6470	3.84E-06	2
6471	1.85E-06	1
6472	3.06E-06	3
6473	2.74E-06	2
6474	4.43E-06	2
6475	3.97E-06	1
6476	4.74E-06	3
6477	9.88E-06	2
6478	2.74E-06	3
6479	8.56E-06	0
6480	4.23E-06	2
6481	5.85E-06	1
6482	1.60E-06	1
6483	3.27E-06	3
6484	2.42E-06	3
6485	7.16E-06	3
6486	1.44E-06	2
6487	4.31E-06	3
6488	9.45E-07	1
6489	1.20E-06	2
6490	4.60E-06	1
6491	5.82E-06	3
6492	6.70E-06	2
6493	4.38E-06	2
6494	5.50E-06	3
6495	3.25E-06	2
6496	5.64E-06	1
6497	2.21E-06	2
6498	9.08E-06	2
6499	4.29E-06	1
6500	4.74E-06	2
6501	4.70E-06	1
6502	2.45E-06	2
6503	2.33E-06	2
6504	4.55E-06	1
6505	3.42E-06	3
6506	3.11E-06	1
6507	4.16E-06	3
6508	2.41E-06	2
6509	3.84E-06	1
6510	2.66E-06	2
6511	4.17E-06	2
6512	6.03E-06	3
6513	2.64E-06	2
6514	6.42E-06	1
6515	6.36E-06	1
6516	2.48E-06	3
6517	3.44E-06	1
6518	2.80E-06	1
6519	4.98E-06	2
6520	7.11E-06	2
6521	2.99E-06	2
6522	2.25E-06	2
6523	8.95E-06	2
6524	2.83E-06	2
6525	3.46E-06	2
6526	4.31E-06	1
6527	6.34E-06	2
6528	5.41E-06	2
6529	3.41E-06	2
6530	4.56E-06	3
6531	5.75E-06	1
6532	2.86E-06	3
6533	2.05E-06	2
6534	3.62E-06	1
6535	4.68E-06	2
6536	6.02E-06	2
6537	4.99E-06	1
6538	2.37E-06	0
6539	5.43E-06	1
6540	6.25E-06	2
6541	3.69E-06	2
6542	4.34E-06	2
6543	2.41E-06	3
6544	3.45E-06	2
6545	3.57E-06	1
6546	4.09E-06	1
6547	1.28E-06	2
6548	3.73E-06	1
6549	7.04E-06	1
6550	4.20E-06	1
6551	3.34E-06	2
6552	1.34E-06	1
6553	5.16E-06	2
6554	2.33E-06	3
6555	3.68E-06	1
6556	5.83E-06	1
6557	2.16E-06	1
6558	5.34E-06	1
6559	2.23E-06	2
6560	4.14E-06	1
6561	4.29E-06	2
6562	3.70E-06	1
6563	2.22E-06	3
6564	4.26E-06	3
6565	6.60E-06	1
6566	3.50E-06	3
6567	1.94E-06	1
6568	7.31E-06	1
6569	4.52E-06	1
6570	5.56E-06	2
6571	4.72E-06	2
6572	4.94E-06	3
6573	5.19E-06	1
6575	4.49E-06	3
6576	4.99E-06	2
6577	2.84E-06	1
6578	3.09E-06	3
6579	4.95E-06	2
6580	6.20E-06	2
6581	3.26E-06	1
6582	7.43E-06	2
6583	2.92E-06	2
6584	2.70E-06	3
6585	2.09E-06	0
6586	4.22E-06	2
6587	3.42E-06	1
6588	3.81E-06	0
6589	6.86E-06	1
6590	3.53E-06	2
6591	6.20E-06	1
6592	1.57E-06	3
6593	1.78E-06	2
6594	2.82E-06	1
6595	3.11E-06	1
6596	4.17E-06	2
6597	2.93E-06	3
6598	3.30E-06	1
6599	7.43E-06	3
6600	3.16E-06	3
6601	2.34E-06	2
6602	4.58E-06	1
6603	4.34E-06	1
6604	6.64E-06	2
6605	1.95E-06	1
6606	6.17E-06	2
6607	4.38E-06	2
6608	4.85E-06	2
6609	4.16E-06	2
6610	3.64E-06	1
6611	5.48E-06	1
6612	3.50E-06	1
6613	3.97E-06	1
6614	3.46E-06	1
6615	4.13E-06	3
6616	4.80E-06	0
6617	4.41E-06	2
6618	2.12E-06	2
6619	2.08E-06	3
6620	2.09E-06	1
6621	3.47E-06	1
6622	3.31E-06	1
6623	1.95E-06	2
6624	4.57E-06	1
6625	2.43E-06	2
6626	2.66E-06	2
6627	2.46E-06	2
6628	5.56E-06	1
6629	2.84E-06	1
6630	5.06E-06	1
6631	3.49E-06	2
6632	3.43E-06	2
6633	6.77E-06	3
6634	6.71E-06	1
6635	1.99E-06	2
6636	3.81E-06	3
6637	5.54E-07	3
6638	4.10E-06	2
6639	2.22E-06	2
6640	3.93E-06	1
6641	3.00E-06	1
6642	3.47E-06	1
6643	1.25E-05	2
6644	8.62E-06	1
6645	3.06E-06	3
6646	4.63E-06	3
6647	2.69E-06	1
6648	2.05E-06	2
6649	2.36E-06	1
6650	5.50E-06	1
6651	4.11E-06	3
6652	6.86E-06	1
6653	3.23E-06	1
6654	2.48E-06	1
6655	4.81E-06	3
6656	1.44E-06	0
6657	3.17E-06	3
6658	4.99E-06	2
6659	5.88E-06	2
6660	5.13E-06	1
6661	7.26E-06	3
6662	3.34E-06	2
6663	2.43E-06	2
6664	6.70E-06	2
6665	2.73E-06	2
6666	6.56E-06	2
6667	7.27E-06	1
6668	6.36E-06	1
6669	4.10E-06	3
6670	3.90E-06	1
6671	7.59E-06	1
6672	2.38E-06	3
6673	4.88E-06	0
6674	1.50E-06	0
6675	3.20E-06	2
6676	3.55E-06	2
6677	1.95E-06	3
6678	1.54E-06	2
6679	5.73E-06	2
6680	1.11E-06	3
6681	1.73E-06	2
6682	3.75E-06	3
6683	9.30E-06	1
6684	5.52E-06	1
6685	3.86E-06	2
6686	5.63E-06	3
6687	6.10E-06	2
6688	5.08E-06	1
6689	5.70E-06	1
6690	4.08E-06	3
6691	4.38E-06	1
6692	6.47E-06	2
6693	1.92E-06	2
6694	8.13E-06	3
6695	3.49E-06	1
6696	3.92E-06	3
6697	7.15E-06	2
6698	3.19E-06	2
6699	3.40E-06	3
6700	2.24E-06	2
6701	6.15E-06	3
6702	5.13E-06	1
6703	6.62E-06	1
6704	4.05E-06	2
6705	3.39E-06	3
6706	6.85E-06	2
6707	4.67E-06	3
6708	9.17E-06	1
6709	3.28E-06	2
6710	3.03E-06	2
6711	3.99E-06	2
6712	4.26E-06	3
6713	6.94E-06	2
6714	6.91E-06	2
6715	8.32E-07	2
6716	8.11E-06	3
6717	1.52E-06	2
6718	3.75E-06	1
6719	5.41E-06	1
6720	8.35E-06	1
6721	7.25E-06	2
6722	1.16E-06	1
6723	6.53E-06	1
6724	6.20E-06	1
6725	3.92E-06	1
6726	3.55E-06	3
6727	3.37E-06	3
6728	4.69E-06	2
6729	1.47E-06	1
6730	3.50E-06	2
6731	6.61E-06	1
6732	2.74E-06	2
6733	6.01E-06	3
6734	8.17E-06	0
6735	1.46E-06	3
6736	2.93E-06	2
6737	4.71E-06	1
6738	3.65E-06	1
6739	5.87E-06	1
6740	9.54E-06	3
6741	1.88E-06	3
6742	3.22E-06	2
6743	4.18E-06	1
6744	3.48E-06	2
6745	3.07E-06	2
6746	3.11E-06	1
6747	4.68E-06	2
6748	6.38E-06	3
6749	2.38E-06	2
6750	3.36E-06	1
6751	2.86E-06	3
6752	4.63E-06	2
6753	3.34E-06	1
6754	4.96E-06	1
6755	6.56E-06	3
6756	5.75E-06	1
6757	1.83E-06	2
6758	4.60E-06	3
6759	4.43E-06	1
6760	2.37E-06	3
6761	4.16E-06	1
6762	3.70E-06	3
6763	2.71E-06	2
6764	6.42E-06	3
6765	4.15E-06	3
6766	2.14E-06	1
6767	3.49E-06	2
6768	4.11E-06	1
6769	6.59E-06	1
6770	3.70E-06	2
6771	7.67E-06	2
6772	8.41E-06	1
6773	4.49E-06	1
6774	4.84E-06	1
6775	2.92E-06	2
6776	2.81E-06	1
6777	4.88E-06	1
6778	4.94E-06	1
6779	4.45E-06	3
6780	3.08E-06	3
6781	2.68E-06	2
6782	2.65E-06	0
6783	2.31E-06	2
6784	3.24E-06	1
6785	3.15E-06	1
6786	3.73E-06	1
6787	3.76E-06	2
6788	5.82E-06	1
6789	3.55E-06	3
6790	3.62E-06	2
6791	2.67E-06	2
6792	2.47E-06	2
6793	6.59E-06	1
6794	3.21E-06	3
6795	3.25E-06	1
6796	4.85E-06	1
6797	6.40E-06	2
6798	4.11E-06	3
6799	6.80E-06	3
6800	2.52E-06	3
6801	5.20E-06	1
6802	4.24E-06	2
6803	3.71E-06	2
6804	4.57E-06	3
6805	5.29E-06	3
6806	1.25E-06	2
6807	5.00E-06	1
6808	4.18E-06	1
6809	4.40E-06	3
6810	5.38E-06	3
6812	4.67E-06	1
6813	6.62E-06	1
6814	6.95E-06	2
6815	3.50E-06	2
6816	5.11E-06	3
6817	5.87E-06	1
6818	8.62E-06	3
6819	6.69E-06	1
6821	3.86E-06	1
6822	5.87E-06	3
6823	2.12E-06	1
6824	7.14E-06	1
6825	8.71E-06	3
6826	3.66E-06	2
6827	5.98E-06	2
6828	2.99E-06	1
6829	3.22E-06	1
6830	2.75E-06	2
6831	4.00E-06	3
6832	3.91E-06	2
6833	4.65E-06	1
6834	3.76E-06	1
6835	4.50E-06	1
6836	2.56E-06	2
6837	2.94E-06	1
6838	4.02E-06	2
6839	4.64E-06	1
6840	4.50E-06	2
6841	4.32E-06	1
6842	2.10E-06	1
6843	2.37E-06	1
6844	7.06E-07	1
6845	4.28E-06	3
6846	3.41E-06	1
6847	4.36E-06	1
6848	4.73E-06	2
6849	5.41E-06	3
6850	3.25E-06	2
6851	5.21E-06	2
6852	4.23E-06	3
6853	3.44E-06	3
6854	5.81E-06	2
6855	2.42E-06	2
6856	2.80E-06	1
6857	3.95E-06	2
6858	6.60E-06	3
6859	3.34E-06	2
6860	2.90E-06	2
6861	4.58E-06	1
6862	2.62E-06	2
6864	5.11E-06	0
6865	3.76E-06	2
6866	1.64E-06	2
6867	6.35E-06	2
6868	4.68E-06	2
6869	3.86E-06	1
6870	4.40E-06	2
6871	3.21E-06	2
6872	4.07E-06	3
6873	3.51E-06	2
6874	9.15E-07	2
6875	3.47E-06	1
6876	6.30E-06	2
6877	4.16E-06	2
6878	4.50E-06	2
6879	4.59E-06	3
6880	3.00E-06	2
6881	4.12E-06	2
6882	7.90E-06	2
6883	5.21E-06	1
6884	2.69E-06	2
6885	1.01E-06	1
6886	3.68E-06	2
6887	6.50E-06	1
6888	3.54E-06	2
6889	4.58E-06	2
6890	6.26E-06	2
6891	4.74E-06	1
6892	4.02E-06	1
6893	4.23E-06	2
6894	3.33E-06	2
6895	2.14E-06	2
6896	5.50E-06	3
6897	3.16E-06	2
6898	7.32E-06	3
6899	3.92E-06	3
6900	7.88E-06	2
6901	3.64E-06	2
6902	4.48E-06	1
6903	3.95E-06	2
6904	3.69E-06	3
6905	4.96E-06	1
6907	5.83E-06	1
6908	5.64E-06	2
6909	2.46E-06	1
6910	6.06E-06	2
6911	4.89E-06	1
6912	3.36E-06	2
6913	5.31E-06	2
6914	5.57E-06	1
6915	8.04E-06	3
6916	2.36E-06	1
6917	5.24E-06	3
6918	3.60E-06	1
6919	3.36E-06	3
6920	5.48E-06	2
6921	5.90E-06	3
6922	4.68E-06	1
6923	3.83E-06	3
6924	5.21E-06	2
6925	5.72E-06	1
6926	3.54E-06	3
6927	7.94E-06	1
6928	2.63E-06	0
6929	8.43E-06	2
6930	4.62E-06	2
6931	5.66E-06	3
6932	2.97E-06	2
6933	3.64E-06	3
6934	4.12E-06	1
6935	3.24E-06	2
6936	1.06E-05	2
6937	2.78E-06	2
6938	2.39E-06	2
6939	3.93E-06	2
6940	5.71E-06	3
6941	5.47E-06	2
6942	3.96E-06	2
6943	3.79E-06	1
6944	3.15E-06	3
6945	4.46E-06	2
6946	4.60E-06	3
6947	6.96E-06	1
6948	4.02E-06	1
6949	3.73E-06	3
6950	8.39E-06	1
6951	6.20E-06	0
6952	2.83E-06	1
6953	3.47E-06	1
6954	6.55E-06	1
6955	4.11E-06	2
6956	3.79E-06	2
6957	5.20E-06	3
6958	2.59E-06	3
6959	4.58E-06	2
6960	3.03E-06	2
6961	2.03E-06	3
6962	3.22E-06	1
6963	2.69E-06	2
6964	9.16E-07	2
6965	5.63E-06	3
6966	2.87E-06	1
6967	6.29E-06	3
6968	5.42E-06	3
6969	2.97E-06	2
6970	3.33E-06	2
6971	5.57E-06	2
6972	2.24E-06	2
6973	3.18E-06	1
6974	2.99E-06	1
6975	8.20E-06	2
6976	1.85E-06	1
6977	5.38E-06	1
6978	3.69E-06	1
6979	3.40E-06	3
6980	3.38E-06	1
6981	3.14E-06	2
6982	5.07E-06	3
6983	2.80E-06	1
6984	9.55E-06	1
6985	4.10E-06	1
6986	4.04E-06	3
6987	1.41E-06	1
6988	3.58E-06	2
6989	5.59E-06	3
6990	3.81E-06	1
6991	3.95E-06	1
6992	5.66E-06	2
6993	3.13E-06	1
6995	3.37E-06	1
6996	3.14E-06	2
6997	4.84E-06	2
6998	1.15E-06	1
6999	6.22E-06	1
7000	6.91E-06	2
7001	4.16E-06	2
7002	4.56E-06	2
7004	2.27E-06	2
7005	1.50E-06	1
7006	5.53E-06	1
7007	4.21E-06	2
7008	4.25E-06	1
7009	4.05E-06	1
7010	1.55E-06	1
7011	2.29E-06	1
7012	4.57E-06	1
7013	4.39E-06	1
7014	3.39E-06	1
7015	5.14E-06	2
7016	3.44E-06	1
7017	4.53E-06	2
7018	6.51E-06	2
7019	3.16E-06	2
7020	3.68E-06	3
7021	2.14E-06	3
7022	4.13E-06	2
7023	2.57E-06	1
7024	2.67E-06	0
7025	4.32E-06	2
7026	1.92E-06	3
7027	3.06E-06	3
7028	3.67E-06	3
7029	4.39E-06	2
7030	2.64E-06	1
7031	3.80E-06	1
7032	4.59E-06	2
7033	6.49E-06	3
7034	6.04E-06	3
7035	4.36E-06	2
7036	7.84E-07	3
7037	4.20E-06	1
7038	5.99E-06	2
7039	3.97E-06	1
7040	5.37E-06	3
7041	1.15E-05	2
7042	3.49E-06	2
7043	4.62E-06	2
7044	6.87E-06	1
7045	8.82E-06	1
7046	1.04E-05	1
7047	3.99E-06	2
7048	7.96E-06	1
7049	1.39E-06	2
7050	4.65E-06	3
7051	2.85E-06	1
7052	7.63E-06	1
7053	5.76E-06	3
7054	4.70E-06	3
7055	2.19E-06	1
7056	3.38E-06	3
7057	2.47E-06	2
7058	1.79E-06	1
7059	4.57E-06	3
7060	1.45E-06	1
7061	3.41E-06	2
7062	4.65E-06	1
7063	3.46E-06	2
7064	3.62E-06	1
7065	5.52E-06	3
7066	6.93E-06	2
7067	3.15E-06	1
7068	5.99E-06	2
7069	3.71E-06	2
7070	3.29E-06	1
7071	4.87E-06	1
7072	5.27E-06	2
7073	5.15E-06	2
7074	3.19E-06	1
7075	3.08E-06	3
7076	5.97E-06	2
7077	5.65E-06	2
7078	5.54E-06	1
7079	3.26E-06	3
7080	2.45E-06	2
7081	3.90E-06	2
7082	3.13E-06	3
7083	3.37E-06	1
7084	5.73E-06	1
7085	5.03E-06	3
7086	4.04E-06	1
7087	4.63E-06	3
7088	3.17E-06	2
7089	2.15E-06	1
7090	2.75E-06	1
7091	3.87E-06	1
7092	4.38E-06	1
7093	4.34E-06	1
7094	6.43E-06	1
7095	3.35E-06	2
7096	3.00E-06	2
7097	6.27E-06	2
7098	3.96E-06	2
7099	2.64E-06	2
7100	2.66E-06	1
7101	3.98E-06	1
7102	4.69E-06	1
7103	2.36E-06	2
7104	4.26E-06	1
7105	2.49E-06	1
7106	1.98E-06	2
7107	3.65E-06	3
7108	3.71E-06	1
7109	4.61E-06	1
7110	1.63E-06	2
7111	6.05E-06	3
7112	2.46E-06	1
7113	2.98E-06	2
7114	4.05E-06	1
7115	3.04E-06	3
7116	4.52E-06	3
7117	4.77E-06	1
7118	2.03E-06	1
7119	5.87E-06	1
7120	5.34E-06	3
7121	4.85E-06	2
7122	4.83E-06	2
7123	5.21E-06	1
7124	1.89E-06	3
7125	6.77E-06	3
7126	1.46E-06	3
7127	5.08E-06	2
7128	1.56E-06	2
7129	3.12E-06	3
7130	2.47E-06	3
7131	1.93E-06	3
7132	4.77E-06	1
7133	4.94E-06	2
7134	2.86E-06	1
7135	4.64E-07	1
7136	5.07E-06	2
7137	5.01E-06	0
7138	3.47E-06	1
7139	4.35E-06	3
7140	7.89E-06	2
7141	7.37E-06	1
7142	5.27E-06	2
7143	2.72E-06	2
7144	3.49E-06	3
7145	7.36E-06	1
7146	2.72E-06	2
7147	1.53E-06	3
7148	2.29E-06	1
7149	3.74E-06	3
7150	3.46E-06	1
7151	7.31E-06	3
7152	3.32E-06	1
7153	2.77E-06	3
7154	3.28E-06	3
7155	2.12E-06	3
7156	6.95E-06	1
7157	4.43E-06	2
7158	6.65E-06	2
7159	6.02E-06	3
7160	5.12E-06	1
7161	6.49E-06	3
7162	2.38E-06	2
7163	7.15E-06	2
7164	2.80E-06	2
7165	6.51E-06	3
7166	4.12E-06	2
7167	3.94E-06	3
7168	3.85E-06	1
7169	4.00E-06	2
7170	4.17E-06	1
7171	3.97E-06	2
7172	2.94E-06	2
7173	3.31E-06	3
7174	5.38E-06	3
7175	4.08E-06	2
7176	5.08E-06	1
7177	2.85E-06	2
7178	8.34E-06	1
7179	4.49E-06	1
7180	3.03E-06	1
7181	4.17E-06	3
7182	1.67E-06	1
7183	3.97E-06	3
7184	4.63E-06	2
7185	5.69E-06	3
7186	3.42E-06	2
7187	1.69E-06	3
7188	4.78E-06	3
7189	2.53E-06	1
7190	3.35E-06	1
7191	2.55E-06	1
7192	4.22E-06	0
7193	4.96E-06	1
7194	7.39E-06	1
7195	7.11E-06	1
7196	3.47E-06	2
7197	5.50E-06	3
7198	5.71E-06	2
7199	5.63E-06	1
7200	3.49E-06	2
7201	6.99E-06	1
7202	5.93E-06	2
7203	3.54E-06	1
7204	1.50E-06	3
7205	3.34E-06	1
7206	3.49E-06	1
7207	3.63E-06	1
7208	3.72E-06	1
7209	4.74E-06	3
7210	6.13E-06	2
7211	3.90E-06	3
7212	5.65E-06	3
7213	4.61E-06	1
7214	5.79E-06	2
7215	2.22E-06	2
7216	6.79E-06	2
7217	1.93E-06	3
7218	2.74E-06	3
7219	3.55E-06	2
7220	2.71E-06	1
7221	9.30E-06	1
7222	4.64E-06	3
7224	6.00E-06	3
7225	4.20E-06	1
7226	5.59E-06	2
7227	2.85E-06	1
7228	4.42E-06	2
7229	4.16E-06	3
7230	6.25E-06	1
7231	4.73E-06	3
7232	5.30E-06	1
7233	2.95E-06	1
7234	5.39E-06	1
7235	7.37E-06	2
7236	9.16E-07	1
7237	4.64E-06	1
7238	3.30E-06	1
7239	3.42E-06	2
7240	2.70E-06	1
7241	2.95E-06	2
7242	5.72E-06	2
7243	3.90E-06	2
7244	5.18E-06	3
7245	1.84E-06	2
7246	2.03E-06	3
7247	4.87E-06	1
7248	3.94E-06	3
7249	2.87E-06	2
7250	2.16E-06	2
7251	2.17E-06	1
7253	4.73E-06	1
7254	6.46E-06	1
7255	5.46E-06	2
7256	5.03E-06	3
7257	5.58E-06	1
7258	4.73E-06	1
7259	2.27E-06	1
7260	3.03E-06	2
7261	3.52E-06	2
7262	3.89E-06	1
7263	6.82E-06	2
7264	4.86E-06	1
7265	6.36E-06	3
7266	4.83E-06	2
7267	2.64E-06	2
7268	3.43E-06	1
7269	7.17E-06	2
7270	1.76E-06	1
7271	4.94E-06	3
7272	5.93E-06	3
7273	4.94E-06	2
7274	6.15E-06	0
7275	2.59E-06	3
7276	5.78E-06	2
7277	3.81E-06	2
7278	7.73E-06	2
7279	2.53E-06	1
7280	2.99E-06	3
7281	5.08E-06	2
7282	3.46E-06	1
7283	4.30E-06	1
7284	5.68E-06	3
7285	7.07E-06	3
7286	4.60E-06	1
7287	2.71E-06	2
7288	6.86E-06	1
7289	4.17E-06	2
7290	4.95E-06	1
7291	7.09E-06	2
7292	2.78E-06	2
7293	7.93E-06	2
7294	4.96E-06	2
7295	6.71E-07	3
7296	3.53E-06	2
7297	6.96E-06	1
7298	4.22E-06	2
7299	4.61E-06	1
7300	7.27E-06	2
7301	2.81E-08	3
7303	4.09E-06	2
7304	2.79E-06	0
7305	4.27E-06	0
7306	2.98E-06	1
7307	4.50E-06	3
7309	5.95E-06	3
7310	8.32E-06	2
7311	2.91E-06	1
7312	3.09E-06	2
7313	5.68E-06	2
7314	2.81E-06	2
7315	4.49E-06	3
7316	4.64E-06	1
7317	6.01E-06	2
7318	4.33E-06	1
7319	2.27E-06	3
7320	2.33E-06	2
7321	3.60E-06	2
7322	8.06E-06	1
7323	2.85E-06	1
7324	7.16E-06	1
7325	5.99E-06	1
7326	2.91E-06	2
7327	7.25E-06	2
7328	4.73E-06	1
7329	4.99E-06	1
7330	6.95E-06	2
7331	6.42E-06	0
7332	4.79E-06	3
7333	2.72E-06	2
7334	7.56E-06	1
7335	3.43E-06	3
7336	4.91E-06	3
7337	1.99E-06	2
7338	4.72E-06	1
7339	5.23E-06	2
7340	2.06E-06	2
7341	4.80E-06	1
7342	4.01E-06	1
7343	3.87E-06	1
7344	2.48E-06	3
7345	6.58E-06	1
7346	2.27E-06	1
7347	4.70E-06	1
7348	3.33E-06	0
7349	3.31E-06	1
7350	5.39E-06	1
7351	4.85E-06	1
7352	6.11E-06	2
7353	2.72E-06	2
7354	6.12E-06	3
7355	1.63E-06	3
7356	1.46E-06	2
7357	2.79E-06	1
7358	3.09E-06	1
7359	5.43E-06	0
7360	2.25E-06	2
7361	5.54E-06	3
7363	4.52E-06	1
7364	1.66E-06	3
7365	3.67E-06	2
7366	4.32E-06	3
7367	3.55E-06	1
7368	5.53E-06	1
7369	7.28E-06	1
7370	6.54E-06	2
7371	6.87E-06	3
7372	2.75E-06	3
7373	3.32E-06	3
7374	5.06E-06	1
7375	2.43E-06	2
7376	5.25E-06	2
7377	3.31E-06	2
7378	1.99E-06	2
7379	3.50E-06	2
7380	5.03E-06	2
7381	2.23E-06	3
7382	4.74E-06	2
7383	4.47E-06	1
7384	3.89E-06	1
7385	2.30E-06	1
7386	3.15E-06	1
7387	4.17E-06	3
7388	4.66E-06	2
7389	2.84E-06	3
7390	3.67E-06	1
7391	6.62E-06	3
7392	3.89E-06	3
7393	4.59E-06	2
7394	3.32E-06	1
7395	6.06E-06	1
7396	2.94E-06	3
7397	6.99E-06	2
7398	5.21E-06	1
7399	4.05E-06	1
7400	6.33E-06	1
7401	1.83E-06	3
7402	3.10E-06	2
7403	8.13E-06	2
7404	3.70E-06	2
7405	1.05E-05	3
7406	2.69E-06	1
7407	8.38E-06	3
7408	7.11E-06	1
7409	3.03E-06	2
7410	2.49E-06	3
7411	3.22E-06	1
7412	3.04E-06	2
7413	3.25E-06	3
7414	3.50E-06	1
7415	3.61E-06	3
7416	3.08E-06	2
7417	3.58E-06	3
7418	4.15E-06	2
7420	5.83E-06	3
7421	4.37E-06	1
7422	3.25E-06	0
7423	6.15E-06	2
7424	4.77E-06	3
7425	7.46E-06	1
7426	5.19E-06	1
7427	8.74E-06	2
7428	2.65E-06	3
7429	2.28E-06	3
7430	4.67E-06	1
7431	3.45E-06	2
7432	3.23E-06	1
7433	4.51E-06	2
7434	5.77E-06	1
7435	4.37E-06	3
7436	5.42E-06	2
7437	7.68E-06	2
7438	1.38E-06	1
7439	1.99E-06	2
7440	2.57E-06	2
7442	7.44E-06	1
7443	2.71E-06	3
7444	3.60E-06	3
7445	3.42E-06	1
7447	8.15E-06	1
7448	6.27E-06	2
7449	3.51E-06	3
7450	3.71E-06	2
7451	8.39E-07	1
7452	5.96E-06	2
7454	1.49E-06	1
7455	4.79E-06	3
7456	5.37E-06	3
7457	5.47E-06	0
7458	2.58E-06	2
7459	4.06E-06	1
7460	2.73E-06	1
7461	1.37E-06	2
7462	2.89E-06	2
7463	1.73E-07	2
7464	7.88E-06	2
7465	2.41E-06	2
7466	5.13E-06	1
7467	3.08E-06	3
7468	6.27E-06	1
7469	4.69E-06	2
7470	2.64E-06	2
7471	5.05E-06	1
7472	2.86E-08	2
7473	3.35E-06	3
7474	5.00E-06	2
7475	5.41E-06	2
7476	1.75E-06	2
7477	2.54E-06	1
7478	2.57E-06	3
7479	4.14E-06	1
7480	6.15E-06	3
7481	2.15E-06	1
7482	3.21E-06	2
7483	3.69E-06	2
7484	4.29E-06	1
7485	2.84E-06	1
7486	5.28E-06	1
7487	4.08E-06	3
7488	4.20E-06	1
7489	7.40E-06	1
7490	3.25E-06	2
7491	1.56E-06	3
7492	3.03E-06	2
7493	3.95E-06	3
7494	3.04E-06	2
7495	4.02E-06	2
7496	2.74E-06	1
7497	8.09E-06	1
7498	3.75E-06	2
7499	8.70E-06	1
7500	4.50E-06	1
7501	5.56E-06	2
7502	2.35E-06	3
7503	2.54E-06	3
7504	5.04E-06	3
7505	3.44E-06	3
7506	8.42E-06	1
7507	4.38E-06	1
7508	2.84E-06	1
7509	5.02E-06	1
7510	7.04E-06	2
7511	6.80E-06	1
7512	6.20E-06	2
7513	6.26E-06	3
7514	3.21E-06	3
7515	1.42E-06	2
7516	2.60E-06	3
7517	4.10E-06	1
7518	1.90E-06	1
7519	3.04E-06	2
7520	5.09E-06	1
7521	7.28E-06	3
7522	6.62E-06	2
7523	6.78E-06	2
7524	3.60E-06	2
7525	3.02E-06	2
7526	4.31E-06	3
7527	2.14E-06	2
7528	2.35E-06	3
7529	4.58E-06	1
7531	2.01E-06	1
7532	2.18E-08	1
7533	2.51E-06	2
7534	5.08E-06	3
7535	4.35E-06	1
7536	4.47E-06	1
7537	3.30E-06	1
7538	2.04E-06	2
7539	6.20E-06	3
7540	3.71E-06	2
7541	6.36E-06	2
7542	4.24E-06	3
7543	6.84E-06	3
7544	1.59E-06	1
7545	2.63E-06	3
7546	4.74E-06	3
7547	1.12E-06	3
7548	6.25E-06	3
7549	5.34E-06	1
7550	3.45E-06	1
7551	4.05E-06	2
7552	2.83E-06	1
7553	5.13E-06	2
7554	7.29E-06	3
7555	1.83E-06	1
7556	4.15E-06	2
7558	3.53E-06	2
7559	3.73E-06	1
7560	5.46E-06	2
7561	4.14E-06	3
7562	3.12E-06	2
7563	7.29E-06	3
7564	6.32E-06	2
7565	6.80E-06	1
7566	7.00E-06	1
7567	4.93E-06	2
7568	5.09E-06	2
7569	7.70E-06	2
7570	3.03E-06	2
7571	4.48E-06	3
7572	5.62E-06	2
7573	3.27E-06	1
7574	4.52E-06	3
7575	3.75E-06	3
7576	3.52E-06	2
7577	3.21E-06	3
7578	1.00E-06	3
7579	4.75E-06	2
7580	2.25E-06	2
7581	2.89E-06	1
7582	6.95E-06	2
7583	3.74E-06	3
7584	6.08E-06	2
7585	2.88E-06	1
7586	1.52E-06	2
7587	2.89E-06	1
7588	2.43E-06	2
7589	4.30E-06	1
7591	2.39E-06	3
7592	4.18E-06	1
7593	3.54E-06	1
7594	2.44E-06	1
7595	2.23E-06	2
7596	4.50E-06	2
7597	5.05E-06	1
7598	4.42E-06	2
7599	1.65E-06	3
7600	5.95E-06	2
7601	4.56E-06	2
7602	2.40E-06	2
7603	1.94E-06	1
7604	3.06E-06	2
7605	5.36E-06	3
7606	3.25E-06	3
7607	2.86E-06	2
7608	3.51E-06	1
7609	4.63E-06	2
7610	3.18E-06	2
7611	3.50E-06	1
7612	7.02E-06	1
7613	5.72E-06	3
7614	4.93E-06	2
7615	2.91E-06	1
7616	3.27E-06	3
7617	2.96E-06	1
7618	3.56E-06	1
7619	2.82E-06	1
7620	6.09E-06	3
7621	7.25E-06	1
7622	4.75E-06	2
7623	4.70E-06	3
7624	5.75E-06	3
7625	3.32E-06	3
7626	4.00E-06	2
7627	8.13E-06	1
7628	4.16E-06	2
7629	2.51E-06	1
7630	4.83E-06	2
7631	6.57E-06	1
7632	3.01E-06	2
7633	2.12E-06	3
7634	3.38E-06	1
7635	1.25E-05	3
7636	3.36E-06	1
7637	5.03E-06	2
7638	5.46E-06	2
7639	4.02E-06	2
7640	3.84E-06	2
7641	6.15E-06	3
7642	5.16E-06	2
7643	3.11E-06	2
7644	8.92E-06	1
7645	5.17E-06	2
7646	7.43E-06	1
7647	5.82E-06	2
7648	4.52E-06	0
7649	2.92E-06	2
7650	6.35E-06	1
7651	1.43E-06	1
7652	2.32E-06	2
7653	3.25E-06	2
7655	3.62E-06	1
7656	1.19E-06	1
7657	3.27E-06	3
7658	3.00E-06	2
7659	2.42E-06	2
7660	6.04E-06	2
7661	3.47E-06	2
7662	5.25E-06	2
7663	5.01E-06	3
7664	3.91E-06	2
7665	6.57E-06	2
7666	5.61E-06	2
7667	4.74E-06	2
7668	7.77E-06	1
7669	2.98E-06	3
7670	3.48E-06	0
7671	2.27E-06	0
7672	3.55E-06	3
7673	5.58E-06	3
7674	2.88E-06	2
7675	4.37E-06	2
7676	2.44E-06	2
7677	2.54E-06	3
7678	4.08E-06	1
7679	3.79E-06	1
7680	3.58E-06	3
7681	3.51E-06	3
7682	3.82E-06	1
7683	4.41E-06	2
7684	2.34E-06	3
7685	6.62E-06	3
7686	3.33E-06	1
7687	5.95E-06	3
7688	3.19E-06	3
7689	3.79E-06	3
7690	3.21E-06	2
7691	4.75E-06	2
7692	3.89E-06	2
7693	1.98E-06	3
7694	1.75E-06	3
7695	4.94E-06	1
7696	1.56E-06	2
7697	4.52E-06	2
7698	5.30E-06	2
7699	6.68E-06	1
7700	5.95E-06	3
7701	3.34E-06	0
7702	4.37E-06	3
7703	5.95E-06	2
7704	5.71E-06	2
7705	3.04E-06	1
7706	4.94E-06	2
7707	5.13E-06	2
7708	7.14E-06	3
	5.04E-06	
	6.32E-06	
	7.41E-06	
	6.34E-06	
	3.80E-06	
	3.29E-06	
	8.19E-06	
	4.49E-06	
	6.11E-06	
	2.21E-06	
	6.51E-06	
	5.71E-06	
	3.73E-06	
	6.96E-06	
	5.61E-06	
	2.57E-06	
	4.75E-06	
	3.82E-06	
	2.43E-06	
	2.71E-06	
	5.90E-06	
	7.09E-06	
	3.60E-06	
