candidate_id	reference_id	similarity score	dist	score
5978	1	0.000180753	8.618379593	1
5979	1	0.000153315	8.783013344	2
5980	1	8.28E-05	9.398663521	1
5981	1	7.53E-05	9.49443531	1
5982	1	0.000282924	8.170331955	2
5983	1	8.84E-05	9.334119797	1
5984	1	7.49E-05	9.499053001	1
5985	1	3.26E-05	10.33210754	0
5986	1	0.000206037	8.487454414	2
5987	1	0.000164747	8.711096764	3
5988	1	0.000175206	8.649547577	3
5989	1	0.000160523	8.737071037	1
5990	1	0.000164137	8.71480751	3
5991	1	0.000284136	8.166057587	2
5992	1	0.000172393	8.665734291	1
5993	1	0.000137544	8.891569138	2
5994	1	0.000141606	8.862462997	2
5995	1	0.000139803	8.875278473	2
5996	1	0.000217901	8.431470871	1
5997	1	0.000189154	8.572950363	2
5998	1	0.000188534	8.576234818	2
5999	1	9.54E-05	9.257479668	1
6000	1	0.000221945	8.413081169	2
6001	1	0.000106835	9.144227982	1
6002	1	0.000125969	8.979474068	2
6003	1	0.000447049	7.712841511	3
6004	1	3.11E-05	10.37761497	1
6005	1	0.000160857	8.734994888	3
6006	1	0.000187543	8.581501961	2
6007	1	0.000212769	8.455305099	3
6008	1	0.000157797	8.754199982	1
6010	1	0.00025511	8.273817062	1
6011	1	0.000212184	8.458057404	1
6012	1	5.55E-05	9.798728943	0
6013	1	0.000158517	8.749647141	1
6014	1	0.000322995	8.037872314	3
6015	1	0.000271281	8.212356567	2
6016	1	0.000202138	8.506562233	3
6017	1	0.000162362	8.725683212	1
6018	1	8.92E-05	9.325147629	2
6019	1	0.00023386	8.360788345	1
6020	1	0.000322076	8.040721893	2
6021	1	0.000125902	8.980005264	2
6022	1	0.000127051	8.970921516	2
6023	1	0.000388295	7.853745461	2
6024	1	0.000186089	8.589286804	1
6025	1	4.78E-05	9.949214935	1
6026	1	0.00014748	8.821820259	3
6027	1	0.000253942	8.278404236	3
6028	1	6.98E-05	9.570285797	2
6029	1	0.000119128	9.035308838	1
6030	1	0.000203372	8.50047493	3
6031	1	0.000262248	8.246220589	3
6032	1	7.74E-05	9.466288567	2
6033	1	0.000228806	8.382634163	3
6034	1	0.000207193	8.481862068	2
6035	1	0.000113745	9.081553459	1
6036	1	0.000137353	8.892957687	2
6037	1	0.000250051	8.293847084	2
6038	1	7.34E-05	9.519462585	2
6039	1	0.00013548	8.90668869	1
6040	1	0.000268176	8.223866463	1
6041	1	0.000110317	9.112150192	2
6042	1	0.000452907	7.699824333	2
6043	1	0.000158597	8.749142647	1
6044	1	3.42E-05	10.2830162	2
6045	1	0.000154391	8.776021957	2
6046	1	0.000167189	8.696386337	1
6047	1	8.50E-05	9.372725487	1
6048	1	0.000107424	9.138727188	1
6049	1	0.000201527	8.509587288	1
6050	1	0.000300974	8.108488083	3
6051	1	0.000139532	8.877216339	1
6052	1	0.000146233	8.830310822	2
6053	1	0.000140061	8.873432159	1
6054	1	0.000156609	8.761759758	1
6055	1	6.93E-05	9.577783585	2
6056	1	0.000135971	8.903067589	1
6057	1	0.000317225	8.05589962	3
6058	1	0.00015248	8.788479805	2
6059	1	0.000141675	8.861973763	1
6060	1	7.66E-05	9.477519989	1
6061	1	0.000337561	7.993764877	3
6062	1	0.000119948	9.028450966	1
6063	1	0.000239227	8.338098526	2
6064	1	0.000175004	8.650704384	2
6065	1	0.000110074	9.114361763	2
6066	1	7.57E-05	9.489053726	1
6067	1	9.80E-05	9.230343819	1
6068	1	0.000163469	8.718885422	2
6069	1	9.74E-05	9.236268044	2
6070	1	0.000408392	7.803283215	2
6071	1	0.000238845	8.339694977	2
6072	1	8.66E-05	9.35388279	2
6073	1	0.000151165	8.797138214	2
6074	1	8.97E-05	9.318846703	2
6075	1	0.000251424	8.288368225	3
6076	1	0.000106401	9.148299217	2
6077	1	0.000137368	8.892845154	1
6078	1	0.000192286	8.556529045	2
6079	1	0.000273928	8.202646255	3
6080	1	0.000257778	8.263411522	2
6081	1	0.000145354	8.836338043	2
6082	1	0.00018354	8.603075981	1
6083	1	8.69E-05	9.350549698	1
6084	1	0.000154177	8.777410507	3
6085	1	0.000256046	8.270154953	3
6086	1	0.000177196	8.638255119	1
6087	1	0.000161803	8.729130745	2
6088	1	0.000140085	8.873259544	2
6089	1	0.000154596	8.774694443	3
6090	1	0.000124758	8.989133835	1
6091	1	0.000199768	8.518354416	3
6092	1	9.12E-05	9.302623749	1
6093	1	0.000168392	8.689218521	1
6094	1	0.000164041	8.715395927	1
6095	1	0.000235611	8.353326797	3
6096	1	0.000177643	8.635733604	2
6097	1	0.000213227	8.45315361	1
6098	1	0.000105664	9.155244827	3
6099	1	3.53E-05	10.25252247	1
6100	1	0.000230575	8.37493515	2
6101	1	0.000151854	8.792590141	2
6102	1	0.000103698	9.174023628	2
6103	1	0.000180704	8.618648529	2
6104	1	0.00012697	8.971559525	1
6105	1	0.000191075	8.562846184	3
6106	1	0.00011094	9.106524467	1
6107	1	0.00011001	9.114936829	2
6108	1	0.000181386	8.614880562	1
6109	1	0.000188895	8.574316978	2
6110	1	9.37E-05	9.274934769	2
6111	1	0.000222329	8.41135025	2
6112	1	0.000209692	8.46986866	1
6113	1	0.000203421	8.500232697	3
6114	1	6.61E-05	9.624855995	1
6115	1	6.24E-05	9.681727409	2
6116	1	0.00014965	8.807210922	2
6117	1	9.04E-05	9.31179142	1
6118	1	0.000108903	9.125055313	3
6119	1	0.00015847	8.749944687	1
6120	1	0.000128368	8.96061039	2
6121	1	0.000206719	8.48415184	3
6122	1	0.000215005	8.444849014	2
6123	1	0.000123204	9.001671791	3
6124	1	0.000228305	8.384829521	3
6125	1	0.000206076	8.48726368	2
6126	1	0.000191095	8.562738419	1
6127	1	0.00021119	8.462750435	3
6128	1	0.00027163	8.211069107	3
6129	1	0.000109181	9.122506142	2
6130	1	0.000139594	8.876770973	1
6131	1	0.000127024	8.971135139	1
6132	1	0.000142348	8.857233047	3
6133	1	9.54E-05	9.257358551	1
6134	1	0.000117273	9.05100441	2
6135	1	0.000148065	8.817862511	2
6136	1	0.0001042	9.169194221	1
6137	1	0.000188589	8.575942993	2
6138	1	0.00024182	8.327318192	2
6139	1	0.000138913	8.881662369	2
6140	1	0.000124783	8.988936424	1
6141	1	0.000317118	8.056238174	2
6142	1	0.000284525	8.164689064	2
6143	1	0.000162026	8.727755547	3
6144	1	0.000130182	8.946573257	3
6145	1	0.00030683	8.089217186	3
6146	1	0.000198389	8.525281906	2
6147	1	9.18E-05	9.295604706	2
6148	1	5.32E-05	9.841132164	2
6149	1	0.000157362	8.756960869	2
6150	1	0.000190987	8.563307762	2
6151	1	0.000110954	9.106394768	2
6152	1	0.000211221	8.462605476	2
6153	1	6.35E-05	9.664810181	2
6154	1	0.000204251	8.496163368	1
6155	1	0.000200126	8.516562462	1
6156	1	0.000131514	8.936393738	2
6157	1	0.000153082	8.784536362	3
6158	1	0.000238656	8.340485573	3
6159	1	9.58E-05	9.253134727	2
6160	1	0.00019974	8.518496513	2
6161	1	7.39E-05	9.512384415	2
6162	1	0.000101179	9.198617935	2
6163	1	0.000114885	9.071581841	1
6164	1	0.000182328	8.609704018	2
6165	1	0.000222552	8.410349846	3
6166	1	8.73E-05	9.345890999	1
6167	1	0.000120894	9.020599365	3
6168	1	0.000177227	8.63807869	2
6169	1	0.000164476	8.712745667	2
6170	1	0.000113391	9.084665298	1
6171	1	0.000286051	8.159338951	3
6172	1	0.000225993	8.39500618	2
6173	1	0.000112242	9.094854355	1
6174	1	0.000169084	8.685115814	2
6175	1	0.000116021	9.061742783	1
6176	1	9.71E-05	9.239778519	1
6177	1	0.000243657	8.319749832	2
6178	1	0.000316982	8.056665421	3
6179	1	7.58E-05	9.487189293	2
6180	1	0.000190922	8.56364727	3
6181	1	0.000202745	8.503563881	3
6182	1	0.000221785	8.413802147	3
6183	1	0.000260887	8.251421928	3
6184	1	0.000185503	8.592437744	1
6185	1	0.000121965	9.011774063	2
6186	1	0.000108372	9.129938126	2
6187	1	0.000153753	8.780165672	1
6188	1	5.99E-05	9.722314835	0
6189	1	6.73E-05	9.606151581	1
6190	1	0.000138463	8.884904861	2
6191	1	0.000239148	8.338429451	2
6192	1	0.000296884	8.122167587	3
6193	1	0.000117103	9.052453995	1
6194	1	0.000162264	8.726285934	3
6195	1	0.000165193	8.708397865	3
6196	1	8.39E-05	9.385464668	1
6197	1	0.000132494	8.928974152	2
6198	1	0.000143483	8.849293709	3
6199	1	9.03E-05	9.311882973	2
6200	1	0.00013283	8.926444054	0
6201	1	0.000127135	8.970257759	2
6202	1	8.66E-05	9.354252815	1
6203	1	0.000126579	8.974646568	3
6204	1	0.000229449	8.37983036	1
6205	1	0.00015006	8.804474831	2
6206	1	7.09E-05	9.55476284	0
6207	1	5.34E-05	9.837783813	0
6208	1	0.000120822	9.021188736	3
6209	1	0.000117386	9.050045013	2
6210	1	0.000217659	8.432582855	2
6211	1	0.000204351	8.49567318	1
6212	1	0.000300202	8.11105442	2
6213	1	0.000148262	8.816531181	1
6214	1	0.000141934	8.860150337	1
6215	1	6.41E-05	9.655453682	1
6216	1	0.000202563	8.504458427	2
6217	1	9.04E-05	9.31152916	1
6218	1	0.000130062	8.947502136	2
6219	1	0.000184246	8.599236488	2
6220	1	0.00011383	9.080802917	2
6221	1	0.000105955	9.152497292	2
6222	1	0.000136189	8.90146637	2
6223	1	0.000249795	8.29487133	3
6224	1	0.000152988	8.785149574	2
6225	1	0.000241204	8.329865456	3
6226	1	0.000101882	9.191692352	3
6227	1	9.35E-05	9.277186394	1
6228	1	0.00024073	8.331834793	3
6229	1	0.00011847	9.040850639	1
6230	1	0.000135556	8.906124115	1
6231	1	0.000240081	8.334533691	2
6232	1	0.00019119	8.562240601	1
6233	1	0.00014148	8.863352776	2
6234	1	8.75E-05	9.344303131	1
6235	1	0.000178073	8.633317947	1
6236	1	0.000211359	8.461950302	2
6237	1	0.000173766	8.657803535	2
6238	1	2.49E-05	10.59905148	0
6239	1	0.00011982	9.029520988	2
6240	1	0.000183981	8.60067749	3
6241	1	0.000105401	9.157739639	1
6242	1	0.000113003	9.088093758	1
6243	1	0.000193805	8.548657417	2
6244	1	0.000172903	8.662780762	1
6245	1	0.000121565	9.01506424	3
6246	1	0.000199769	8.518350601	1
6247	1	0.000172911	8.662734985	3
6248	1	0.000149829	8.806015968	1
6249	1	0.000290439	8.144118309	3
6250	1	0.000157502	8.756072998	3
6251	1	0.000148323	8.816119194	1
6252	1	9.76E-05	9.234152794	1
6253	1	0.000400718	7.82225275	3
6254	1	0.000150027	8.80469799	3
6255	1	0.000114118	9.078279495	1
6256	1	0.000115741	9.064153671	1
6257	1	0.000149114	8.810796738	1
6258	1	0.000118477	9.040789604	1
6259	1	8.90E-05	9.327094078	3
6260	1	5.67E-05	9.777982712	2
6261	1	0.000203217	8.501234055	1
6262	1	0.000200263	8.515878677	3
6263	1	0.00018369	8.602262497	3
6264	1	0.000182702	8.607655525	3
6265	1	0.000233001	8.364465714	2
6266	1	6.69E-05	9.612071037	1
6267	1	0.000154078	8.778054237	3
6268	1	0.000361147	7.926224232	3
6269	1	9.02E-06	11.61641693	1
6270	1	0.000217779	8.432027817	3
6271	1	0.000177953	8.633990288	2
6272	1	0.000167193	8.696360588	2
6273	1	5.79E-05	9.756783485	1
6274	1	0.000125571	8.982642174	1
6275	1	8.94E-05	9.322156906	1
6276	1	0.000178342	8.631808281	3
6277	1	0.000171846	8.66891098	1
6278	1	0.000111961	9.097363472	1
6279	1	0.000152015	8.79153347	2
6280	1	0.000217041	8.435422897	3
6281	1	0.000178362	8.631694794	1
6282	1	0.000212579	8.456198692	3
6283	1	9.38E-05	9.273842812	1
6284	1	0.000226841	8.391260147	3
6285	1	0.000180053	8.622262001	2
6286	1	0.000169369	8.683433533	3
6287	1	0.000155224	8.77063942	3
6288	1	0.000137614	8.891057014	2
6289	1	0.000110892	9.106952667	2
6290	1	0.000250019	8.293973923	1
6291	1	0.00013402	8.917521477	2
6292	1	0.000211889	8.459446907	3
6293	1	0.000160015	8.740242004	2
6294	1	0.000122655	9.006136894	1
6295	1	0.00010625	9.149719238	2
6296	1	0.000113127	9.086997032	0
6297	1	0.000209726	8.469707489	1
6298	1	8.96E-05	9.32011795	1
6299	1	0.000236813	8.348238945	2
6300	1	0.000488668	7.623827457	3
6301	1	0.000360624	7.92767334	3
6302	1	0.000160912	8.734651566	2
6303	1	0.000150354	8.80251503	1
6304	1	0.000115211	9.068745613	1
6305	1	0.000141965	8.859930992	3
6306	1	0.000126918	8.971970558	1
6307	1	0.000209313	8.471679688	2
6308	1	0.000142977	8.852829933	3
6309	1	0.000113243	9.085977554	1
6310	1	0.000171767	8.669369698	3
6311	1	0.000105117	9.160432816	2
6312	1	0.000174566	8.653204918	2
6313	1	0.000277323	8.190327644	3
6314	1	0.000118226	9.042916298	1
6315	1	0.000184818	8.596140862	2
6316	1	0.000125979	8.979394913	1
6317	1	0.000184727	8.596630096	2
6318	1	0.000270942	8.213603973	1
6319	1	8.95E-05	9.321784973	1
6320	1	0.000106088	9.151241302	1
6321	1	0.000102149	9.189078331	1
6322	1	0.000150358	8.802489281	2
6323	1	0.000122347	9.008648872	1
6324	1	6.96E-05	9.572915077	1
6325	1	0.000157523	8.755940437	2
6326	1	0.000172419	8.665585518	1
6327	1	0.000174167	8.655493736	2
6328	1	0.000213102	8.45374012	2
6329	1	0.000198823	8.523093224	2
6330	1	0.000411097	7.796681881	3
6331	1	0.000299672	8.112820625	3
6332	1	0.000124883	8.988136292	3
6333	1	0.000136334	8.90040493	3
6334	1	0.000143983	8.845817566	2
6335	1	0.000235484	8.353867531	3
6336	1	0.000170278	8.678078651	3
6337	1	0.000172665	8.664159775	2
6338	1	0.00021425	8.448365211	2
6339	1	0.000246378	8.308643341	2
6340	1	0.000218172	8.43022728	3
6341	1	8.84E-05	9.333936691	2
6342	1	0.000232835	8.365181923	1
6343	1	9.72E-05	9.238901138	1
6344	1	0.000189957	8.568714142	2
6345	1	0.000148865	8.812467575	2
6346	1	0.000167106	8.696884155	2
6347	1	0.000225214	8.398457527	3
6348	1	0.000295176	8.127937317	1
6349	1	0.000236098	8.351264954	3
6350	1	0.000120061	9.027506828	2
6351	1	0.000225301	8.39807415	3
6352	1	0.000174482	8.653688431	2
6353	1	0.00022642	8.393119812	3
6354	1	0.000132146	8.931602478	1
6355	1	0.000132931	8.925678253	2
6356	1	4.76E-05	9.951756477	1
6357	1	0.000127174	8.969955444	2
6358	1	0.000196129	8.536738396	2
6359	1	0.000241671	8.327935219	1
6360	1	0.000209444	8.471053123	2
6361	1	0.000128192	8.961979866	2
6362	1	0.000118847	9.03767395	1
6363	1	0.000137869	8.889204025	3
6364	1	0.000345024	7.971895218	3
6365	1	0.00019995	8.517445564	2
6366	1	0.000186393	8.587655067	3
6367	1	0.000141998	8.859696388	2
6368	1	3.82E-05	10.17313099	1
6369	1	0.000158805	8.747832298	1
6370	1	6.64E-05	9.619271278	0
6371	1	0.000126902	8.972094536	3
6372	1	0.000179644	8.624530792	2
6373	1	0.000164337	8.713593483	2
6374	1	0.000157678	8.754953384	2
6375	1	0.00015843	8.75019455	1
6376	1	0.000209172	8.472355843	2
6377	1	0.000195083	8.542087555	3
6378	1	0.000180536	8.619578362	3
6379	1	0.000202214	8.506184578	3
6380	1	0.000134324	8.915253639	1
6381	1	0.000178766	8.629430771	3
6382	1	6.26E-05	9.67828083	1
6383	1	0.000127749	8.965439796	2
6384	1	0.000175035	8.650524139	3
6385	1	0.000121205	9.018023491	2
6386	1	0.000103394	9.176966667	2
6387	1	0.000323679	8.035757065	3
6388	1	0.000200487	8.514761925	3
6389	1	0.000169174	8.684585571	2
6390	1	7.17E-05	9.542953491	2
6391	1	0.000190251	8.567167282	1
6392	1	0.000429229	7.753520489	3
6393	1	0.000162434	8.725236893	1
6394	1	4.73E-05	9.959867477	1
6395	1	0.000159632	8.742637634	2
6396	1	0.000464112	7.675384521	3
6397	1	0.000202937	8.502614975	2
6398	1	0.000140317	8.871605873	2
6399	1	0.00012659	8.97455883	2
6400	1	0.000297662	8.119552612	2
6401	1	0.000114372	9.07605648	2
6402	1	0.000122754	9.005326271	2
6403	1	5.68E-06	12.07932186	0
6404	1	0.000193837	8.548491478	1
6405	1	0.000133209	8.923592567	3
6406	1	8.56E-05	9.365740776	2
6407	1	0.000223033	8.40818882	2
6408	1	0.000211402	8.461749077	3
6409	1	0.000117632	9.047952652	2
6410	1	0.000186937	8.584738731	3
6411	1	5.13E-05	9.878046989	1
6412	1	0.000113719	9.081784248	1
6413	1	0.000180246	8.621190071	2
6414	1	0.000106919	9.1434412	1
6415	1	0.000206969	8.482940674	2
6416	1	8.60E-05	9.360629082	1
6417	1	0.00023636	8.350153923	3
6418	1	0.000209723	8.469724655	2
6419	1	0.000321257	8.043268204	3
6420	1	8.39E-05	9.386087418	1
6421	1	9.25E-05	9.288691521	1
6422	1	7.14E-05	9.547767639	1
6423	1	0.000188908	8.574249268	3
6424	1	0.000196595	8.5343647	2
6425	1	8.39E-05	9.386163712	2
6426	1	0.000113776	9.081277847	2
6427	1	0.000133277	8.923080444	1
6428	1	0.0002294	8.380043983	2
6429	1	9.17E-05	9.296625137	1
6430	1	0.000191538	8.560422897	1
6431	1	8.56E-05	9.36605072	1
6432	1	6.31E-05	9.670506477	3
6433	1	0.000212593	8.456130028	2
6434	1	0.000200793	8.513235092	2
6435	1	9.65E-05	9.245662689	1
6436	1	0.000179215	8.626924515	2
6437	1	0.000147436	8.822115898	2
6438	1	9.92E-05	9.218559265	1
6439	1	0.000148854	8.812542915	1
6440	1	8.54E-05	9.367638588	1
6441	1	0.000189026	8.573626518	3
6442	1	6.30E-05	9.671971321	1
6443	1	0.000173943	8.65678215	2
6444	1	0.00026538	8.23434639	3
6445	1	0.000266528	8.230032921	3
6446	1	9.98E-05	9.212562561	3
6447	1	8.27E-05	9.400611877	2
6448	1	0.000310453	8.077477455	2
6449	1	3.65E-06	12.51956463	0
6450	1	0.000103759	9.173437119	2
6451	1	0.000140639	8.86931324	1
6452	1	0.000151498	8.794938087	1
6453	1	9.93E-05	9.217266083	1
6454	1	9.88E-05	9.222220421	2
6455	1	0.000329837	8.016911507	3
6456	1	9.05E-05	9.310537338	1
6457	1	0.000199396	8.520217896	2
6458	1	7.68E-05	9.474322319	1
6459	1	0.000171786	8.669262886	2
6460	1	0.00013413	8.916697502	2
6461	1	8.91E-05	9.32535553	2
6462	1	0.000153394	8.782502174	3
6463	1	0.000150348	8.802556992	3
6464	1	7.54E-05	9.492322922	1
6465	1	0.000175652	8.647006035	2
6466	1	0.000136098	8.902134895	2
6467	1	0.000142518	8.856044769	1
6468	1	0.000118661	9.039236069	2
6469	1	0.000148201	8.816942215	1
6470	1	0.000410764	7.797492027	2
6471	1	0.000166582	8.70002079	1
6472	1	0.000197666	8.528931618	3
6473	1	0.000212341	8.45731926	2
6474	1	0.000156824	8.760388374	2
6475	1	4.52E-05	10.00420094	1
6476	1	7.99E-05	9.434518814	3
6477	1	0.000122854	9.004513741	2
6478	1	0.000235392	8.35425663	3
6479	1	6.28E-05	9.675061226	0
6480	1	0.00015053	8.801344872	2
6481	1	4.22E-05	10.07193756	1
6482	1	6.46E-05	9.648014069	1
6483	1	0.000167979	8.691673279	3
6484	1	0.000294811	8.129175186	3
6485	1	0.000276384	8.193719864	3
6486	1	0.000284718	8.164010048	2
6487	1	0.000235286	8.354707718	3
6488	1	0.000132541	8.928620338	1
6489	1	9.88E-05	9.222312927	2
6490	1	0.000114516	9.074795723	1
6491	1	0.000271732	8.210693359	3
6492	1	0.000174683	8.652535439	2
6493	1	0.000275994	8.195133209	2
6494	1	0.000178756	8.629488945	3
6495	1	0.000125964	8.979517937	2
6496	1	0.000154408	8.775914192	1
6497	1	0.000184849	8.595973969	2
6498	1	0.000123551	8.998858452	2
6499	1	0.000224352	8.402294159	1
6500	1	0.000153385	8.782557487	2
6501	1	5.98E-05	9.725128174	1
6502	1	0.000112828	9.089644432	2
6503	1	0.000146291	8.829914093	2
6504	1	0.000138958	8.881337166	1
6505	1	0.000151821	8.792806625	3
6506	1	9.16E-05	9.297682762	1
6507	1	0.000292159	8.138213158	3
6508	1	0.000153453	8.782115936	2
6509	1	0.000162229	8.726502419	1
6510	1	0.000164195	8.714458466	2
6511	1	0.000177532	8.636361122	2
6512	1	0.000186851	8.585196495	3
6513	1	0.00026954	8.218793869	2
6514	1	0.000110823	9.107580185	1
6515	1	8.00E-05	9.433419228	1
6516	1	0.000257375	8.264975548	3
6517	1	0.000114328	9.076436043	1
6518	1	0.000162771	8.723167419	1
6519	1	0.000114144	9.078047752	2
6520	1	0.000258125	8.262065887	2
6521	1	0.000190726	8.564670563	2
6522	1	0.000124559	8.990728378	2
6523	1	0.000215432	8.442863464	2
6524	1	0.00027105	8.213208199	2
6525	1	0.000126278	8.977021217	2
6526	1	9.71E-05	9.240110397	1
6527	1	0.000151889	8.792361259	2
6528	1	0.000143075	8.852143288	2
6529	1	0.000131829	8.934008598	2
6530	1	0.000110702	9.108672142	3
6531	1	0.000180782	8.618217468	1
6532	1	0.000220223	8.420871735	3
6533	1	0.000203153	8.501550674	2
6534	1	0.000203515	8.499771118	1
6535	1	0.000112504	9.092525482	2
6536	1	9.58E-05	9.253505707	2
6537	1	0.000141894	8.860432625	1
6538	1	0.000131465	8.936766624	0
6539	1	8.60E-05	9.361214638	1
6540	1	0.000107941	9.133921623	2
6541	1	0.000171445	8.671250343	2
6542	1	0.000256023	8.270243645	2
6543	1	0.000114601	9.074053764	3
6544	1	0.000101637	9.194102287	2
6545	1	0.000127283	8.969096184	1
6546	1	0.000180125	8.621858597	1
6547	1	8.90E-05	9.326848984	2
6548	1	0.000124011	8.995142937	1
6549	1	0.000282295	8.172558784	1
6550	1	0.000118858	9.037579536	1
6551	1	0.000230743	8.374204636	2
6552	1	6.49E-05	9.643397331	1
6553	1	0.000270284	8.216036797	2
6554	1	0.000235462	8.353960037	3
6555	1	6.33E-05	9.667196274	1
6556	1	0.000121513	9.015490532	1
6557	1	0.00011887	9.037478447	1
6558	1	0.000322179	8.04040432	1
6559	1	0.000103914	9.171945572	2
6560	1	0.000141413	8.863824844	1
6561	1	0.000309669	8.080007553	2
6562	1	0.000108237	9.131187439	1
6563	1	0.000180287	8.620959282	3
6564	1	0.0001213	9.017242432	3
6565	1	0.000150484	8.801656723	1
6566	1	0.000206292	8.486216545	3
6567	1	0.000132778	8.926832199	1
6568	1	0.000203397	8.500350952	1
6569	1	0.000136389	8.899999619	1
6570	1	0.000159167	8.745558739	2
6571	1	0.00017098	8.673965454	2
6572	1	0.000196448	8.535112381	3
6573	1	8.02E-05	9.430805206	1
6575	1	0.000286138	8.159034729	3
6576	1	0.000161211	8.732797623	2
6577	1	0.000103757	9.17346096	1
6578	1	0.000175187	8.649655342	3
6579	1	0.000200869	8.512859344	2
6580	1	0.000164087	8.715114594	2
6581	1	0.000273507	8.204182625	1
6582	1	0.000318666	8.051365852	2
6583	1	0.000113568	9.083112717	2
6584	1	0.000174764	8.652076721	3
6585	1	4.93E-05	9.917013168	0
6586	1	4.29E-05	10.05608845	2
6587	1	0.000135765	8.904583931	1
6588	1	0.000112509	9.092473984	0
6589	1	9.45E-05	9.267285347	1
6590	1	0.000152479	8.788485527	2
6591	1	0.000147449	8.822031021	1
6592	1	0.000150715	8.800120354	3
6593	1	8.29E-05	9.397356987	2
6594	1	0.000288357	8.151310921	1
6595	1	0.000134395	8.914729118	1
6596	1	0.000197858	8.52795887	2
6597	1	0.000227543	8.388169289	3
6598	1	0.000198568	8.524380684	1
6599	1	0.000406039	7.809062481	3
6600	1	0.000144986	8.838874817	3
6601	1	0.000117091	9.05256176	2
6602	1	0.000141407	8.86386776	1
6603	1	0.000155811	8.766868591	1
6604	1	0.000189792	8.569582939	2
6605	1	7.06E-05	9.558558464	1
6606	1	0.000135819	8.904185295	2
6607	1	0.000167019	8.697402954	2
6608	1	0.000216574	8.437578201	2
6609	1	0.000163311	8.719854355	2
6610	1	0.000165488	8.706613541	1
6611	1	5.69E-05	9.77508831	1
6612	1	0.000107484	9.13816452	1
6613	1	0.000209706	8.469801903	1
6614	1	9.97E-05	9.213785172	1
6615	1	0.000163115	8.721055984	3
6616	1	5.42E-05	9.821907997	0
6617	1	0.000129251	8.953754425	2
6618	1	0.000113726	9.081721306	2
6619	1	0.000123993	8.995288849	3
6620	1	7.80E-05	9.458301544	1
6621	1	0.00016442	8.713085175	1
6622	1	0.000217944	8.43127346	1
6623	1	0.000240664	8.332107544	2
6624	1	0.000127052	8.970912933	1
6625	1	9.67E-05	9.244379997	2
6626	1	0.000101312	9.197301865	2
6627	1	0.000249963	8.294196129	2
6628	1	0.000174473	8.653740883	1
6629	1	0.00014779	8.819719315	1
6630	1	5.40E-05	9.825874329	1
6631	1	0.000127359	8.968502998	2
6632	1	5.50E-05	9.807975769	2
6633	1	0.000172838	8.663154602	3
6634	1	6.50E-05	9.641676903	1
6635	1	0.000134692	8.912519455	2
6636	1	0.000446942	7.713081837	3
6637	1	0.000481463	7.638681889	3
6638	1	0.00013244	8.929381371	2
6639	1	0.000181333	8.615174294	2
6640	1	0.000104063	9.170513153	1
6641	1	0.000106865	9.143943787	1
6642	1	7.27E-05	9.528722763	1
6643	1	0.000257205	8.265638351	2
6644	1	0.000140577	8.869758606	1
6645	1	0.000251793	8.286904335	3
6646	1	0.000129314	8.953264236	3
6647	1	4.77E-05	9.951386452	1
6648	1	0.000200843	8.512987137	2
6649	1	0.000138464	8.884897232	1
6650	1	0.000113021	9.087934494	1
6651	1	0.000228111	8.385678291	3
6652	1	0.000204013	8.497328758	1
6653	1	0.000211616	8.460738182	1
6654	1	0.000218607	8.428233147	1
6655	1	0.000113594	9.082880974	3
6656	1	5.91E-05	9.735918999	0
6657	1	0.00030071	8.109365463	3
6658	1	0.000129749	8.94990921	2
6659	1	0.000226768	8.391581535	2
6660	1	0.000188867	8.574469566	1
6661	1	0.000277445	8.189887047	3
6662	1	0.00016114	8.733235359	2
6663	1	0.00012007	9.027436256	2
6664	1	0.000250016	8.293984413	2
6665	1	7.06E-05	9.558426857	2
6666	1	0.000187184	8.583417892	2
6667	1	4.95E-05	9.912537575	1
6668	1	0.000108162	9.131876945	1
6669	1	0.000180269	8.621062279	3
6670	1	7.48E-05	9.500425339	1
6671	1	0.00010339	9.177004814	1
6672	1	0.000186385	8.587694168	3
6673	1	7.87E-05	9.449850082	0
6674	1	6.48E-05	9.643784523	0
6675	1	0.000117333	9.050490379	2
6676	1	0.0003103	8.077970505	2
6677	1	0.000161877	8.728672981	3
6678	1	0.000135242	8.908445358	2
6679	1	0.000144576	8.841704369	2
6680	1	0.00020493	8.492839813	3
6681	1	0.000225462	8.397357941	2
6682	1	0.000204895	8.493015289	3
6683	1	0.000102043	9.190114021	1
6684	1	0.000186795	8.585499763	1
6685	1	0.000162781	8.723103523	2
6686	1	7.77E-05	9.462446213	3
6687	1	0.000234385	8.358543396	2
6688	1	0.00020547	8.490210533	1
6689	1	0.000227894	8.386629105	1
6690	1	0.000340467	7.985192299	3
6691	1	0.000127731	8.965583801	1
6692	1	0.00017289	8.662852287	2
6693	1	0.000195823	8.538297653	2
6694	1	0.000359747	7.930110931	3
6695	1	9.53E-05	9.258489609	1
6696	1	0.000233531	8.362195015	3
6697	1	0.000192689	8.554430962	2
6698	1	0.000174623	8.652881622	2
6699	1	0.00020464	8.494259834	3
6700	1	0.000114054	9.078835487	2
6701	1	0.000332123	8.010004997	3
6702	1	7.69E-05	9.472949028	1
6703	1	0.000165524	8.706393242	1
6704	1	0.000124907	8.987937927	2
6705	1	0.000201012	8.512145996	3
6706	1	0.000278092	8.187559128	2
6707	1	0.000407312	7.805930138	3
6708	1	4.17E-05	10.08537769	1
6709	1	0.000292966	8.135454178	2
6710	1	7.89E-05	9.447305679	2
6711	1	0.000176319	8.643213272	2
6712	1	0.000264429	8.237937927	3
6713	1	0.000179516	8.625248909	2
6714	1	0.000286963	8.156157494	2
6715	1	8.60E-05	9.361592293	2
6716	1	0.000239927	8.335174561	3
6717	1	0.000263306	8.242194176	2
6718	1	0.000193278	8.551382065	1
6719	1	0.00014507	8.838291168	1
6720	1	0.000129345	8.953023911	1
6721	1	0.000129137	8.954639435	2
6722	1	0.000129447	8.952237129	1
6723	1	9.15E-05	9.298989296	1
6724	1	0.000201141	8.511505127	1
6725	1	8.06E-05	9.425423622	1
6726	1	0.000199429	8.520053864	3
6727	1	0.000304052	8.098313332	3
6728	1	7.55E-05	9.491644859	2
6729	1	7.40E-05	9.511634827	1
6730	1	0.00012157	9.01502037	2
6731	1	0.000177776	8.634984016	1
6732	1	0.000234729	8.357078552	2
6733	1	0.000315789	8.060437202	3
6734	1	9.08E-05	9.306776047	0
6735	1	0.000107071	9.142018318	3
6736	1	0.000175792	8.646206856	2
6737	1	0.000115821	9.063463211	1
6738	1	0.000181662	8.613360405	1
6739	1	0.000140685	8.868985176	1
6740	1	0.000144778	8.840306282	3
6741	1	0.000274689	8.199872017	3
6742	1	1.62E-05	11.03145123	2
6743	1	0.00013096	8.94062233	1
6744	1	0.000192274	8.556591034	2
6745	1	0.000137955	8.888585091	2
6746	1	0.000113792	9.081139565	1
6747	1	0.000202268	8.505915642	2
6748	1	0.000186023	8.589642525	3
6749	1	0.000208649	8.474859238	2
6750	1	2.26E-05	10.69822979	1
6751	1	0.000207598	8.47990799	3
6752	1	0.000116211	9.060102463	2
6753	1	7.49E-05	9.499686241	1
6754	1	0.000103905	9.172029495	1
6755	1	0.000152622	8.787548065	3
6756	1	0.000112807	9.089832306	1
6757	1	0.00027934	8.18307972	2
6758	1	0.000204381	8.495526314	3
6759	1	0.000148177	8.817101479	1
6760	1	9.92E-05	9.21882534	3
6761	1	0.000187332	8.582629204	1
6762	1	0.00027584	8.195690155	3
6763	1	9.40E-05	9.271943092	2
6764	1	0.000286175	8.15890789	3
6765	1	0.000410708	7.79762888	3
6766	1	0.000170125	8.678977966	1
6767	1	0.000242998	8.322455406	2
6768	1	9.56E-05	9.25565052	1
6769	1	0.000190766	8.564463615	1
6770	1	0.000173448	8.65963459	2
6771	1	0.000345026	7.971889496	2
6772	1	0.000106798	9.144574165	1
6773	1	0.000174194	8.655339241	1
6774	1	0.00019479	8.543587685	1
6775	1	9.88E-05	9.222758293	2
6776	1	0.000153043	8.784789085	1
6777	1	0.000110879	9.107074738	1
6778	1	0.000152203	8.790294647	1
6779	1	0.000183004	8.606004715	3
6780	1	0.00019682	8.533221245	3
6781	1	0.000192257	8.556678772	2
6782	1	0.000125598	8.98242569	0
6783	1	9.03E-05	9.312394142	2
6784	1	9.12E-05	9.302862167	1
6785	1	0.000149371	8.809080124	1
6786	1	0.000249532	8.295922279	1
6787	1	0.000166912	8.698046684	2
6788	1	0.000126374	8.976264954	1
6789	1	0.000200507	8.514663696	3
6790	1	0.000193393	8.550786972	2
6791	1	0.000168506	8.688537598	2
6792	1	0.000237457	8.345523834	2
6793	1	0.000113313	9.085359573	1
6794	1	0.000203729	8.498721123	3
6795	1	0.000190381	8.566483498	1
6796	1	0.000117751	9.046935081	1
6797	1	0.000216323	8.438735962	2
6798	1	0.00020577	8.488751411	3
6799	1	5.21E-05	9.862721443	3
6800	1	0.000183168	8.605104446	3
6801	1	0.000228797	8.382677078	1
6802	1	0.00018496	8.595373154	2
6803	1	8.61E-05	9.360064507	2
6804	1	0.000219466	8.424315453	3
6805	1	0.000220344	8.420321465	3
6806	1	0.000228841	8.382482529	2
6807	1	0.000113902	9.080169678	1
6808	1	0.000214886	8.445403099	1
6809	1	0.000233031	8.364336967	3
6810	1	0.000325944	8.028783798	3
6811	1	0.00021197	8.459064484	3
6812	1	9.90E-05	9.220791817	1
6813	1	0.000138512	8.884554863	1
6814	1	5.06E-05	9.890663147	2
6815	1	0.000173742	8.65793705	2
6816	1	0.000227695	8.387505531	3
6817	1	7.08E-05	9.554980278	1
6818	1	0.000243038	8.322292328	3
6819	1	5.71E-05	9.770030022	1
6820	1	0.000191265	8.56184864	1
6821	1	0.000172423	8.665560722	1
6822	1	0.00011913	9.035294533	3
6823	1	9.05E-05	9.310600281	1
6824	1	0.000219889	8.422387123	1
6825	1	0.000216198	8.439315796	3
6826	1	0.000178585	8.630443573	2
6827	1	6.22E-05	9.684466362	2
6828	1	0.000127446	8.967816353	1
6829	1	0.000142506	8.856123924	1
6830	1	0.000220812	8.418196678	2
6831	1	0.000169319	8.683726311	3
6832	1	0.000221714	8.414124489	2
6833	1	0.0001241	8.994421959	1
6834	1	6.62E-05	9.622554779	1
6835	1	2.94E-05	10.43343067	1
6836	1	0.000143864	8.84663868	2
6837	1	0.000115297	9.067995071	1
6838	1	0.000204976	8.492619514	2
6839	1	0.000134409	8.914625168	1
6840	1	0.000121585	9.014896393	2
6841	1	0.000302617	8.103041649	1
6842	1	0.00015935	8.7444067	1
6843	1	0.000124446	8.991640091	1
6844	1	0.000175388	8.648510933	1
6845	1	0.000147011	8.825004578	3
6846	1	7.20E-05	9.539140701	1
6847	1	0.000103529	9.175654411	1
6848	1	0.000200448	8.514955521	2
6849	1	0.000421581	7.771497726	3
6850	1	0.000143819	8.846956253	2
6851	1	0.000120305	9.025484085	2
6852	1	0.000221097	8.41690731	3
6853	1	6.19E-05	9.690722466	3
6854	1	0.000305502	8.093554497	2
6855	1	0.000134222	8.916018486	2
6856	1	9.81E-05	9.229347229	1
6857	1	0.000248953	8.298244476	2
6858	1	0.000172938	8.662576675	3
6859	1	9.25E-05	9.287986755	2
6860	1	9.43E-05	9.268753052	2
6861	1	0.000125735	8.981337547	1
6862	1	0.000166107	8.702877045	2
6863	1	0.000134737	8.912185669	3
6864	1	7.47E-05	9.502634048	0
6865	1	6.34E-05	9.66557312	2
6866	1	0.000202774	8.503417015	2
6867	1	0.000127046	8.970961571	2
6868	1	0.000138812	8.882390976	2
6869	1	0.000210419	8.466407776	1
6870	1	0.000122571	9.006819725	2
6871	1	0.000149896	8.805567741	2
6872	1	0.000262694	8.244521141	3
6873	1	0.000180166	8.621632576	2
6874	1	9.58E-05	9.253381729	2
6875	1	7.91E-05	9.444285393	1
6876	1	0.000203536	8.499670029	2
6877	1	0.000240669	8.332087517	2
6878	1	0.000119592	9.031421661	2
6879	1	0.000116178	9.060390472	3
6880	1	0.000246795	8.30695343	2
6881	1	0.000247526	8.303996086	2
6882	1	0.000118341	9.041938782	2
6883	1	9.01E-05	9.314273834	1
6884	1	0.00015134	8.795984268	2
6885	1	0.000127228	8.969529152	1
6886	1	0.000212071	8.458589554	2
6887	1	0.000187264	8.582989693	1
6888	1	0.000277962	8.188025475	2
6889	1	0.000252249	8.285092354	2
6890	1	0.000377768	7.881230831	2
6891	1	0.000229577	8.379273415	1
6892	1	0.000118964	9.036686897	1
6893	1	0.000212492	8.456605911	2
6894	1	0.000188817	8.574729919	2
6895	1	0.00024424	8.317359924	2
6896	1	0.000196	8.53739357	3
6897	1	0.000260308	8.253644943	2
6898	1	0.000122481	9.007555008	3
6899	1	0.0002096	8.470311165	3
6900	1	0.000257975	8.262648582	2
6901	1	0.000142027	8.859496117	2
6902	1	0.000150143	8.803919792	1
6903	1	0.000234957	8.356106758	2
6904	1	0.000262037	8.24702549	3
6905	1	0.000157344	8.757076263	1
6907	1	0.000170604	8.676163673	1
6908	1	0.00011959	9.031443596	2
6909	1	7.79E-05	9.460119247	1
6910	1	0.000219681	8.423334122	2
6911	1	0.000162376	8.725597382	1
6912	1	0.000161257	8.732508659	2
6913	1	0.000144528	8.84203434	2
6914	1	0.0001106	9.109587669	1
6915	1	0.00023561	8.353331566	3
6916	1	0.000198726	8.523582458	1
6917	1	0.000255942	8.270560265	3
6918	1	0.00015476	8.773633957	1
6919	1	0.000152555	8.787987709	3
6920	1	0.000150407	8.802166939	2
6921	1	0.000233584	8.361969948	3
6922	1	0.000164981	8.709680557	1
6923	1	9.40E-05	9.271805763	3
6924	1	0.000168077	8.691088676	2
6925	1	6.86E-05	9.587121964	1
6926	1	0.000354489	7.944832325	3
6927	1	0.000139142	8.880016327	1
6928	1	2.87E-05	10.46020603	0
6929	1	0.000165375	8.707297325	2
6930	1	0.000252518	8.284026146	2
6931	1	0.000181846	8.612352371	3
6932	1	0.000167157	8.696574211	2
6933	1	0.000100451	9.205838203	3
6934	1	0.00013338	8.922310829	1
6935	1	0.00010817	9.131804466	2
6936	1	0.000139718	8.875886917	2
6937	1	0.000314401	8.064842224	2
6938	1	0.000200144	8.516471863	2
6939	1	0.000115746	9.064110756	2
6940	1	0.000141832	8.860866547	3
6941	1	0.00018467	8.596941948	2
6942	1	5.91E-05	9.736163139	2
6943	1	0.000159594	8.742879868	1
6944	1	0.000272332	8.208487511	3
6945	1	0.000147546	8.821370125	2
6946	1	0.000243514	8.320336342	3
6947	1	0.00016422	8.714304924	1
6948	1	0.000209559	8.470505714	1
6949	1	0.000175748	8.646456718	3
6950	1	0.000100274	9.207600594	1
6951	1	9.20E-05	9.294249535	0
6952	1	0.000139884	8.874697685	1
6953	1	8.26E-05	9.401274681	1
6954	1	6.07E-05	9.709641457	1
6955	1	5.58E-05	9.793449402	2
6956	1	0.000131029	8.940094948	2
6957	1	0.000182984	8.606114388	3
6958	1	0.000168505	8.688548088	3
6959	1	0.000117901	9.045663834	2
6960	1	9.69E-05	9.242090225	2
6961	1	0.000168525	8.68842411	3
6962	1	0.000133609	8.920590401	1
6963	1	9.45E-05	9.266819	2
6964	1	7.73E-05	9.468271255	2
6965	1	0.000454221	7.69692564	3
6966	1	9.09E-05	9.306277275	1
6967	1	0.000171184	8.672772408	3
6968	1	0.000185882	8.590398788	3
6969	1	0.000156008	8.765600204	2
6970	1	0.000177501	8.63653183	2
6971	1	0.000159479	8.743599892	2
6972	1	0.000180757	8.618354797	2
6973	1	0.000190313	8.566841125	1
6974	1	0.000308999	8.082172394	1
6975	1	0.00022902	8.381699562	2
6976	1	8.08E-05	9.423498154	1
6977	1	0.000134029	8.917451859	1
6978	1	0.000130686	8.942710876	1
6979	1	0.000196636	8.534157753	3
6980	1	0.000178256	8.632291794	1
6981	1	0.000199057	8.521921158	2
6982	1	0.000229541	8.37942791	3
6983	1	0.000177453	8.636803627	1
6984	1	9.49E-05	9.262432098	1
6985	1	0.000172749	8.663669586	1
6986	1	0.000336526	7.996836185	3
6987	1	0.000182936	8.606375694	1
6988	1	0.000128667	8.95827961	2
6989	1	0.000279804	8.18142128	3
6990	1	0.000183226	8.604791641	1
6991	1	0.000226082	8.394613266	1
6992	1	0.000186623	8.586419106	2
6993	1	0.000101271	9.197713852	1
6994	1	0.000289977	8.145709038	1
6995	1	0.00022167	8.414321899	1
6996	1	0.000103185	9.178984642	2
6997	1	0.000177186	8.63831234	2
6998	1	6.81E-05	9.594688416	1
6999	1	0.000130239	8.94614315	1
7000	1	0.000244772	8.315182686	2
7001	1	0.0001227	9.005770683	2
7002	1	0.000143324	8.850405693	2
7003	1	0.000211	8.463652611	3
7004	1	0.000149887	8.805631638	2
7005	1	0.000214673	8.446393013	1
7006	1	0.000276994	8.191515923	1
7007	1	0.000101775	9.192743301	2
7008	1	0.000168388	8.689240456	1
7009	1	6.99E-05	9.567807198	1
7010	1	0.000168864	8.68641758	1
7011	1	0.000123545	8.998902321	1
7012	1	0.000146342	8.829564095	1
7013	1	0.000198279	8.525835991	1
7014	1	8.05E-05	9.427231789	1
7015	1	0.000191506	8.560593605	2
7016	1	0.000172301	8.666265488	1
7017	1	9.33E-05	9.280147552	2
7018	1	0.000212812	8.455101967	2
7019	1	0.000168175	8.690505981	2
7020	1	0.000240918	8.33105278	3
7021	1	0.0001463	8.829848289	3
7022	1	0.000138777	8.882644653	2
7023	1	0.000167642	8.693681717	1
7024	1	3.66E-05	10.21584892	0
7025	1	0.000335355	8.000319481	2
7026	1	0.000262321	8.245941162	3
7027	1	0.000100535	9.205008507	3
7028	1	0.000241759	8.327569008	3
7029	1	0.000389784	7.849916935	2
7030	1	0.000144864	8.839712143	1
7031	1	0.00010788	9.134490013	1
7032	1	0.0003347	8.002277374	2
7033	1	0.000345222	7.971321583	3
7034	1	0.000384618	7.863260746	3
7035	1	0.00014789	8.819044113	2
7036	1	0.00027093	8.213651657	3
7037	1	6.55E-05	9.632717133	1
7038	1	0.000140727	8.868690491	2
7039	1	0.000143252	8.850905418	1
7040	1	0.000276306	8.194001198	3
7041	1	0.00026848	8.222734451	2
7042	1	0.000148494	8.814964294	2
7043	1	0.000108961	9.124516487	2
7044	1	0.000135468	8.90677166	1
7045	1	0.000155056	8.771726608	1
7046	1	8.11E-05	9.419662476	1
7047	1	0.000132879	8.926070213	2
7048	1	6.47E-05	9.645590782	1
7049	1	9.90E-05	9.220653534	2
7050	1	0.000184974	8.595293999	3
7051	1	0.000128388	8.960456848	1
7052	1	0.000154371	8.776154518	1
7053	1	0.000232683	8.365832329	3
7054	1	0.000256078	8.270029068	3
7055	1	0.00010424	9.16881752	1
7056	1	0.000266942	8.228478432	3
7057	1	0.000142838	8.853802681	2
7058	1	8.72E-05	9.347808838	1
7059	1	0.000126272	8.977073669	3
7060	1	0.000155806	8.766898155	1
7061	1	0.00025982	8.255521774	2
7062	1	0.000106036	9.15172863	1
7063	1	0.000162531	8.724640846	2
7064	1	0.000177427	8.636949539	1
7065	1	0.000257738	8.263565063	3
7066	1	0.000184239	8.599276543	2
7067	1	0.000196965	8.532484055	1
7068	1	0.000112209	9.09514904	2
7069	1	0.000127953	8.963849068	2
7070	1	0.000136895	8.896299362	1
7071	1	0.000132025	8.932518959	1
7072	1	0.000202449	8.505020142	2
7073	1	0.000187043	8.584171295	2
7074	1	0.000157052	8.758935928	1
7075	1	0.000179776	8.623799324	3
7076	1	0.000106362	9.148664474	2
7077	1	6.95E-05	9.574694633	2
7078	1	0.000205205	8.491502762	1
7079	1	0.000154291	8.776670456	3
7080	1	0.00017142	8.671391487	2
7081	1	0.000118693	9.038973808	2
7082	1	0.000265596	8.233534813	3
7083	1	0.000114534	9.074635506	1
7084	1	0.000140149	8.872804642	1
7085	1	0.00018227	8.610021591	3
7086	1	0.0001208	9.02137661	1
7087	1	0.000111814	9.098676682	3
7088	1	0.000116514	9.057498932	2
7089	1	0.000138992	8.881093025	1
7090	1	0.00019128	8.561771393	1
7091	1	7.58E-05	9.487077713	1
7092	1	0.000135754	8.904665947	1
7093	1	0.000100138	9.208963394	1
7094	1	8.37E-05	9.388697624	1
7095	1	0.00016946	8.682893753	2
7096	1	0.000253306	8.280913353	2
7097	1	0.00023248	8.366704941	2
7098	1	0.000154188	8.777338028	2
7099	1	0.000210667	8.465230942	2
7100	1	0.000126728	8.973468781	1
7101	1	9.82E-05	9.22882843	1
7102	1	0.000113954	9.079714775	1
7103	1	8.93E-05	9.32390213	2
7104	1	0.000231442	8.371182442	1
7105	1	0.000141897	8.860407829	1
7106	1	7.05E-05	9.560276031	2
7107	1	0.000319557	8.048576355	3
7108	1	0.000228965	8.381939888	1
7109	1	0.000175005	8.650694847	1
7110	1	0.000166987	8.697593689	2
7111	1	0.00018184	8.612382889	3
7112	1	0.000133458	8.921721458	1
7113	1	0.000160685	8.73606205	2
7114	1	0.000148819	8.812777519	1
7115	1	0.000270117	8.216653824	3
7116	1	6.45E-05	9.649244308	3
7117	1	9.17E-05	9.297104836	1
7118	1	0.000193822	8.548567772	1
7119	1	8.59E-05	9.361826897	1
7120	1	0.000176274	8.643473625	3
7121	1	0.00012095	9.020131111	2
7122	1	0.000147152	8.824044228	2
7123	1	0.0001038	9.173045158	1
7124	1	0.000252848	8.282721519	3
7125	1	0.000219865	8.422496796	3
7126	1	9.48E-05	9.263475418	3
7127	1	0.000179644	8.624535561	2
7128	1	0.000178933	8.628501892	2
7129	1	0.000111143	9.104688644	3
7130	1	0.000175104	8.650128365	3
7131	1	0.000109942	9.11555481	3
7132	1	8.35E-05	9.390126228	1
7133	1	0.000141572	8.862705231	2
7134	1	0.000123652	8.998042107	1
7135	1	8.72E-05	9.346822739	1
7136	1	8.96E-05	9.31962204	2
7137	1	8.66E-05	9.354722977	0
7138	1	8.91E-05	9.326114655	1
7139	1	0.000265682	8.233211517	3
7140	1	0.000123547	8.998886108	2
7141	1	0.000147347	8.822717667	1
7142	1	0.000193369	8.550909042	2
7143	1	6.27E-05	9.677186012	2
7144	1	0.000142269	8.857792854	3
7145	1	7.99E-05	9.435256958	1
7146	1	0.000123779	8.997014046	2
7147	1	0.00032781	8.023076057	3
7148	1	0.000228801	8.382657051	1
7149	1	0.000278653	8.185544968	3
7150	1	9.20E-05	9.293310165	1
7151	1	0.000203898	8.497888565	3
7152	1	0.000120728	9.021969795	1
7153	1	0.000187387	8.582333565	3
7154	1	0.000241276	8.329569817	3
7155	1	0.000150167	8.803761482	3
7156	1	0.000147214	8.82362175	1
7157	1	0.000149424	8.808722496	2
7158	1	0.000163527	8.718530655	2
7159	1	0.000222335	8.411326408	3
7160	1	0.000106201	9.150178909	1
7161	1	0.000290598	8.1435709	3
7162	1	0.000198249	8.525988579	2
7163	1	0.000131128	8.939336777	2
7164	1	0.000175453	8.648139954	2
7165	1	9.69E-05	9.241776466	3
7166	1	0.000327932	8.022705078	2
7167	1	0.000177931	8.634112358	3
7168	1	0.000107639	9.136727333	1
7169	1	0.000184499	8.597864151	2
7170	1	8.39E-05	9.385921478	1
7171	1	0.00013539	8.90735054	2
7172	1	0.000140588	8.869680405	2
7173	1	0.000179505	8.625305176	3
7174	1	0.000138506	8.884597778	3
7175	1	7.51E-05	9.49729538	2
7176	1	0.000188033	8.578895569	1
7177	1	0.000113601	9.082816124	2
7178	1	0.000123011	9.003234863	1
7179	1	0.000146382	8.829293251	1
7180	1	0.000118539	9.040268898	1
7181	1	0.000193395	8.550776482	3
7182	1	0.000260118	8.254374504	1
7183	1	0.000300435	8.110280037	3
7184	1	9.20E-05	9.293869019	2
7185	1	0.000269812	8.217783928	3
7186	1	0.000218956	8.426639557	2
7187	1	0.000166727	8.699154854	3
7188	1	0.000205541	8.489864349	3
7189	1	0.000147483	8.821795464	1
7190	1	0.000225499	8.397195816	1
7191	1	0.000145927	8.832406044	1
7192	1	6.77E-05	9.60046196	0
7193	1	0.000112734	9.090479851	1
7194	1	0.000124084	8.994552612	1
7195	1	0.000131739	8.934690475	1
7196	1	0.000153001	8.785066605	2
7197	1	0.000219978	8.421981812	3
7198	1	0.000205069	8.492161751	2
7199	1	0.000253794	8.278986931	1
7200	1	0.000345143	7.971550465	2
7201	1	0.000124477	8.991387367	1
7202	1	0.000206583	8.484809875	2
7203	1	0.000111852	9.098334312	1
7204	1	0.000288791	8.149806023	3
7205	1	6.74E-05	9.604510307	1
7206	1	8.56E-05	9.365968704	1
7207	1	6.73E-05	9.606822968	1
7208	1	0.000163532	8.718502045	1
7209	1	0.000306881	8.089051247	3
7210	1	0.000180291	8.620938301	2
7211	1	0.000170022	8.679580688	3
7212	1	0.000199951	8.517439842	3
7213	1	0.000142085	8.859084129	1
7214	1	7.63E-05	9.480672836	2
7215	1	0.000133266	8.923161507	2
7216	1	0.00016128	8.732366562	2
7217	1	0.000191468	8.560791016	3
7218	1	0.000189465	8.571308136	3
7219	1	0.000206503	8.48519516	2
7220	1	0.000112055	9.096521378	1
7221	1	0.000153752	8.780169487	1
7222	1	0.000204361	8.495621681	3
7223	1	6.79E-05	9.597828865	1
7224	1	0.000172207	8.666811943	3
7225	1	0.000128669	8.958266258	1
7226	1	0.000165258	8.708004951	2
7227	1	0.000130701	8.94260025	1
7228	1	0.000114253	9.077097893	2
7229	1	0.0001418	8.861094475	3
7230	1	0.00014597	8.832108498	1
7231	1	0.000258406	8.260979652	3
7232	1	9.78E-05	9.232504845	1
7233	1	0.000132804	8.926633835	1
7234	1	0.000175877	8.645726204	1
7235	1	0.000186699	8.586013794	2
7236	1	0.000274287	8.201336861	1
7237	1	7.79E-05	9.460191727	1
7238	1	0.000102485	9.18579483	1
7239	1	0.000178637	8.630157471	2
7240	1	0.000261226	8.250125885	1
7241	1	0.000205788	8.488664627	2
7242	1	0.000179801	8.623657227	2
7243	1	0.000195727	8.538790703	2
7244	1	0.000142964	8.852916718	3
7245	1	0.000132935	8.92565155	2
7246	1	0.000134846	8.911379814	3
7247	1	0.000141451	8.863554955	1
7248	1	0.000150017	8.804764748	3
7249	1	0.000384939	7.862426758	2
7250	1	0.000198822	8.52310276	2
7251	1	0.00015906	8.746231079	1
7253	1	0.00025519	8.27350235	1
7254	1	0.000115234	9.06854248	1
7255	1	0.000155561	8.768474579	2
7256	1	0.000255082	8.273924828	3
7257	1	0.000157024	8.759112358	1
7258	1	0.000198541	8.524515152	1
7259	1	0.000208437	8.475875854	1
7260	1	6.11E-05	9.702804565	2
7261	1	0.000257335	8.265130043	2
7262	1	0.000220412	8.420012474	1
7263	1	0.000201587	8.509287834	2
7264	1	0.000207275	8.481464386	1
7265	1	0.00027974	8.181650162	3
7266	1	0.000135382	8.907406807	2
7267	1	8.13E-05	9.417042732	2
7268	1	0.00016714	8.696680069	1
7269	1	7.21E-05	9.537260056	2
7270	1	0.000224749	8.400525093	1
7271	1	0.000249572	8.295761108	3
7272	1	0.000210914	8.46405983	3
7273	1	0.000335805	7.998978615	2
7274	1	0.000138689	8.883275032	0
7275	1	0.000263045	8.243185043	3
7276	1	0.000138813	8.8823843	2
7277	1	0.0001875	8.581730843	2
7278	1	0.000198892	8.522748947	2
7279	1	0.000190114	8.567889214	1
7280	1	0.000245059	8.314009666	3
7281	1	0.000100252	9.207828522	2
7282	1	4.33E-05	10.04736519	1
7283	1	0.000175573	8.647457123	1
7284	1	0.000217721	8.432297707	3
7285	1	0.000208054	8.477714539	3
7286	1	0.000117686	9.047492027	1
7287	1	0.000237491	8.345378876	2
7288	1	0.000135956	8.903179169	1
7289	1	0.00030206	8.104885101	2
7290	1	0.000109259	9.121792793	1
7291	1	0.000215022	8.444771767	2
7292	1	0.00019335	8.551009178	2
7293	1	8.89E-05	9.328249931	2
7294	1	0.000202831	8.503136635	2
7295	1	0.000420987	7.772909164	3
7296	1	0.000127912	8.964165688	2
7297	1	0.000227399	8.388806343	1
7298	1	0.00027922	8.18351078	2
7299	1	9.70E-05	9.24034977	1
7300	1	0.000140921	8.867314339	2
7301	1	0.000182783	8.607212067	3
7302	1	0.00015449	8.775378227	3
7303	1	0.000177035	8.639163971	2
7304	1	5.78E-05	9.758280754	0
7305	1	3.76E-05	10.18950939	0
7306	1	0.000121298	9.017260551	1
7307	1	0.000188269	8.577637672	3
7308	1	0.000112407	9.093382835	2
7309	1	0.000194598	8.544575691	3
7310	1	0.000242599	8.324102402	2
7311	1	0.000120036	9.027722359	1
7312	1	0.000231961	8.368941307	2
7313	1	0.000209909	8.468835831	2
7314	1	0.000226462	8.392931938	2
7315	1	0.000177172	8.638390541	3
7316	1	0.000240509	8.332751274	1
7317	1	0.000211425	8.461641312	2
7318	1	7.30E-05	9.525146484	1
7319	1	0.000252222	8.285201073	3
7320	1	0.000191285	8.561746597	2
7321	1	0.000116001	9.061909676	2
7322	1	9.40E-05	9.271990776	1
7323	1	0.000131894	8.93351078	1
7324	1	0.00032943	8.018146515	1
7325	1	0.000179702	8.624210358	1
7326	1	0.000121493	9.015656471	2
7327	1	0.000140146	8.872825623	2
7328	1	0.000167864	8.692357063	1
7329	1	5.62E-05	9.787067413	1
7330	1	0.000232346	8.367284775	2
7331	1	4.45E-05	10.01929569	0
7332	1	0.000152642	8.787414551	3
7333	1	0.000124899	8.988003731	2
7334	1	9.39E-05	9.272843361	1
7335	1	0.000207331	8.481193542	3
7336	1	0.000197914	8.527675629	3
7337	1	0.000160466	8.737425804	2
7338	1	6.68E-05	9.614262581	1
7339	1	0.000232266	8.367629051	2
7340	1	0.000111211	9.104079247	2
7341	1	6.04E-05	9.714746475	1
7342	1	8.23E-05	9.40515995	1
7343	1	0.000239006	8.339021683	1
7344	1	0.000157244	8.757713318	3
7345	1	0.000171448	8.671232224	1
7346	1	0.00025007	8.29377079	1
7347	1	0.000167144	8.696657181	1
7348	1	3.90E-05	10.15116787	0
7349	1	0.00012488	8.988155365	1
7350	1	0.000210855	8.464338303	1
7351	1	0.000176005	8.64499855	1
7352	1	0.000170087	8.67920208	2
7353	1	0.000161098	8.733494759	2
7354	1	0.000385372	7.861300468	3
7355	1	0.000259642	8.256205559	3
7356	1	6.54E-05	9.635483742	2
7357	1	0.000253917	8.278503418	1
7358	1	0.000311127	8.0753088	1
7359	1	0.000141737	8.861537933	0
7360	1	0.000195608	8.53939724	2
7361	1	0.00018239	8.609365463	3
7362	1	6.40E-05	9.655982971	2
7363	1	9.15E-05	9.299398422	1
7364	1	0.000187368	8.582434654	3
7365	1	0.000184935	8.595504761	2
7366	1	0.000152033	8.791416168	3
7367	1	6.41E-05	9.654963493	1
7368	1	0.000246525	8.308047295	1
7369	1	0.000134404	8.9146595	1
7370	1	0.000204376	8.495551109	2
7371	1	0.000138724	8.883021355	3
7372	1	0.000130651	8.942983627	3
7373	1	0.000114728	9.072943687	3
7374	1	0.000110706	9.108635902	1
7375	1	0.000280153	8.180174828	2
7376	1	0.000276092	8.194774628	2
7377	1	0.000155141	8.771179199	2
7378	1	0.000161069	8.733675957	2
7379	1	0.000246819	8.306855202	2
7380	1	0.000148934	8.812008858	2
7381	1	0.000369632	7.903001308	3
7382	1	0.000194122	8.547024727	2
7383	1	0.000206105	8.487124443	1
7384	1	0.000245992	8.310212135	1
7385	1	7.62E-05	9.482330322	1
7386	1	0.000124094	8.994468689	1
7387	1	0.000196326	8.535736084	3
7388	1	0.000208626	8.47496891	2
7389	1	0.000268519	8.222590446	3
7390	1	0.000184084	8.600117683	1
7391	1	0.000128671	8.95825386	3
7392	1	0.000205377	8.490664482	3
7393	1	0.000138778	8.882633209	2
7394	1	7.51E-05	9.496809959	1
7395	1	0.000120209	9.02628231	1
7396	1	0.000123625	8.998256683	3
7397	1	9.32E-05	9.281222343	2
7398	1	0.000184653	8.597034454	1
7399	1	8.27E-05	9.400276184	1
7400	1	0.000208077	8.477603912	1
7401	1	0.000156819	8.760420799	3
7402	1	0.000102711	9.183595657	2
7403	1	0.000154903	8.772712708	2
7404	1	0.000200719	8.513607025	2
7405	1	0.000104312	9.168120384	3
7406	1	0.000295506	8.126822472	1
7407	1	0.000292449	8.137219429	3
7408	1	0.000169264	8.684053421	1
7409	1	0.000227081	8.390205383	2
7410	1	0.000141968	8.859909058	3
7411	1	0.000121949	9.011910439	1
7412	1	6.82E-05	9.592470169	2
7413	1	0.000267934	8.224770546	3
7414	1	0.000163277	8.72006321	1
7415	1	8.63E-05	9.358143806	3
7416	1	0.000291509	8.140440941	2
7417	1	0.000236906	8.347848892	3
7418	1	0.000181704	8.613132477	2
7419	1	0.000203627	8.499221802	3
7420	1	0.000133944	8.918089867	3
7421	1	5.25E-05	9.855082512	1
7422	1	8.28E-05	9.398806572	0
7423	1	0.000101608	9.194390297	2
7424	1	0.000166488	8.700587273	3
7425	1	0.000115893	9.062840462	1
7426	1	0.000105446	9.157312393	1
7427	1	9.41E-05	9.271164894	2
7428	1	0.000257314	8.26521492	3
7429	1	0.000196159	8.536584854	3
7430	1	0.000265821	8.232686043	1
7431	1	0.000128893	8.956529617	2
7432	1	5.62E-05	9.787047386	1
7433	1	0.000333229	8.006679535	2
7434	1	8.16E-05	9.413412094	1
7435	1	0.000158428	8.750212669	3
7436	1	0.000211294	8.462258339	2
7437	1	0.000226462	8.392933846	2
7438	1	3.37E-05	10.29868603	1
7439	1	0.000172125	8.667289734	2
7440	1	0.00011177	9.099065781	2
7441	1	0.000108408	9.129608154	1
7442	1	7.34E-05	9.520160675	1
7443	1	8.82E-05	9.335713387	3
7444	1	0.000120833	9.021099091	3
7445	1	0.000135564	8.906064987	1
7447	1	0.00019566	8.539133072	1
7448	1	0.00011852	9.04043293	2
7449	1	0.000219357	8.424808502	3
7450	1	0.000146649	8.827470779	2
7451	1	0.000106086	9.151263237	1
7452	1	0.000175505	8.647845268	2
7453	1	0.000160798	8.735363007	3
7454	1	0.000167925	8.691994667	1
7455	1	0.000260884	8.251434326	3
7456	1	0.000143679	8.847927094	3
7457	1	3.02E-05	10.40722084	0
7458	1	8.32E-05	9.393955231	2
7459	1	8.92E-05	9.325004578	1
7460	1	0.000126961	8.971632957	1
7461	1	0.000268069	8.224265099	2
7462	1	8.68E-05	9.352385521	2
7463	1	0.000242195	8.32576561	2
7464	1	0.000131619	8.935596466	2
7465	1	0.00024289	8.322902679	2
7466	1	8.92E-05	9.324623108	1
7467	1	0.000171864	8.668807983	3
7468	1	0.000128495	8.959623337	1
7469	1	0.000101198	9.198435783	2
7470	1	0.000262608	8.244847298	2
7471	1	7.76E-05	9.46413517	1
7472	1	4.69E-05	9.968177795	2
7473	1	0.000161912	8.728456497	3
7474	1	0.000132894	8.925962448	2
7475	1	0.000133841	8.918860435	2
7476	1	0.000151594	8.794304848	2
7477	1	0.00014595	8.83224678	1
7478	1	0.00035344	7.947797298	3
7479	1	0.00015803	8.752727509	1
7480	1	0.000399516	7.825256348	3
7481	1	0.000184229	8.599332809	1
7482	1	0.000150318	8.802757263	2
7483	1	0.000130639	8.943074226	2
7484	1	0.000108485	9.128896713	1
7485	1	0.000172678	8.664081573	1
7486	1	0.000273329	8.204833031	1
7487	1	0.000215965	8.440392494	3
7488	1	0.000149262	8.809804916	1
7489	1	4.73E-05	9.959668159	1
7490	1	0.000197923	8.527630806	2
7491	1	0.000291819	8.139375687	3
7492	1	0.000263991	8.239596367	2
7493	1	0.000224993	8.399439812	3
7494	1	0.000226444	8.393013	2
7495	1	0.000136892	8.896319389	2
7496	1	9.76E-05	9.234362602	1
7497	1	0.000125487	8.983305931	1
7498	1	0.000182293	8.609895706	2
7499	1	0.000130653	8.942964554	1
7500	1	0.0001399	8.87457943	1
7501	1	0.000172975	8.662362099	2
7502	1	0.000255629	8.271783829	3
7503	1	0.000209591	8.470351219	3
7504	1	0.000204296	8.495939255	3
7505	1	0.000141709	8.861735344	3
7506	1	9.52E-05	9.259911537	1
7507	1	0.00017882	8.629128456	1
7508	1	0.000194629	8.544416428	1
7509	1	5.33E-05	9.839876175	1
7510	1	0.000282792	8.170799255	2
7511	1	0.000103126	9.179556847	1
7512	1	0.000213602	8.451394081	2
7513	1	0.000118587	9.039860725	3
7514	1	0.000178097	8.633180618	3
7515	1	0.000142619	8.855334282	2
7516	1	0.000135028	8.910031319	3
7517	1	9.31E-05	9.281629562	1
7518	1	0.000148592	8.814306259	1
7519	1	0.000112342	9.093961716	2
7520	1	0.000148748	8.813258171	1
7521	1	0.00017438	8.654273033	3
7522	1	8.21E-05	9.407803535	2
7523	1	0.000198984	8.522284508	2
7524	1	9.90E-05	9.220694542	2
7525	1	0.000150477	8.801699638	2
7526	1	0.000159735	8.741993904	3
7527	1	0.000221628	8.414511681	2
7528	1	0.000149291	8.809610367	3
7529	1	0.000126758	8.973233223	1
7530	1	0.000115673	9.064742088	2
7531	1	0.000133898	8.918431282	1
7532	1	0.000160147	8.739417076	1
7533	1	0.000270865	8.213891029	2
7534	1	0.000451347	7.703275204	3
7535	1	5.71E-05	9.770273209	1
7536	1	9.37E-05	9.274880409	1
7537	1	0.000182261	8.610072136	1
7538	1	0.000113817	9.080914497	2
7539	1	0.000191769	8.559221268	3
7540	1	0.000191282	8.561759949	2
7541	1	0.000168904	8.686178207	2
7542	1	0.00030244	8.103629112	3
7543	1	0.000193653	8.549440384	3
7544	1	0.000425453	7.762355328	1
7545	1	0.000294203	8.131238937	3
7546	1	0.00025646	8.268539429	3
7547	1	0.000207658	8.479619026	3
7548	1	0.000286319	8.158402443	3
7549	1	0.000161912	8.728456497	1
7550	1	8.78E-05	9.340894699	1
7551	1	0.000213972	8.449664116	2
7552	1	0.000127264	8.969248772	1
7553	1	0.000148617	8.814136505	2
7554	1	0.000190486	8.565930367	3
7555	1	8.55E-05	9.366578102	1
7556	1	0.000140537	8.870041847	2
7557	1	4.16E-05	10.08849525	1
7558	1	0.000242717	8.32361412	2
7559	1	8.31E-05	9.39499855	1
7560	1	0.0001159	9.062781334	2
7561	1	0.000283099	8.169714928	3
7562	1	0.000129944	8.948407173	2
7563	1	0.000231102	8.372653008	3
7564	1	0.00015256	8.787951469	2
7565	1	9.96E-05	9.214577675	1
7566	1	6.20E-05	9.687661171	1
7567	1	9.52E-05	9.25941658	2
7568	1	0.000206307	8.486145973	2
7569	1	0.000239967	8.335009575	2
7570	1	0.000194657	8.544271469	2
7571	1	0.000115668	9.064785004	3
7572	1	0.000146731	8.826911926	2
7573	1	7.45E-05	9.505122185	1
7574	1	0.00019756	8.529466629	3
7575	1	0.000206898	8.48328495	3
7576	1	0.000142702	8.854748726	2
7577	1	5.82E-05	9.75215435	3
7578	1	0.000306841	8.089180946	3
7579	1	0.000171778	8.669305801	2
7580	1	8.26E-05	9.401249886	2
7581	1	7.13E-05	9.548761368	1
7582	1	0.00011436	9.076163292	2
7583	1	0.000147872	8.81916523	3
7584	1	0.000118387	9.04155159	2
7585	1	7.29E-05	9.525857925	1
7586	1	0.000110674	9.108921051	2
7587	1	0.000170452	8.677055359	1
7588	1	0.000152811	8.786309242	2
7589	1	0.000140624	8.869419098	1
7590	1	0.000132114	8.93184185	3
7591	1	0.000230032	8.377292633	3
7592	1	0.000238335	8.341833115	1
7593	1	3.66E-05	10.21608925	1
7594	1	0.000139032	8.880809784	1
7595	1	0.00012464	8.990077019	2
7596	1	0.000113072	9.087481499	2
7597	1	0.000160792	8.7354002	1
7598	1	0.00022909	8.38139534	2
7599	1	0.000190054	8.568203926	3
7600	1	0.000257164	8.265795708	2
7601	1	0.000185696	8.591400146	2
7602	1	0.000237033	8.347309113	2
7603	1	7.02E-05	9.563862801	1
7604	1	0.000108108	9.132381439	2
7605	1	0.000175307	8.648971558	3
7606	1	0.000232174	8.368022919	3
7607	1	0.000141822	8.860938072	2
7608	1	0.000301914	8.105367661	1
7609	1	0.000265598	8.233527184	2
7610	1	0.000226128	8.394410133	2
7611	1	6.46E-05	9.646751404	1
7612	1	0.000159195	8.745379448	1
7613	1	0.000483795	7.633849144	3
7614	1	0.000111535	9.101171494	2
7615	1	0.000123162	9.002008438	1
7616	1	0.00016165	8.73007679	3
7617	1	0.000206391	8.485735893	1
7618	1	4.84E-05	9.935001373	1
7619	1	0.000167017	8.697416306	1
7620	1	0.000181763	8.612805367	3
7621	1	0.000157493	8.756130219	1
7622	1	0.00021624	8.439123154	2
7623	1	0.000146784	8.826550484	3
7624	1	0.000248579	8.299748421	3
7625	1	0.000267459	8.226543427	3
7626	1	0.000266314	8.230835915	2
7627	1	0.000120039	9.027690887	1
7628	1	0.00024063	8.332251549	2
7629	1	0.000121754	9.01350975	1
7630	1	0.000114214	9.077433586	2
7631	1	8.76E-05	9.343204498	1
7632	1	0.000149425	8.808717728	2
7633	1	5.11E-05	9.882165909	3
7634	1	0.000137993	8.888308525	1
7635	1	8.92E-05	9.324885368	3
7636	1	0.000116722	9.055716515	1
7637	1	0.000194166	8.546795845	2
7638	1	0.000211528	8.461154938	2
7639	1	0.000261045	8.250819206	2
7640	1	0.000176949	8.639651299	2
7641	1	0.000128992	8.955761909	3
7642	1	0.000275269	8.197760582	2
7643	1	0.000181592	8.613745689	2
7644	1	0.000225778	8.395957947	1
7645	1	0.0001868	8.585474014	2
7646	1	8.11E-05	9.420170784	1
7647	1	0.000121631	9.014518738	2
7648	1	9.10E-05	9.304431915	0
7649	1	0.00020599	8.487681389	2
7650	1	0.000138692	8.883257866	1
7651	1	0.000178628	8.630203247	1
7652	1	0.000140425	8.870838165	2
7653	1	0.000111684	9.099837303	2
7654	1	0.000104097	9.170188904	1
7655	1	0.000211897	8.459412575	1
7656	1	4.28E-05	10.05881119	1
7657	1	0.00017997	8.622721672	3
7658	1	8.82E-05	9.335969925	2
7659	1	0.000178585	8.630447388	2
7660	1	0.000257054	8.266222954	2
7661	1	0.000108095	9.13249588	2
7662	1	0.000223266	8.407146454	2
7663	1	0.000168371	8.689338684	3
7664	1	0.000170848	8.67473793	2
7665	1	0.000214154	8.448814392	2
7666	1	0.00013712	8.894651413	2
7667	1	0.00016262	8.724093437	2
7668	1	0.00027898	8.184369087	1
7669	1	0.00014845	8.815261841	3
7670	1	7.24E-05	9.53322506	0
7671	1	1.14E-05	11.38601494	0
7672	1	0.000227082	8.390198708	3
7673	1	7.30E-05	9.525100708	3
7674	1	0.000196163	8.536564827	2
7675	1	0.000246738	8.307184219	2
7676	1	0.00026568	8.233219147	2
7677	1	0.000208421	8.475949287	3
7678	1	0.000122006	9.011441231	1
7679	1	0.000166001	8.703515053	1
7680	1	0.000194558	8.544782639	3
7681	1	0.000264431	8.237929344	3
7682	1	0.000111613	9.100475311	1
7683	1	0.000218427	8.429059982	2
7684	1	0.000142748	8.854431152	3
7685	1	0.000421071	7.77270937	3
7686	1	0.000194713	8.543982506	1
7687	1	0.000174841	8.651633263	3
7688	1	0.000192843	8.553634644	3
7689	1	0.000160598	8.736608505	3
7690	1	0.000168175	8.690505981	2
7691	1	0.000164178	8.714556694	2
7692	1	0.000312854	8.069774628	2
7693	1	0.000112631	9.091396332	3
7694	1	0.000169835	8.680682182	3
7695	1	0.000127124	8.970346451	1
7696	1	0.000235802	8.352516174	2
7697	1	0.000170059	8.679366112	2
7698	1	0.000137548	8.89153862	2
7699	1	0.000226748	8.391671181	1
7700	1	0.000211671	8.460477829	3
7701	1	1.13E-05	11.38812733	0
7702	1	0.000191209	8.562142372	3
7703	1	0.000268078	8.22423172	2
7704	1	0.000128042	8.963152885	2
7705	1	0.000107853	9.134738922	1
7706	1	0.000212014	8.458857536	2
7707	1	0.000272859	8.20655632	2
7708	1	0.000230936	8.373368263	3
