cand id	ROUGE-1 Score	ROUGE-2 Score	ROUGE-L Score	score
5978	0.4732824379604918	0.2816901367982544	0.4528301839800641	1
5979	0.4277108383996226	0.19390581217639535	0.3613445328239532	2
5980	0.32407406914651926	0.07563024732151714	0.3278688476216072	1
5981	0.3529411716778936	0.10945273140862871	0.26548672072989277	1
5982	0.4237918165614074	0.12941175994273374	0.3240223414038264	2
5983	0.35761588905048025	0.1599999956803952	0.28070174941058795	1
5984	0.36170212269579	0.10752687822407225	0.3100775154257557	1
5985	0.29343628853833426	0.07462686273112064	0.2705882305439447	0
5986	0.37704917561038703	0.13999999503200017	0.42528735147047164	2
5989	0.42201834369497515	0.15126050098156915	0.3461538413149245	1
5991	0.43349753209444547	0.17777777280802484	0.3287671193094389	2
5992	0.3842364486243296	0.14814814345735017	0.3684210479120499	1
5993	0.3961038912691854	0.14285713791454097	0.3566878930991116	2
5994	0.37614678399755913	0.07633587307499595	0.33548386597294494	2
5995	0.3716814109542642	0.13385826288052596	0.28915662154158805	2
5996	0.42105262707756236	0.24242423793044082	0.4124999952257813	1
5997	0.3435582772629757	0.13824884308777013	0.2875816944081337	2
5998	0.3679999951411201	0.18666666231466678	0.3116883077213695	2
5999	0.2727272677318642	0.06818181513494333	0.24999999531250006	1
6000	0.3680555506252412	0.09056603274788208	0.3222222172320988	2
6001	0.36686390067994823	0.11570247556826731	0.30215826890533615	1
6002	0.42307691814349113	0.11904761409297072	0.33918128157860544	2
6004	0.2499999955555556	0.06299212172856375	0.22784809661913166	1
6006	0.38655461716651374	0.13559321566216623	0.33333332855357417	2
6008	0.43930635355257447	0.1377049130663802	0.35897435403234723	1
6010	0.4339622591869883	0.18965516956004755	0.39024389773646645	1
6011	0.18181817691115715	0.061855667080455035	0.17910447397638676	1
6012	0.2675159185914236	0.061728390064777115	0.23636363136363647	0
6013	0.3841059561352572	0.1618497072471517	0.37704917623622686	1
6015	0.4296296246570645	0.16774193068387108	0.31249999500000003	2
6017	0.3839999951692801	0.1035856532455042	0.2941176422145329	1
6018	0.3431372500408497	0.08968609395885725	0.26027396773784955	2
6019	0.39613526116362113	0.13658536132587762	0.3466666621368889	1
6020	0.42033897808675674	0.1428571378663267	0.36274509304354097	2
6021	0.324675319919042	0.1772151860919725	0.3287671189716645	2
6022	0.4210526266632194	0.1706161088816515	0.3523316016537357	2
6023	0.4183381039449594	0.10101009601695997	0.26744185547593297	2
6024	0.383233528084908	0.13207546734069078	0.2769230721893492	1
6025	0.34710743311522446	0.16901408046022626	0.2962962916820988	1
6028	0.36206896105380504	0.15652173467637065	0.39999999520000007	2
6029	0.37305698984885505	0.11711711214308924	0.3068181770764464	1
6032	0.39999999531911357	0.12765956979402462	0.3499999953781251	2
6034	0.4074074024076818	0.12631578448753483	0.3195876238659794	2
6035	0.36734693412744696	0.1004184053675533	0.30057803002038164	1
6036	0.42477875608496274	0.11799409532217806	0.3349282246679334	2
6037	0.37185929167445275	0.1414141381899807	0.32467531997976057	2
6038	0.3601532517438089	0.08934707404258362	0.2622950771449208	2
6039	0.3949579781932773	0.14814814419143435	0.3783783734556611	1
6040	0.38647342509463467	0.15498154551000135	0.32394365711465983	1
6041	0.4615384565390654	0.15730336578714826	0.32876711829611566	2
6042	0.3906976694187128	0.09937887755005613	0.30188678745777464	2
6043	0.35714285251771544	0.09090908595041348	0.3281249953125001	1
6044	0.3684210476869806	0.14999999520000015	0.2941176422145329	2
6045	0.4029850698151036	0.0956175249891274	0.3602484422375681	2
6046	0.3524229025170293	0.09266408785796303	0.31707316575847716	1
6047	0.2929936256627044	0.10989010600652106	0.2558139484991888	1
6048	0.42211054823363053	0.17258882796670888	0.3884892040267067	1
6049	0.363636359256844	0.16326530140589582	0.3206106825126741	1
6051	0.44520547445228936	0.2047781519966454	0.3880596964986016	1
6052	0.37623761876504486	0.1123595457134518	0.32558139051335866	2
6053	0.35036495862113065	0.17777777289876556	0.24528301421680318	1
6054	0.39999999501165284	0.11904761486678019	0.39175257232437033	1
6055	0.4253731293286367	0.10526315306156508	0.39759035645739593	2
6056	0.3805667967709683	0.11522633259089929	0.32298136160024693	1
6058	0.41924398129733953	0.10810810317407803	0.3483870917760667	2
6059	0.2686567117398085	0.09230768764970437	0.2499999952295919	1
6060	0.28409090471138954	0.046242770188112285	0.25954198055125	1
6062	0.3302752246208232	0.09756097149850083	0.3105590013734038	1
6063	0.376569032682201	0.13385826280612578	0.3214285664399094	2
6064	0.4074074025038581	0.11494252417081387	0.32432431937342754	2
6065	0.4322344273826297	0.19926198777031914	0.39548022116250126	2
6066	0.37499999506328124	0.11851851467764074	0.32258064018961735	1
6067	0.35714285215204084	0.1162790650378585	0.33333332847222225	1
6068	0.3428571378581633	0.09356724662631262	0.3312883388746284	2
6069	0.37984495624151193	0.1313131266850323	0.2978723354982144	2
6070	0.36123347533932354	0.08163264837117895	0.3411764657238755	2
6071	0.4074074027245543	0.14179104009801755	0.32911391911552645	2
6072	0.46774193077653486	0.2520325156226453	0.44155843664277283	2
6073	0.36627906477166716	0.08771929324988914	0.27807486165346457	2
6074	0.3431372504253172	0.09282700012747262	0.3503649589962171	2
6076	0.43478260372888117	0.1252900182348288	0.32921810203322666	2
6077	0.31451612428720094	0.08092485053961071	0.26582278031084766	1
6078	0.42152465912847636	0.12322274418005004	0.3749999953858025	2
6080	0.4481327750851397	0.16736401173859014	0.38620689155386445	2
6081	0.30188678862545	0.10218977688742091	0.2432432384769906	2
6082	0.39999999531911357	0.12440190942057207	0.30872482780054955	1
6083	0.24137930543995254	0.06349205849332365	0.26415093933784267	1
6086	0.3448275818417228	0.149532706800594	0.3421052583275624	1
6087	0.36607142403220666	0.10358565311725229	0.33333332844811764	2
6088	0.39130434289329974	0.1318681269326036	0.38926173997747854	2
6090	0.47572815046045813	0.15686274022106897	0.37086092226832157	1
6092	0.34343433843893484	0.09090908754917368	0.30909090451404964	1
6093	0.3423423378394611	0.17543859193598044	0.32499999531250007	1
6094	0.4147157142090133	0.12307691841893507	0.41463414136823323	1
6096	0.3642857094581633	0.1824104188008362	0.33160621270047524	2
6097	0.3090909044148761	0.09999999555555576	0.2782608655485823	1
6099	0.31213872402953663	0.1038960996053299	0.33823528955017307	1
6100	0.4361702077801041	0.22627736768900855	0.3930130954444042	2
6101	0.41155234170235505	0.18652849259308987	0.37956203889178963	2
6102	0.4345047873947882	0.11295680566572135	0.3333333283333334	2
6103	0.4639498382661334	0.16403784989561063	0.3302752243998823	2
6104	0.28828828378540705	0.07954545122481935	0.2409638506314415	1
6106	0.3076923027653666	0.11023621618668253	0.29032257627471386	1
6107	0.3858520850549519	0.12709029601011193	0.31428570929705224	2
6108	0.41095889914336653	0.20833332836805565	0.38834950966914883	1
6109	0.43624160581122473	0.14953270546093317	0.34065933587730957	2
6110	0.370370365925926	0.15217390829578886	0.31764705407335647	2
6111	0.3983050797515082	0.09688580838639407	0.32978722913818476	2
6112	0.39024389758477096	0.09523809034013632	0.2857142816326531	1
6114	0.31999999512800004	0.09302325308815583	0.3265306074135777	1
6115	0.32307691830887575	0.19999999591836745	0.2857142812081633	2
6116	0.4531722004545413	0.15209124991253323	0.38461537991206446	2
6117	0.4187725582244002	0.1287128665464172	0.31932772638937934	1
6119	0.33879780935113024	0.127819544823054	0.3444444399635803	1
6120	0.40663899918734187	0.10169491052251929	0.33333332842845825	2
6122	0.34246574881896236	0.13281249517578145	0.3069306882653661	2
6125	0.40659340194119076	0.18604650805841003	0.31746031312673223	2
6126	0.3893805261461353	0.07812499541778592	0.324786319891884	1
6129	0.4444444394611358	0.1614349725954676	0.37241378811510106	2
6130	0.3456790073944521	0.16071428234693885	0.37714285253485724	1
6131	0.3670886028841532	0.17948717478385942	0.3620689607312723	1
6133	0.40983606065976896	0.19444444043209885	0.3809523766187957	1
6134	0.39215685801276434	0.1422924853904921	0.3550295810384791	2
6135	0.4210526267304824	0.2011173135183048	0.3827160447187929	2
6136	0.39263803185215856	0.16494844988415355	0.3595505567983841	1
6137	0.43598615417248354	0.16615384124970428	0.3499999951125	2
6138	0.3768115892346671	0.13684210083047108	0.3214285664540817	2
6139	0.4367816043575403	0.16216215732681402	0.3660130669896194	2
6140	0.3701067566190905	0.08609271038002747	0.2717391255198488	1
6141	0.3893805261629728	0.11525423304797487	0.29050278858462597	2
6142	0.4520547895226591	0.12765956948040863	0.37894736342160673	2
6146	0.40740740240912215	0.13571428079693895	0.3290043240456514	2
6147	0.4081632603341201	0.19428570956016342	0.34108526660657423	2
6148	0.421052626634349	0.21951219143367046	0.39999999573964495	2
6149	0.407142852244898	0.1735849007122821	0.3942307643643676	2
6150	0.40304182018360835	0.1416893690350364	0.36458332839898	2
6151	0.45112781458307427	0.22775800221375123	0.39779005024999237	2
6152	0.4492753573450956	0.16438355672851393	0.3738317708127348	2
6153	0.37837837354070286	0.12075471249555017	0.29166666197916674	2
6154	0.3999999950617284	0.13953487878853452	0.2999999950500001	1
6155	0.3931623885364161	0.16033754816642645	0.4189189140732287	1
6156	0.4482758571738407	0.15165876291008756	0.34177214690594465	2
6159	0.4028268501267341	0.13103447777384086	0.3040935622721522	2
6160	0.47104246610515643	0.22568092891580502	0.40993788325450414	2
6161	0.40201004525239264	0.17258882748846932	0.41176470088667827	2
6162	0.41640378053677524	0.13333332838175882	0.31527093098789105	2
6163	0.2485207058926509	0.054054049579985754	0.24827585789678963	1
6164	0.4068965470675387	0.20138888423707574	0.40963854940267097	2
6166	0.43999999512800003	0.14583332920138903	0.355555550617284	1
6168	0.3725490149162715	0.0918032740072026	0.310559001313221	2
6169	0.4879518022470606	0.24848484350321406	0.4109588991272075	2
6170	0.4620461996218236	0.11851851356488362	0.4148936120416478	1
6172	0.3963414585932853	0.15950919763483773	0.36529679884572885	2
6173	0.3999999952319527	0.1525423695417984	0.3760683717437359	1
6174	0.45569619761176094	0.13138685695348729	0.3974358929092702	2
6175	0.3251231478939067	0.07619047266394574	0.2749999951531251	1
6176	0.3619909452803997	0.11864406498132728	0.30769230279786697	1
6177	0.41543026214371886	0.09941519973376448	0.32876711832530603	2
6179	0.30769230269970416	0.10526315293321045	0.23999999500800012	2
6184	0.3930130961919109	0.1891891849050403	0.3795620391603176	1
6185	0.3946188291170143	0.10071941983411854	0.34117646574394467	2
6186	0.3132530073102047	0.08530805268345297	0.2957746434120215	2
6187	0.49180327417360925	0.2711864361964953	0.48148147681755843	1
6188	0.47619047137188214	0.33333332839506175	0.44444443969135805	0
6189	0.3084577069983417	0.1395348801514333	0.311475404922064	1
6190	0.4608695602812855	0.15736040109600882	0.35023040982395043	2
6191	0.38754324759569453	0.2020905873350412	0.3636363586621186	2
6193	0.42045454058109505	0.15053763103248938	0.4067796561088768	1
6196	0.4322033850922867	0.14529914056541762	0.3624161025467321	1
6197	0.43478260370851707	0.17391303856332718	0.3655913929471616	2
6199	0.3464566882112965	0.16901408003173987	0.3461538414201184	2
6200	0.4216216166309715	0.18181817682338486	0.34883720430352744	0
6201	0.37288135134731404	0.13333332876916112	0.2962962914677641	2
6202	0.3692307648568047	0.22222221788863702	0.36363635900826446	1
6204	0.398891961811527	0.1491525379589774	0.3589743540098486	1
6205	0.2894736793351801	0.08955223444753863	0.3174603126127488	2
6206	0.27411167081347115	0.06698564179940962	0.26890755840971686	0
6207	0.19230768731508888	0.039999995008000624	0.1848739462608573	0
6209	0.40517240900713436	0.07746478437735593	0.3310344778444709	2
6210	0.4172661821251488	0.1232876663794804	0.35602093743921503	2
6211	0.38509316270359945	0.25098038782191473	0.40211639786232184	1
6212	0.36094674084223244	0.13265305669304472	0.31884057508926705	2
6213	0.36923076446272196	0.16216215777940113	0.2941176430979672	1
6214	0.3999999952582646	0.12499999501033078	0.32727272229917365	1
6215	0.28708133570293726	0.07751937491256566	0.2711864358848033	1
6216	0.4645161240455775	0.15774647391136695	0.3478260819622396	2
6217	0.27027026556610667	0.0876493996571484	0.2627737189706431	1
6218	0.45132742863810793	0.1142857095635206	0.33749999505	2
6219	0.45061727899348425	0.1543859599152972	0.37305698981986096	2
6220	0.436923071923503	0.14860680614594235	0.31858406582152093	2
6221	0.44366196692050197	0.14126393556363254	0.3913043428775468	2
6222	0.41148324868478287	0.17391303857639634	0.33333332836076823	2
6224	0.40707964110580314	0.29411764290657444	0.4363636317355372	2
6227	0.3627450935625722	0.15068492653030605	0.3448275816466112	1
6229	0.3606557328675088	0.27118643585176677	0.37499999513888893	1
6230	0.31578946903047095	0.07874015348750718	0.25925925508916325	1
6231	0.3461538413538462	0.10077518900156264	0.30167597276739183	2
6232	0.3802281318856714	0.1144781095829226	0.30107526386403055	1
6233	0.34146340963712074	0.10256409756739011	0.2631578897506926	2
6234	0.36567163743261305	0.09523809058675835	0.3486238482316304	1
6235	0.2439024352541477	0.09917354998975496	0.22916666271701397	1
6236	0.405405400496713	0.09646301767599616	0.36571428071444906	2
6237	0.4486486437070855	0.1684782559286391	0.3567567517639153	2
6238	0.25925925428669416	0.12499999513888908	0.2799999950720001	0
6239	0.3050847407986212	0.07242339339390635	0.2797927411441919	2
6241	0.2692307642326184	0.0624999950347226	0.3089430848833367	1
6242	0.27027026536157783	0.021164019702695994	0.2285714236734695	1
6243	0.43410852215101264	0.15032679244734945	0.3625730944235833	2
6244	0.4279069718014062	0.15962440820383977	0.33587785772390893	1
6246	0.3426791227259053	0.09315068001441199	0.28813558823326635	1
6248	0.40201004566147325	0.20253164063451382	0.3030302988062443	1
6251	0.38541666203342023	0.1935483832674298	0.36111110635802474	1
6252	0.33149170820304635	0.1899999957605001	0.31372548609850914	1
6255	0.331360942531424	0.14285713877551035	0.32786884805159905	1
6256	0.2499999965973535	0.08791208454474111	0.33333332918493325	1
6257	0.4347826037334594	0.3181818132231406	0.4285714235827665	1
6258	0.24691357558299043	0.06666666354755571	0.22950819194840108	1
6260	0.40764330710211366	0.23225805951633727	0.3692307643739645	2
6261	0.38190954299436886	0.18421052187134518	0.3614457785164756	1
6265	0.43846153380355035	0.17829456899074586	0.357142852372449	2
6266	0.42477875630668027	0.25396824963466874	0.4081632604748022	1
6269	0.3558282168617562	0.11347517301141812	0.3291139194039417	1
6271	0.32846714934200016	0.154506433465343	0.38787878328448117	2
6272	0.41584157924125087	0.15763546340265489	0.3233532884147872	2
6273	0.3925233595488689	0.10859728017935771	0.338461534087574	1
6274	0.5531914843707562	0.26881719931032494	0.5271317779484407	1
6275	0.3119266010807172	0.13559321551278383	0.3181818132231406	1
6277	0.37735848558205776	0.15686274011534043	0.31111110611358034	1
6278	0.25165562414981807	0.03831417228461161	0.25641025141062174	1
6279	0.3781818133040662	0.12345678513776714	0.3492063443587806	2
6281	0.4538653316591315	0.2205513734469006	0.39999999546592796	1
6283	0.31746031278281694	0.19999999549387765	0.32142856665816333	1
6285	0.3983739787401679	0.15540540054807353	0.3297872290787687	2
6288	0.45033112086487437	0.1610738205414172	0.36842104770698686	2
6289	0.31884057517328296	0.08974358478385958	0.2809917305949048	2
6290	0.4057970964660786	0.23809523446712022	0.36734693377759275	1
6291	0.4465116229641969	0.1589958111097496	0.40944881393514787	2
6293	0.4078947319468491	0.1770491754466005	0.32863849277259805	2
6294	0.42729969826519565	0.12012011512052614	0.3411764655910035	1
6295	0.3492063445288486	0.16129031791363177	0.33027522481609295	2
6296	0.27586206440523187	0.08888888422496595	0.3076923027412149	0
6297	0.4052863390222981	0.1461187168240864	0.35294117167585126	1
6298	0.343949039894519	0.09374999578342035	0.3281249953125001	1
6299	0.3802281319515968	0.12034383512286449	0.31137724075441936	2
6302	0.4018691539413923	0.15789473394890738	0.34074073575418384	2
6303	0.282352936481661	0.06451612500404696	0.2499999951757813	1
6304	0.3803680934758553	0.16149067855406826	0.3478260822321361	1
6306	0.36521738636824197	0.21686746622151257	0.36923076497041424	1
6307	0.39446366283018647	0.15974440402331366	0.31578946868574953	2
6309	0.3636363592975207	0.2187499957031251	0.3999999953719009	1
6311	0.3624161024098014	0.1424148569858813	0.35106382556190585	2
6312	0.4290909040962645	0.10289388578943583	0.33136094178495157	2
6314	0.28571428132906057	0.1599999956480001	0.328358204544442	1
6315	0.3943661921870661	0.17391304007561445	0.351145033296428	2
6316	0.3805970099353977	0.1204819227128597	0.306878301909801	1
6317	0.46700507115501566	0.19477434179563433	0.3776823984490413	2
6318	0.3943661921870661	0.17391303962192828	0.30674846191275557	1
6319	0.399999995128	0.1409395924451603	0.35443037484377504	1
6320	0.4029850696313211	0.15151514651974304	0.33663365836682685	1
6321	0.3316582870937603	0.24096385176368126	0.3576158895662471	1
6322	0.36792452381630475	0.08938547007396798	0.3780487759904819	2
6323	0.36871507934209297	0.22784809748437754	0.3541666616753473	1
6324	0.4090909041012397	0.12121211676767694	0.34146340963712074	1
6325	0.3654822287191116	0.13223140061983485	0.2994011930711033	2
6326	0.37288135134731404	0.17543859193598044	0.3773584858668566	1
6327	0.42492917347029513	0.11838005734610516	0.3362831808469732	2
6328	0.4486691966094638	0.1567164130332481	0.3452380903401361	2
6329	0.4235294068293734	0.1521739082797733	0.34682080437034324	2
6334	0.37647058330918876	0.13973798627104764	0.32098764934003965	2
6337	0.3783783734274816	0.17081850077430644	0.33663365880746987	2
6338	0.44799999500600896	0.2043343603906873	0.32799999500032007	2
6339	0.42990653714167176	0.16071428278061228	0.36144577839454206	2
6341	0.36749116128057535	0.16406249507812512	0.33673468894054565	2
6342	0.29032257652445376	0.09599999511552024	0.2666666624965707	1
6343	0.38931297214119226	0.11612902729323642	0.3529411715266436	1
6344	0.40799999525088	0.12096773719042682	0.3668639004180526	2
6345	0.4152542323315858	0.1052631529951321	0.36809815457713885	2
6346	0.41509433469784623	0.14285713992346943	0.3483146020754956	2
6348	0.337899538629303	0.08888888460246935	0.28985506746796896	1
6350	0.4319999950115201	0.15325669998091646	0.3646408790220079	2
6352	0.43598615416961	0.18620689155267553	0.3880596964936512	2
6354	0.36764705385056234	0.14634145972635346	0.2794117604368513	1
6355	0.42657342168125584	0.13698629693766198	0.3756906028631605	2
6356	0.18867924106799583	0.018099544162487057	0.17857142427455366	1
6357	0.3921568579008074	0.24489795435235326	0.38297871851516524	2
6358	0.4137930989661779	0.20512820131492446	0.3103448230677765	2
6359	0.3043478211247638	0.13636363140495886	0.27272726776859507	1
6360	0.3715170229293869	0.10483870478277858	0.3157894687035554	2
6361	0.4285714236214286	0.15942028489944352	0.3655913929795352	2
6362	0.32876711832530603	0.08730158253117941	0.31325300725794747	1
6365	0.40816326032486466	0.1111111061233046	0.36697247206800787	2
6367	0.3430962297760894	0.1199999951620002	0.32530120010959507	2
6368	0.2624434346888885	0.04724408949593952	0.2763157852527701	1
6369	0.3402061811457116	0.09049773348047765	0.3333333283420139	1
6370	0.3448275813020214	0.14285713795918387	0.36734693382757183	0
6372	0.3383084530333408	0.08058607663433047	0.2857142812160025	2
6373	0.37795275094302194	0.11199999503872023	0.3043478211247638	2
6374	0.43450478733272774	0.16720256734773228	0.3617021226595746	2
6375	0.37681158921970176	0.14285713922902502	0.3013698584678176	1
6376	0.3842364482079158	0.13475176839394412	0.32558139044618717	2
6380	0.3856502194373505	0.10731706828506864	0.3229813617530188	1
6382	0.3823529365268166	0.22580644724245583	0.3846153797337278	1
6383	0.3651452233467055	0.11428570969387775	0.31007751459888233	2
6385	0.43037974206697643	0.11428570959566867	0.33540372179314076	2
6386	0.429999995032	0.15805470630943927	0.36521738631795847	2
6389	0.40972221724633495	0.18050541017033989	0.41935483371892707	2
6390	0.3333333287414967	0.08510637827288392	0.2976190429024944	2
6391	0.36097560561570496	0.1324503263646333	0.31818181395775946	1
6393	0.3913043428428902	0.16666666303854882	0.34246574892099835	1
6394	0.09523809160997747	0.030769229480473427	0.11111110709876558	1
6395	0.34615384128744453	0.16981131769312927	0.30985915004959336	2
6397	0.3497757798910093	0.10045661613227438	0.2784810077551675	2
6398	0.3913043432892249	0.16326530174811435	0.3771428523663674	2
6399	0.3389830464030132	0.12903225338106156	0.2739725985288047	2
6400	0.38743454999698484	0.11067193222203146	0.31395348376149274	2
6401	0.3756906031964836	0.1006289260598871	0.34343433843485366	2
6402	0.369047614186508	0.15053763057925781	0.3739837349329103	2
6403	0.25925925426611807	0.03921568129181148	0.36842104763157896	0
6404	0.44696969221103083	0.2777777728666667	0.39548022125698234	1
6406	0.4052631531752078	0.15533980084833646	0.35502958083820596	2
6407	0.34123222287909083	0.14141413774104694	0.2919707981139113	2
6409	0.3171806125793243	0.1187214569762934	0.3571428524377551	2
6411	0.3010752643727599	0.10989010547035398	0.29411764258218	1
6412	0.39204544956869836	0.12830188263837677	0.3797468304502484	1
6413	0.39130434346162574	0.21118011926700372	0.34408601653370335	2
6414	0.3432835770995768	0.06584361733272392	0.27397259876149377	1
6415	0.4221105477649555	0.1565217342155011	0.3756906027605995	2
6416	0.4406779615168056	0.2807017498307172	0.39215685797770095	1
6418	0.35654595619835355	0.1064425722285779	0.3450980342994234	2
6420	0.3383084536917403	0.09523809024943337	0.33846153384497046	1
6421	0.3692307643065089	0.19999999580000008	0.3168316784276052	1
6422	0.3255813903515414	0.08450703808768122	0.31034482296670635	1
6424	0.4095238048303855	0.18269230300480782	0.3333333284963349	2
6425	0.32558139037317474	0.07199999639392018	0.3333333283420139	2
6426	0.3522012529488549	0.12499999521085797	0.3304347776937619	2
6427	0.3396226370734069	0.10628018836378934	0.2787878741274564	1
6428	0.2595419797471011	0.07070706644373048	0.2653061174510622	2
6429	0.28205127757871284	0.06194689813454493	0.2614379035909266	1
6430	0.3888888839361498	0.16666666303854882	0.33333332910927466	1
6431	0.33816424709094733	0.0874999953445315	0.33082706324156264	1
6433	0.36981131575649706	0.11155377986444683	0.2988505697133043	2
6434	0.4620689606123663	0.20138888398533963	0.4210526266752135	2
6435	0.29787233689735176	0.16129031908428726	0.33333332914742997	1
6436	0.4035874393709908	0.12749003555689606	0.315068488361794	2
6437	0.3664921420114581	0.17582417194058697	0.35593219859666764	2
6438	0.3448275814108569	0.1658986128565059	0.41212120740055097	1
6439	0.343891397744518	0.14525139173059537	0.28947368033241	1
6440	0.3389830459393853	0.11428570997551038	0.27397259832614	1
6442	0.23999999564800004	0.055555551759688196	0.2702702659861213	1
6443	0.4686468596878302	0.2566371636212703	0.4429530153506599	2
6447	0.29999999531250005	0.04672896696654783	0.21917807720679316	2
6448	0.4460431605817505	0.16129031788116557	0.3657142807732245	2
6449	0.1445783111336914	0.028169012897242662	0.15624999758300784	0
6450	0.4510638247945677	0.17968749507812512	0.4429530151614792	2
6451	0.35294117220155713	0.272727268503214	0.37931034030915584	1
6452	0.29268292201963125	0.07490636335760094	0.2574257375747476	1
6453	0.44444443946995466	0.1724137883034484	0.3456790075407713	1
6454	0.34615384116124265	0.08547008201329548	0.2424242389674523	2
6456	0.3106796068583279	0.16666666222222234	0.29268292207019636	1
6457	0.48076922584340076	0.16774193055900116	0.36666666169691364	2
6458	0.3127962039217448	0.09523809045099545	0.3185840658062496	1
6459	0.3483146019460927	0.08333332870008707	0.2900763310319912	2
6460	0.4220183436407336	0.1666666616673274	0.3883495095631068	2
6461	0.3891891845995617	0.1882352905190312	0.3999999959183674	2
6464	0.34532373601987476	0.10218977603495151	0.3111111065283951	1
6465	0.3745019876890843	0.17834394404478898	0.3106796067565275	2
6466	0.35384614885088767	0.07973421441264475	0.3212435183870708	2
6467	0.4222222172617285	0.13483145571455643	0.33599999501568006	1
6468	0.32323231843638406	0.10958903611934719	0.3181818132966024	2
6469	0.37254901480007696	0.12307691878727824	0.317880790070611	1
6470	0.40579709660050406	0.21167882727023293	0.3315507973347823	2
6471	0.3730569900904723	0.14364640402673928	0.3333333283352557	1
6473	0.4295301965316878	0.19277108022644804	0.34090908600206615	2
6474	0.41887905106638473	0.14243322944078068	0.3612334751840711	2
6475	0.35294117147058834	0.11864406291295625	0.32911391907066184	1
6477	0.3675675626203068	0.1558441508652388	0.3417721469956738	2
6479	0.19178081718896617	0.06666666246666693	0.19999999642222227	0
6480	0.4164524371911368	0.1862745048851404	0.3999999950241966	2
6481	0.29090908618842976	0.07608695357809558	0.24999999513888896	1
6482	0.2727272678538224	0.06976743699296951	0.2325581345592213	1
6486	0.4137930987607759	0.12260535956606644	0.33333332836202945	2
6488	0.44444443971431496	0.1827411120358681	0.4426229459540446	1
6489	0.3985239805639902	0.09999999513888913	0.33823528918685125	2
6490	0.2982456092566944	0.13714285337861234	0.29629629173525385	1
6492	0.38709676925369413	0.12227073768997557	0.32876711836367045	2
6493	0.3766816093860725	0.1659388596983278	0.354430374759654	2
6495	0.28749999506328133	0.06422017912633647	0.2208588914057737	2
6496	0.3384615338035504	0.11518324140237403	0.3333333284139582	1
6497	0.4219409233449056	0.14864864411089315	0.34426229008734216	2
6498	0.39393938918630755	0.24999999670138892	0.465753420679302	2
6499	0.3728813514877589	0.10738254558082991	0.33333332934257515	1
6500	0.3707317027036289	0.13008129598783807	0.33663365836682685	2
6501	0.3507108962476135	0.09195401899326217	0.31858406584384064	1
6502	0.38162543697636386	0.14084506542264558	0.3999999950222222	2
6503	0.37499999506328124	0.12264150501068012	0.2957746434120215	2
6504	0.38392856644810275	0.097165987027488	0.352941171496433	1
6506	0.25263157397451524	0.07843136922193401	0.23529411287966176	1
6508	0.3728813509681126	0.13768115467260048	0.3276836108385203	2
6509	0.3647798692852341	0.10169491049698384	0.28865978882771826	1
6510	0.37837837375836375	0.19999999608888894	0.3611111070987655	2
6511	0.4102564052565418	0.1283018821718763	0.37681158920709945	2
6513	0.4052863392489666	0.23111110675911117	0.43971630733061723	2
6514	0.42647058336613325	0.3157894698060942	0.4482758575505351	1
6515	0.3496503447386181	0.08071748418830085	0.30985915100972033	1
6517	0.33142856703608164	0.09999999580000019	0.3235294073875433	1
6518	0.47244093991939984	0.2399999950387201	0.42105262659279785	1
6519	0.43085105883671915	0.09606986563185307	0.3181818132152893	2
6520	0.43786981750271353	0.15476189977962032	0.3300970824017344	2
6521	0.43119265562158066	0.19161676156190624	0.38095237626914713	2
6522	0.35023040996156224	0.12093022777717707	0.34645668795089596	2
6523	0.4629629580354081	0.20883533666553775	0.3492063442869741	2
6524	0.38666666167022223	0.16842104783157907	0.33823528955017307	2
6525	0.33333332856292525	0.10843373017491674	0.31304347339735356	2
6526	0.3875968944774954	0.14173227872527763	0.41584157930006865	1
6527	0.449612398408449	0.17358490103980076	0.3712574803929865	2
6528	0.34234233752130516	0.12844036278722343	0.3432835772777902	2
6529	0.3902438974704418	0.1349693201851784	0.32369941698553245	2
6531	0.29032257616545265	0.19999999555555567	0.2962962916323732	1
6533	0.4594594545178963	0.16593885973265207	0.43165467126132195	2
6534	0.3232323188572595	0.08247422245509642	0.3456790079865874	1
6535	0.41860464616346676	0.09549071121417893	0.3333333283348723	2
6536	0.3397435847509862	0.09677418855587956	0.3186813136909794	2
6537	0.35114503338033914	0.1971830945447333	0.37931034030915584	1
6538	0.33766233266992757	0.16494844988415355	0.333333328731098	0
6539	0.46428570959821436	0.3333333286694102	0.499999995138889	1
6540	0.3168316792510539	0.08999999610450017	0.3176470550442907	2
6541	0.41216215717677146	0.1564625800488224	0.3894736792459834	2
6542	0.4394904408996309	0.19528619029577496	0.32768361082319897	2
6544	0.33879780931649206	0.09917354938016547	0.3058823484089966	2
6545	0.2686567121140566	0.13636363208103777	0.2835820855546893	1
6546	0.30051813051088627	0.17801046701680337	0.32258064079084287	1
6547	0.21164020842753567	0.06956521302684338	0.2553191453508375	2
6548	0.4153846104603551	0.2368421013850416	0.3999999955555556	1
6549	0.4263959340864233	0.11340205685580318	0.31531531031531534	1
6550	0.3364485937950913	0.0981595059731267	0.30476190076371884	1
6551	0.41975308141983775	0.21192052499868436	0.36363635867768596	2
6552	0.2517482470477775	0.092165894925779	0.28947367979570643	1
6553	0.44680850564735175	0.14393938899563835	0.3743315458137208	2
6555	0.34666666263466667	0.13698629739163085	0.3529411723183391	1
6556	0.4232804186165001	0.15730336730210842	0.3725490146097655	1
6557	0.40182647908342195	0.1013824835456266	0.30967741444661817	1
6558	0.36257309473137034	0.11510791016381151	0.3164556917032527	1
6559	0.3352601107674831	0.1555555520987655	0.326797380979965	2
6560	0.2898550686777988	0.15730336730210842	0.3673469345272803	1
6561	0.4177545641963611	0.16199376457759548	0.37599999500512	2
6562	0.3915343866218751	0.15999999539200013	0.32727272278861347	1
6565	0.433734934805487	0.1393939344409552	0.385650219259587	1
6567	0.4266666616786173	0.1255605331287581	0.3398058203789236	1
6568	0.3018867880511056	0.08450703820670522	0.33103447847800244	1
6569	0.29487178987508217	0.05857740155109362	0.29059828568047347	1
6570	0.4040403993764809	0.13740457529368935	0.42045454058109505	2
6571	0.4213333284053334	0.19701492037531756	0.35199999505408	2
6573	0.3152709319653474	0.07999999608888908	0.31884057571938673	1
6576	0.41599999521632003	0.14516128554240393	0.3417721470341292	2
6577	0.4335664285686342	0.15602836379658988	0.359999995	1
6579	0.408026750854241	0.13392856688934965	0.27884614893676046	2
6580	0.43030302535610654	0.1768292633464085	0.4052863386403773	2
6581	0.361111106158372	0.22727272330578516	0.31818181368801657	1
6582	0.4213483097583954	0.13580246418457567	0.3448275813555292	2
6583	0.2899999952420001	0.16935483442800478	0.31794871357475346	2
6585	0.16574585351485002	0.06134969024803357	0.19999999571358035	0
6586	0.3624595420223919	0.08609271031095156	0.2954545404648761	2
6587	0.37815125574288544	0.15476190078514748	0.3786407722763691	1
6588	0.3157894687596184	0.14545454053553736	0.3043478211720227	0
6589	0.3694267465925596	0.1369862968103252	0.3566878933668709	1
6590	0.4269662872415099	0.14213197498003058	0.38016528440680286	2
6591	0.32352940677672054	0.1052631530193908	0.27397259775473826	1
6593	0.3821138163616234	0.14096915811445998	0.34965034466233075	2
6594	0.39830508026429196	0.18548386662623578	0.338709672639178	1
6595	0.4132231358240558	0.23529411298637107	0.3466666620968889	1
6596	0.3911439064408164	0.10491802787723752	0.34343433849607186	2
6598	0.4528301836952652	0.27450979893886973	0.465116274094105	1
6601	0.3984063695515945	0.10606060348943992	0.29319371237740194	2
6602	0.36111110611207564	0.12676055838127376	0.3214285664859694	1
6603	0.3973509884741897	0.11904761541950125	0.3652173864408318	1
6604	0.37499999526945155	0.1272727225520663	0.3488372044348297	2
6605	0.31428570932244904	0.0714285670041457	0.33898304591783973	1
6606	0.3502824810941939	0.08235293635363351	0.29687499517578125	2
6607	0.3690987078848386	0.09900989618615845	0.28571428129778953	2
6608	0.35582821597651404	0.11363636012396705	0.3140495818345742	2
6609	0.3469387707856102	0.10638297537347229	0.26573426110616666	2
6610	0.4225352067050189	0.24615384189349115	0.3999999953555556	1
6611	0.2647058775086506	0.12658227425092147	0.2988505698612763	1
6612	0.4655172370347801	0.285714281122449	0.4186046461871282	1
6613	0.3178807901460463	0.09638553786616363	0.2545454499173554	1
6614	0.22784809661913166	0.06249999586805583	0.19354838222684714	1
6616	0.22641508935564264	0.042105259089197065	0.2077922032383202	0
6617	0.43686006350545725	0.16541353127932615	0.37241378811510106	2
6618	0.3428571378663266	0.08888888497777794	0.27368420554016626	2
6620	0.32051281584155167	0.12345678595336092	0.3185840659378182	1
6621	0.3733333291875555	0.15246636358261792	0.3703703659678403	1
6622	0.35199999505408	0.22784809703573153	0.34920634466112377	1
6623	0.37837837339465596	0.07999999500800031	0.346938770518534	2
6624	0.38766519337072325	0.13333332891252708	0.33333332840419505	1
6625	0.3736263686994325	0.10077518954960658	0.3178807899407921	2
6626	0.4752475199485345	0.2399999968	0.4057970966267591	2
6627	0.38961038472191767	0.08637873263429792	0.2962962914060357	2
6628	0.4144144097102509	0.1967213070679926	0.37647058339100353	1
6629	0.3035714236112883	0.046082945307821706	0.24242423742475266	1
6630	0.17877094644112237	0.029850741296503388	0.19999999508888905	1
6631	0.40157479815456626	0.11199999500288021	0.3086419703208353	2
6632	0.32098764934003965	0.08383233038115417	0.27586206419405473	2
6634	0.41081080628546385	0.1530054599659591	0.387596894592873	1
6635	0.459330138636936	0.1769911470968753	0.3902438977169674	2
6638	0.35643563856631716	0.10948904650008012	0.29411764225882353	2
6639	0.3859649073672669	0.14659685364217004	0.3708609222156923	2
6640	0.41176470108235297	0.2758620654247589	0.4507042213052966	1
6641	0.2631578909310871	0.03636363212768645	0.2482758575505351	1
6642	0.3466666621368889	0.09049773301611373	0.31372548545773	1
6643	0.4531722005224487	0.17194569678999214	0.3274853752074143	2
6644	0.42384105463970884	0.25503355208504125	0.40384614885355036	1
6647	0.2816901370601072	0.07106598591460767	0.2137404540994115	1
6648	0.38132295231358543	0.1999999952000001	0.36269429558914335	2
6649	0.31372548535178785	0.05298012934695866	0.2535211221186273	1
6650	0.29743589267902704	0.08163264806330726	0.3333333285333334	1
6652	0.42281878702761133	0.12244897466680568	0.360248442206705	1
6653	0.4371257438344867	0.2659279733467362	0.38392856709861295	1
6654	0.44745762211870155	0.17419354340395438	0.38095237595588033	1
6656	0.27586206447814804	0.11363636012396705	0.26356588676161297	0
6658	0.3313609417667449	0.07260725657702427	0.3255813906192537	2
6659	0.4561403458868114	0.1825726091616881	0.32467531971664704	2
6660	0.4266666617053867	0.1286863221168845	0.3391003410236947	1
6662	0.42172523480652047	0.15434083120521927	0.294117642065052	2
6663	0.3624999950382813	0.16981131769312927	0.37168141099537944	2
6664	0.3939393889399041	0.15079364602324277	0.31213872357780087	2
6665	0.4321607990212369	0.17254901484044613	0.41176470088667827	2
6666	0.4050632861464509	0.11063829287967428	0.3012048142952534	2
6667	0.8448275813020214	0.8421052582563867	0.8536585316597265	1
6668	0.35643563856484667	0.08080807580859127	0.3252032474849627	1
6670	0.3703703653978053	0.3076923027218935	0.34146340963712074	1
6671	0.3172413749288942	0.11678831670733673	0.2803738272512884	1
6673	0.3384615337278107	0.23728813111174954	0.36734693394418994	0
6674	0.2941176424091696	0.16129031821019782	0.25287355833003045	0
6675	0.45864661197128165	0.2727272681637397	0.48730963997938637	2
6676	0.39446366296380553	0.17419354365681597	0.3440860165522026	2
6678	0.3235294069766436	0.1409395927127158	0.3024390195531232	2
6679	0.413793098508466	0.124999995070508	0.30243901941035106	2
6681	0.37956203883398165	0.09722221731867309	0.3333333284095413	2
6683	0.37410071445577353	0.08421052137494642	0.3212435183645199	1
6684	0.3318385602260251	0.09561752532689978	0.2802547721773704	1
6685	0.3469387707397959	0.12658227412416115	0.324675319919042	2
6687	0.45185184685185187	0.11149825286163507	0.3409090859097366	2
6688	0.3584905611819153	0.09433961781950898	0.32911391914757254	1
6689	0.3999999956260356	0.31746031312673223	0.4705882305267205	1
6691	0.357142852372449	0.1799999963520001	0.3149606251150103	1
6692	0.381355927203749	0.12857142573061234	0.31515151017373744	2
6693	0.4718309809640944	0.26950354114858416	0.3625730944646216	2
6695	0.369668241737607	0.10569105255040008	0.2916666620920139	1
6697	0.47619047123092856	0.1724137881762784	0.38216560029047836	2
6698	0.32635982818227977	0.09389670894840113	0.2891566222035129	2
6700	0.3923444926105171	0.0946745514036626	0.3124999950500001	2
6702	0.26086956025519853	0.0833333295833335	0.319999995648	1
6703	0.3230769180958581	0.14285713877551035	0.28387096346638924	1
6704	0.4218749950439454	0.1703703654801099	0.3699421915600255	2
6706	0.385714280734949	0.09655171919143901	0.2914572814605692	2
6708	0.15384614884615402	0.03999999500000063	0.17777777289876556	1
6709	0.41666666174083666	0.12363635863695888	0.329999995072	2
6710	0.26315788979224386	0.07142856834467133	0.2777777728395062	2
6711	0.40211639714789627	0.13903742818725173	0.35211267108113475	2
6713	0.3540669807705868	0.12096773738065833	0.31952662251321734	2
6714	0.4272727222830579	0.13899613419000925	0.2987012937696071	2
6715	0.3030302984022039	0.0645161244536944	0.2666666622222223	2
6717	0.4573378789595685	0.1756373889372358	0.3888888839098937	2
6718	0.36842104785318563	0.1767068227157628	0.3974358925180803	1
6719	0.4242424199035813	0.2812499957031251	0.4444444397805213	1
6720	0.3606557328675088	0.2545454499173554	0.3599999950720001	1
6721	0.3730158681295667	0.1489361652150296	0.34177214690193886	2
6722	0.31460673714114384	0.12499999537812517	0.32478631997954566	1
6723	0.4329004282266075	0.15238094929705223	0.4027777730246914	1
6724	0.35684646837072365	0.16535432618017246	0.3482587021638079	1
6725	0.2784810082863323	0.0709219812383686	0.3206106825616223	1
6728	0.3730158681179139	0.15642457619674807	0.3541666617583551	2
6729	0.401709396995763	0.12605041550737958	0.31746031291509197	1
6730	0.4444444396531391	0.13688212441122488	0.30487804385484835	2
6731	0.33898304588336686	0.09230768999658126	0.24489795420241578	1
6732	0.448484843487787	0.22822822322863415	0.3733333283358025	2
6734	0.2758620643460167	0.07518796597659584	0.2692307644970415	0
6736	0.4454976254136251	0.18018017722587454	0.38356163891161577	2
6737	0.3243243193471512	0.08372092590762598	0.3157894692252424	1
6738	0.350877188011354	0.1301775098224854	0.33333332885470923	1
6739	0.42483659634905374	0.15540540042823245	0.397959178736464	1
6742	0.46006389287631805	0.1799999955120001	0.3736263686994325	2
6743	0.34246574847063244	0.13580246433089485	0.3333333289342223	1
6744	0.39902675899100765	0.131147536037505	0.3333333284025375	2
6745	0.379182151482152	0.1369862964250122	0.3624999950382813	2
6746	0.3999999952793388	0.1886792405838378	0.4347826037807184	1
6747	0.4571428524553572	0.24460431186377524	0.4134078164426829	2
6749	0.4072727226853554	0.158995811076837	0.32467532001264965	2
6750	0.22222221728395072	0.03999999686050024	0.23376622890875368	1
6752	0.3630769180773491	0.09287925196637586	0.31527093098109643	2
6753	0.39252335949689937	0.09615384117048843	0.3448275813185362	1
6754	0.32857142365408165	0.10526315311634371	0.29268292210721136	1
6756	0.45614034590609076	0.21301774650887584	0.4642857093000638	1
6757	0.43452380463453094	0.16167664181863833	0.3689320338354227	2
6759	0.3199999955555556	0.24657533805216747	0.2999999953555556	1
6761	0.34343433846699317	0.10483870505333007	0.26865671150813103	1
6763	0.4084506994953878	0.15969581265017582	0.3571428522626134	2
6766	0.4065040602154802	0.20289854660785558	0.33333332888888895	1
6767	0.4534412905531971	0.15037593485980005	0.33513513018787433	2
6768	0.26785713791454085	0.06422018000126271	0.2666666617555556	1
6769	0.4409448768975138	0.24637680667007986	0.39603959931771393	1
6770	0.46601941247578055	0.12389380096796945	0.3560209374096105	2
6771	0.35258358179802485	0.13818181318717374	0.3189655123249852	2
6772	0.452296814791045	0.12637362167929617	0.37113401561855675	1
6773	0.38834950968375914	0.16363636022479344	0.3307086567549135	1
6774	0.3398058206956358	0.147368417311419	0.3356643309990709	1
6775	0.3999999950941945	0.07438016033843349	0.3496503447386181	2
6776	0.319999995648	0.26666666275555556	0.377049175630207	1
6777	0.377777772817284	0.11111110658448407	0.3333333286763039	1
6778	0.3454545408264463	0.17431192198426074	0.30872482733390394	1
6781	0.4216216166544924	0.12803531516200575	0.3430962293643319	2
6782	0.3999999950331962	0.11764705477093437	0.2711864361964953	0
6783	0.41509433466030615	0.26615969085573027	0.4083769584507004	2
6784	0.36764705382461077	0.0645161251261709	0.31707316635707916	1
6785	0.3085106342032594	0.13978494216152168	0.29787233602937485	1
6786	0.38274932115169175	0.13550135001975622	0.32520324707250975	1
6787	0.3372092974398324	0.06734006291829663	0.3101604230478424	2
6788	0.4285714240597098	0.18446601476105204	0.3728813510758403	1
6790	0.31858406590962496	0.0769230720998615	0.28395061230300267	2
6791	0.44518271926181835	0.194871790071795	0.4047618997682823	2
6792	0.39826839327298963	0.12807881277779146	0.3225806401664933	2
6793	0.3499999952347223	0.17733989797277297	0.36090225149414895	1
6795	0.3815789425147161	0.16279069365062204	0.30769230285338595	1
6796	0.4210526269252078	0.27118643585176677	0.3773584858668566	1
6797	0.4150943354076184	0.25098038843644754	0.44137930591581453	2
6801	0.4062499955908203	0.32258064079084287	0.4363636317355372	1
6802	0.3956043906194904	0.14958448295762017	0.36666666166666667	2
6803	0.401673635377532	0.23481780905046806	0.419753081447188	2
6806	0.4529914479929141	0.15331009974092208	0.3670886026021471	2
6807	0.4331210141328249	0.1747572784239797	0.34951455811103777	1
6808	0.4476534246316256	0.17142856643531879	0.3684210476869806	1
6812	0.3763440815076887	0.07142856650669677	0.2735042686653518	1
6813	0.3478260820686597	0.12440190901581943	0.3370786469132686	1
6814	0.33922261025059625	0.12811387441901714	0.35406698078615423	2
6815	0.4444444394480968	0.14124293286092776	0.3466666616746667	2
6817	0.41025640532297836	0.1165919235126387	0.3435582775249352	1
6819	0.3835616397372865	0.22535210862924027	0.38709676982310093	1
6820	0.3692307648936226	0.12435232728288022	0.319148931190584	1
6821	0.2790697626149271	0.09599999603968015	0.22988505310609067	1
6823	0.3486238482316304	0.10727969007266494	0.35999999528800003	1
6824	0.3333333286558327	0.09090908668503234	0.27586206444708683	1
6826	0.3954372574101115	0.12260535903818226	0.3181818131979598	2
6827	0.32876711853797885	0.1491228023638044	0.322981361529262	2
6828	0.3829787184769378	0.17283950245389432	0.3925233596121932	1
6829	0.38095237679803606	0.18666666248454328	0.3975155235770225	1
6830	0.36823104199403095	0.0977198649173999	0.3076923027429012	2
6832	0.41071428102678575	0.1621621574803183	0.3673469339201259	2
6833	0.37837837382030687	0.1649484503347859	0.3537414918506178	1
6834	0.33333332847222225	0.17073170362879245	0.28571428110324404	1
6835	0.36619717814719305	0.0869565167905905	0.3508771880209296	1
6836	0.41129031759235174	0.1295546508803621	0.389610384611233	2
6837	0.3713080119525005	0.13620071218817864	0.3026315740720222	1
6838	0.36842104764252254	0.11309523311295373	0.3207547119882521	2
6839	0.39130434316635165	0.11857707066318815	0.32394365740924425	1
6840	0.4403669675635235	0.10526315292092303	0.3654822285036976	2
6841	0.3636363592511385	0.19587628478424918	0.3358778582949712	1
6842	0.3289473635673477	0.17582417133196487	0.3076923034319527	1
6843	0.3824701145238965	0.15282391538768905	0.3544303747981093	1
6844	0.48965516756242583	0.15686274023692828	0.39325842221878554	1
6846	0.310880824364681	0.06956521315690008	0.3034482710107016	1
6847	0.3220338933054439	0.07434943747377765	0.2937062887260991	1
6848	0.43650793160997736	0.12745097540417166	0.3609022506393804	2
6850	0.40609136569867815	0.13333332847652876	0.3230769182201184	2
6851	0.41221373557455865	0.11475409340903003	0.3815028852951987	2
6854	0.40268455876401976	0.16149067829231142	0.35406698071747444	2
6855	0.3587443900701804	0.12686566754650266	0.3489932838664925	2
6856	0.3174603128243891	0.12711863996552727	0.2828282778328743	1
6857	0.45762711369019127	0.26704544959210363	0.4205607426652983	2
6859	0.33884297045557005	0.0502092002668025	0.31182795244247896	2
6860	0.43795619970589805	0.139705877684094	0.46753246261679887	2
6861	0.39473683725155817	0.15999999515022237	0.3255813904813413	1
6862	0.3037974637782407	0.1004184064984858	0.3174603129642227	2
6864	0.23076922603550304	0.09917355107164819	0.22471909776543367	0
6865	0.3888888840779322	0.0799999950387203	0.3655913929471616	2
6866	0.43223442723771954	0.1353383408649445	0.3440860165053764	2
6867	0.3612334758128433	0.1777777734257779	0.3862068917517241	2
6868	0.4029303979320802	0.16949152168789308	0.33789953850670346	2
6869	0.42361110611496916	0.10294117147302144	0.3255813903596539	1
6870	0.3796610124460787	0.17021276097781818	0.34848484359963267	2
6871	0.4469913991267723	0.11940298043550922	0.3823529363153595	2
6873	0.38162543671865057	0.11960132398759415	0.3263157844759003	2
6874	0.37499999523308364	0.06896551247985236	0.3300970823828825	2
6875	0.2748091553079658	0.07751937484766575	0.21999999505000015	1
6876	0.37795275100595205	0.10937499736328131	0.3274853751786875	2
6877	0.4268292633045806	0.1226993815151118	0.33663365836682685	2
6878	0.4535315937071074	0.1498127292794121	0.363636358702663	2
6880	0.4242424193019284	0.15853658042608582	0.358078597830705	2
6881	0.4236111063580248	0.16027874090106728	0.3786407722122726	2
6882	0.39682539232930214	0.2285714240399834	0.3786982200917335	2
6883	0.37908496245375717	0.1140350837199909	0.3206106823798147	1
6884	0.3838383788429753	0.0959409548562794	0.3382352891187284	2
6885	0.25396824963466874	0.0952380905215422	0.24999999520919433	1
6886	0.453731338284696	0.19219218719331957	0.3722943673102079	2
6887	0.32160803654049147	0.19718309411624688	0.28571428182551023	1
6888	0.44619422072347253	0.19121446528427125	0.3722943672989637	2
6889	0.4528301837567818	0.23664121644863362	0.40883977403131777	2
6890	0.35838149811888137	0.17582417194058697	0.29999999501800007	2
6891	0.3687943212433983	0.14388488708866018	0.27999999500000006	1
6892	0.40449437707360186	0.18532818108853485	0.3893805260051688	1
6893	0.3517587891618899	0.07905137910418872	0.2857142808163266	2
6894	0.38267147516323685	0.10416666220499694	0.3127962035560747	2
6895	0.4225352067742115	0.1473087773820512	0.3846153799778107	2
6897	0.3444108712812041	0.09016392949207229	0.2892561935123968	2
6900	0.3765690328845784	0.1544715400128893	0.3841059553809044	2
6901	0.38869257487545106	0.1850533761583568	0.3723404208312585	2
6902	0.280701749646045	0.0852713140601528	0.2586206847502973	1
6903	0.40112993851575224	0.10989010489146865	0.2844444394880001	2
6905	0.41379309921191704	0.2222222182098766	0.4193548342299688	1
6907	0.3666666618055556	0.2962962916323732	0.399999995072	1
6908	0.45522387563070843	0.1401869109861125	0.4155844107269354	2
6909	0.33333332838957763	0.20512820131492446	0.3061224439816743	1
6910	0.47750864551909106	0.19512194621957302	0.371859291518901	2
6911	0.39024389744571686	0.12598424754169524	0.322981361723699	1
6912	0.4836601257806827	0.18122976854243267	0.3636363586363637	2
6913	0.3656716368456227	0.12030074693510111	0.38251365622025146	2
6914	0.29870129446028004	0.08888888389135831	0.27848100767825673	1
6916	0.37037036588553574	0.27027026632578527	0.40624999570312503	1
6918	0.3618090404595844	0.10434782163289244	0.3503649585486708	1
6920	0.4013157844875347	0.13907284269615386	0.35071089547494444	2
6922	0.39999999517422224	0.21428571020408166	0.33333332888888895	1
6924	0.42744062852110476	0.16666666172839517	0.4054054005843682	2
6925	0.3666666617791667	0.08695651732735908	0.32558139044618717	1
6927	0.4065934016229924	0.1853281809728538	0.3611111063001543	1
6928	0.30534350651593734	0.17283950200274356	0.3103448230677765	0
6929	0.4674329452621072	0.1145038118780959	0.3878787829201103	2
6930	0.41456582134783326	0.11764705382367262	0.3069306882462504	2
6932	0.3833333283833334	0.1942445995815435	0.32999999522050005	2
6934	0.3687943212474222	0.1151079086755346	0.35199999509248003	1
6935	0.4249999950382813	0.1265822735202694	0.3448275813020214	2
6936	0.43333332860555557	0.17318435320121106	0.38297871853157545	2
6937	0.39869280555171094	0.14473683720070132	0.32335328854387035	2
6938	0.38524589681705196	0.11347517276998156	0.32704402021439033	2
6939	0.3919597940233832	0.11023621587420195	0.36144577839454206	2
6941	0.45333332842222224	0.1518151766284353	0.40287769284405567	2
6942	0.3373493926019742	0.18867924222143115	0.3281249950305177	2
6943	0.39416057932628273	0.1704545405191117	0.2912621309265718	1
6945	0.41509433466714135	0.12295081467515473	0.333333328334042	2
6947	0.4172661820630402	0.20224718707233943	0.3272727223537191	1
6948	0.3829787184246266	0.266666661688889	0.3243243193571951	1
6950	0.28571428115818415	0.11428571120181413	0.2545454498541782	1
6951	0.46511627407247164	0.3555555505777778	0.43902438524687687	0
6952	0.3246073251456924	0.12631578569750704	0.27906976260080524	1
6953	0.34517766025921826	0.1333333286238003	0.345679007943149	1
6954	0.23809523446712022	0.036144577287705065	0.2222222182098766	1
6955	0.3471698066033465	0.07751937509765068	0.27397259811503105	2
6956	0.38461537980029586	0.2962962913580247	0.3749999950347223	2
6959	0.4237288087126943	0.14035087230857374	0.330935246856788	2
6960	0.3589743539758201	0.14285713817654885	0.40236685911977876	2
6962	0.2773722584666205	0.06611569961068246	0.2413793053983354	1
6963	0.39166666188368054	0.08653845658468963	0.3253011999070983	2
6964	0.4206008536683306	0.13084111845576038	0.3673469340274886	2
6966	0.4752475197529654	0.14492753211510198	0.3513513463513514	1
6969	0.407894731842971	0.12734081903743935	0.31351350851365967	2
6970	0.4364820797292279	0.1420764990796979	0.35175878902552965	2
6971	0.41007193752083226	0.1538461493283335	0.393617016296967	2
6972	0.415224908516421	0.14634145843654792	0.3793103398275862	2
6973	0.32467532004722555	0.09210525853964704	0.2882882836782729	1
6974	0.4018264791768312	0.16513760983892364	0.3070866091760184	1
6975	0.3786407718050712	0.14414414075480894	0.34482758127972657	2
6976	0.3423423374109245	0.08275861626064233	0.33684210055623276	1
6977	0.32727272259669427	0.09929077607766226	0.29268292207019636	1
6978	0.399999995128	0.24999999513888896	0.37209301828015146	1
6980	0.24210525904432137	0.07228915223689968	0.2718446553002169	1
6981	0.4071428521553571	0.1249999950865653	0.33488371595457006	2
6983	0.3544303754206057	0.21917807821354857	0.3278688478473528	1
6984	0.37869821990266456	0.0935064885140836	0.2938388576411133	1
6985	0.3333333283475556	0.11180123732109122	0.3357664187223614	1
6987	0.3589743540039448	0.046296294846107734	0.21621621124908705	1
6988	0.46200607402740185	0.22018348123857898	0.3736263686318078	2
6990	0.3698630087136424	0.13333332871473938	0.3309352469126857	1
6991	0.4047618998639457	0.16923076438727827	0.3529411714708019	1
6992	0.38423644842631466	0.16923076500029596	0.3941605789482658	2
6993	0.3760683712294543	0.11555555225046923	0.3518518473473937	1
6994	0.36619717810255903	0.16877636707792565	0.355029581219145	1
6995	0.38028168536401513	0.15602836402067316	0.3618090404595844	1
6996	0.44599302652939826	0.1384615335195268	0.34782608204158794	2
6997	0.3786407718691678	0.17120622130781704	0.3289473635457064	2
6998	0.3238095193034014	0.10126581784970382	0.28070175077100645	1
6999	0.30534350651593734	0.05797101050199566	0.24742267542565638	1
7000	0.37499999506805565	0.10619468529054767	0.3468208042500585	2
7001	0.42281878699698217	0.16216215721352278	0.3749999950241127	2
7002	0.4097560926134445	0.19305018814150068	0.3956043906913416	2
7004	0.4198894977967706	0.18749999564575204	0.3660130674509805	2
7005	0.35483870486472424	0.21428570969387764	0.3599999950720001	1
7006	0.38167938437853277	0.17543859204678372	0.3103448230677765	1
7007	0.38181817689164377	0.13414633653777533	0.3162790647684154	2
7008	0.36226414607504454	0.14285713807511186	0.30167597278486946	1
7009	0.3333333287833333	0.0752688139530583	0.3076923029585799	1
7010	0.44247787148249673	0.20754716508944476	0.39160838694312683	1
7011	0.28220858452632774	0.10958903711765824	0.26771653077066165	1
7012	0.35483870505332993	0.1874999957031251	0.3999999956208617	1
7013	0.3771428524447348	0.13872831900831986	0.31666666183472225	1
7014	0.3305785075934021	0.09999999520000023	0.35064934565694056	1
7015	0.33707864688991296	0.08333332895233218	0.281879189939192	2
7016	0.3333333286620645	0.12807881369506674	0.2953020092067925	1
7017	0.3865030625842147	0.09876542719955062	0.2831858357960687	2
7018	0.3628691934476313	0.14693877071020423	0.32499999520000006	2
7019	0.45136186325122263	0.16260162149348945	0.3287671190767498	2
7022	0.4366197133299445	0.12749003485405014	0.3771428522997552	2
7023	0.3606557328826257	0.11570247451950023	0.3896103846179794	1
7024	0.2903225766649324	0.05309734270185617	0.24242423764921955	0
7025	0.4347826037913418	0.19047618582812728	0.35862068470868014	2
7029	0.43956043459002536	0.10243901940214184	0.30204081133327787	2
7030	0.39306357890340476	0.2127659540968765	0.3582089510358654	1
7031	0.3664596224225532	0.07560136958373222	0.2871794822753452	1
7032	0.40133778765159234	0.18855218356176817	0.35416666169325095	2
7035	0.5023696633283171	0.18181817690162785	0.41726618209409455	2
7037	0.4583333283420139	0.13043477761814765	0.3333333283446712	1
7038	0.36792452394446423	0.1870503547187	0.386206891843044	2
7039	0.4019607798370819	0.09565216974820434	0.2999999957438776	1
7041	0.41899440841031804	0.155688617763276	0.34745762211900316	2
7042	0.4021739081763942	0.15062761072530254	0.37086092252094205	2
7043	0.44268774209251827	0.13821137715381074	0.41142856648751025	2
7044	0.3838383788429753	0.1581920864949409	0.36363635884555784	1
7045	0.3709677373113944	0.2187499957031251	0.36363635900826446	1
7046	0.4444444395833333	0.2941176422145329	0.36363635886134077	1
7047	0.39405203971476355	0.12499999517578143	0.3253011998308899	2
7048	0.3921568579008074	0.20408162782174108	0.4090909041322315	1
7049	0.4380165239269859	0.16666666166805572	0.3488372043841266	2
7051	0.27397259823606684	0.16901408003173987	0.3103448228775268	1
7052	0.42231075244265964	0.16153845711124273	0.35135134679327984	1
7055	0.31782945305660726	0.0833333283446715	0.30769230316568047	1
7057	0.458781357115145	0.1402438974436721	0.3926380318325869	2
7058	0.3414634099315884	0.14814814442920296	0.3076923034319527	1
7060	0.38961038461376296	0.25531914558623814	0.3757575712734619	1
7061	0.3706896505068371	0.1100917396852118	0.3124999950109864	2
7062	0.34108526631812996	0.09859154434437636	0.28571428079092975	1
7063	0.4368931991549628	0.1470588188062285	0.42384105484145435	2
7064	0.401709396995763	0.10084033147376618	0.333333328589144	1
7066	0.3851851802554184	0.11940298012920493	0.3054187142556238	2
7067	0.3368421005822715	0.117647054315648	0.34328357717977287	1
7068	0.39603959911920406	0.10891088626605255	0.37878787390266305	2
7069	0.38688524090427306	0.14285713792074187	0.3461538411556953	2
7070	0.40196077945261444	0.15841583672581136	0.35294117153979243	1
7071	0.37209301858301785	0.049261079885462224	0.3124999951757813	1
7072	0.4502617752539679	0.2857142808667171	0.4202898501774838	2
7073	0.4415584365839518	0.17757008899292526	0.344444439454321	2
7074	0.34074073577393693	0.06792452434432206	0.29447852313598555	1
7076	0.37065636568924143	0.10566037241836976	0.3276836109036356	2
7077	0.33333332836076823	0.1153846104142014	0.31111110611358034	2
7078	0.3529411714716696	0.10344827115338905	0.3466666621368889	1
7080	0.45061727895137943	0.17647058324298362	0.41474653878740264	2
7081	0.4747474699515355	0.13636363178677702	0.3521126713102559	2
7083	0.34399999521632	0.08118080719107883	0.29834253662342425	1
7084	0.37569060323067066	0.15384614938956664	0.31007751498828195	1
7086	0.3455497335226556	0.13186812843859447	0.3399999950000001	1
7088	0.409090904092057	0.1381818132009258	0.39285713788265303	2
7089	0.4071246769830818	0.13299232241547365	0.3507108955818603	1
7090	0.3809523760783573	0.23684210094182825	0.3225806402589896	1
7091	0.288461533995932	0.07692307200526001	0.28205127744904673	1
7092	0.3407407358858711	0.18285713854693889	0.3374999958	1
7093	0.3900414890756014	0.10878660618336534	0.3018867878897196	1
7094	0.27142856642959184	0.0595744639022185	0.2818791900094591	1
7095	0.36206896087433116	0.1346153815088758	0.3043478212140307	2
7096	0.4012738804022476	0.1608391558413616	0.37894736343490304	2
7097	0.37795275094302194	0.18181817797267674	0.3728813511390405	2
7098	0.3174603124615773	0.05504586757007015	0.3589743544477318	2
7099	0.3843648159449968	0.1366120168700172	0.34632034136166867	2
7100	0.4033613397952122	0.2608695606805294	0.4081632604748022	1
7101	0.3956043910777684	0.1444444399283952	0.33009708258648324	1
7102	0.3486238482934939	0.14814814323216752	0.31578946897164945	1
7103	0.42424241924293443	0.09285713786632681	0.35175878897300583	2
7104	0.3919597942284286	0.1752988005276108	0.34838709215900104	1
7105	0.339483390734331	0.17100371338594003	0.34042552753112276	1
7106	0.41599999526912	0.1370967694670267	0.34523809055059523	2
7108	0.43421052132358035	0.15999999500800016	0.3302752243918863	1
7109	0.42541435966286134	0.14110428948323253	0.3474178353783421	1
7110	0.43243242748153565	0.17582417120154584	0.4255319098938686	2
7112	0.33333332847222225	0.14634146058298636	0.3076923041420118	1
7113	0.4496644246709608	0.1689189140615871	0.3854166617323134	2
7114	0.3121387247071402	0.19883040577271643	0.3448275822116528	1
7117	0.36994219169233855	0.13173652207680467	0.3571428523357781	1
7118	0.3899999958	0.20202019783644534	0.3225806412104059	1
7119	0.2564102514398423	0.07692307351413559	0.21874999625000005	1
7121	0.33557046529615786	0.14285713877551035	0.34482758168846617	2
7122	0.3983739788997951	0.12830188209327179	0.3274853755972778	2
7123	0.27027026536157783	0.05681818025891017	0.24242423875114788	1
7127	0.3402061807205867	0.09859154435925435	0.28025477234776264	2
7128	0.4492307642705799	0.2043343603653827	0.40566037239453545	2
7132	0.42519684550561104	0.27397259876149377	0.41935483433923	1
7133	0.44628098673690325	0.16666666166805572	0.35036495856358896	2
7134	0.40404039924446494	0.20408162940441485	0.33333332880670613	1
7135	0.28723403790685836	0.08955223432885348	0.2827225089882405	1
7136	0.4928909905761326	0.3157894690057463	0.4799999952275556	2
7137	0.3723404206275464	0.08999999520000027	0.3300970823791121	0
7138	0.39705881853049313	0.15023473750710847	0.3564356385766102	1
7140	0.39080459303063675	0.0921052588365653	0.3544303747981093	2
7141	0.29850745838271336	0.173913038941399	0.2999999955555556	1
7142	0.3671497535522416	0.11453744018630306	0.2857142810076772	2
7143	0.28828828378540705	0.06557376571889313	0.32941175986159177	2
7145	0.38571428097551025	0.191780817939576	0.36363635900826446	1
7146	0.4129554605871265	0.18518518022469152	0.3602484422746036	2
7148	0.4230769180810836	0.18412697979339898	0.3793103398936452	1
7150	0.35087718832871656	0.11666666253472238	0.3333333286763039	1
7152	0.34944237434806047	0.07751937722492648	0.35675675183403943	1
7156	0.2881355885018673	0.1874999957031251	0.2962962916323732	1
7157	0.4307692257798817	0.1142857093623585	0.3423423373524876	2
7158	0.3713080123263722	0.15319148481810788	0.3660130669896194	2
7160	0.3978494573981096	0.14769230270295877	0.2822085839798262	1
7162	0.41975308146454643	0.13718411075030318	0.3240223416060673	2
7163	0.2943722897441952	0.05599999556448035	0.2690058431626826	2
7164	0.4049844186842131	0.11445782635596624	0.3578947318775624	2
7166	0.37499999501953135	0.11363635880165311	0.3204419840615367	2
7168	0.3448275814108569	0.10280373363612563	0.31847133272749406	1
7169	0.43999999530422224	0.17977527602855994	0.3707865119959602	2
7170	0.30303029806134074	0.0481927668747282	0.2692307642381657	1
7171	0.3851851802315501	0.16580310413058083	0.3157894687346902	2
7172	0.4771573556226648	0.1538461490671928	0.38399999523328004	2
7175	0.37647058335224914	0.11363635970414385	0.2721088388541812	2
7176	0.35643563876041573	0.13492063058704978	0.3176470544055363	1
7177	0.4238410547508881	0.1707317026145153	0.39743589247616706	2
7178	0.36781608748432937	0.16033754809592496	0.3680981548255487	1
7179	0.39148935670946133	0.15081966748379483	0.33502537577881425	1
7180	0.3703703661027282	0.25316455273193406	0.35164834669725886	1
7182	0.4421052581584488	0.2547169766464935	0.410596021674488	1
7184	0.4266666616722223	0.16883116383116897	0.3980099452548204	2
7186	0.42028985007993186	0.1276595695637168	0.348148143175583	2
7189	0.36363635906888964	0.15384614888747633	0.2916666616753473	1
7190	0.4311377195654201	0.13609466956251548	0.3737373687501276	1
7191	0.3693693648953007	0.1557377006920184	0.3724137883947682	1
7192	0.2962962913580247	0.18181817719008275	0.3373493929743069	0
7193	0.35497835030452957	0.12227073768997557	0.32167831674898534	1
7194	0.35460992408430164	0.17582417194058697	0.27777777324459885	1
7195	0.41176470123269904	0.24242423779614333	0.3703703657064472	1
7196	0.44859812593938336	0.16666666205246927	0.40476189999149664	2
7198	0.4528301839800641	0.2433460029099742	0.41530054163098334	2
7199	0.33802816449414796	0.17647058408304508	0.31578946912896283	1
7200	0.4210526266513088	0.11940298016484761	0.3448275812491743	2
7201	0.29032257616545265	0.09259258792866965	0.27586206444708683	1
7202	0.41111110611250007	0.12857142366031765	0.3263598276745856	2
7203	0.31034482296670635	0.06862744807381789	0.31999999520000005	1
7205	0.4806201500630972	0.20472440447392906	0.4948453558295249	1
7206	0.40837695835421184	0.2330827022420714	0.3720930183065922	1
7207	0.39495797862580323	0.13008129634179408	0.354838705306972	1
7208	0.3809523760783573	0.2222222182098766	0.3728813514507326	1
7210	0.4132231356191517	0.12121211621416202	0.3503649585060472	2
7213	0.34200743013833423	0.07843136756103453	0.2994011926838539	1
7214	0.3601532518166205	0.11188810715438428	0.3184079554070445	2
7215	0.4422604372640946	0.14893616522422493	0.34821428084343115	2
7216	0.5066666618055556	0.3087248273555246	0.4699453504422348	2
7219	0.45390070456415677	0.21989528298895325	0.35460992421105575	2
7220	0.2823529369764706	0.04918032303144364	0.24999999563775516	1
7221	0.3571428522137189	0.08602150200023137	0.2666666617347223	1
7223	0.4516128988553591	0.34482758192627827	0.4137930991676576	1
7225	0.41228069712411514	0.1558441508652388	0.31081080617604095	1
7226	0.386554617052115	0.13333332879451318	0.25842696175230406	2
7227	0.38095237628845774	0.07692307194201216	0.2913907241401693	1
7228	0.42264150466529016	0.16406249519073504	0.3949044537466023	2
7230	0.3489932837800099	0.20253164178817504	0.3548387050988554	1
7232	0.27906976244456466	0.07035175690613879	0.30769230269559505	1
7233	0.3660130674509805	0.25714285306122453	0.4137930989298454	1
7234	0.3809523759803786	0.18095237660725633	0.42990653710891785	1
7235	0.3829787184404709	0.12799999551200017	0.3862068917517241	2
7236	0.3272727225520662	0.1012658194800514	0.2799999952000001	1
7237	0.320895518029628	0.11464967656294393	0.3236994173998463	1
7238	0.44748857974604367	0.20276497223470463	0.4255319102017001	1
7239	0.38732393916410435	0.1316872380185949	0.35838149805072006	2
7240	0.4539877250765931	0.19135801970679026	0.3614457782816407	1
7241	0.32673266867954126	0.15384615041661642	0.29411764290657444	2
7242	0.4649446445396986	0.1933085452804689	0.4523809473873299	2
7243	0.42402826355429585	0.17793593806360117	0.36548222855935486	2
7245	0.44748857954004295	0.16606497742027146	0.4054054004063185	2
7247	0.34234233752130516	0.09482758147777967	0.2976190430272109	1
7249	0.35424353745510007	0.0824742222510365	0.2840236636406289	2
7250	0.4360902206659507	0.17910447273474062	0.32768361088959114	2
7251	0.3973509884741897	0.23809523446712022	0.3888888838906036	1
7253	0.37096773709287206	0.1279999968972801	0.3376623326834205	1
7254	0.24390243426531835	0.1538461491124262	0.27027026544923305	1
7255	0.4444444399035813	0.1632653015910039	0.36548222853152623	2
7257	0.3692307644970414	0.25396824925170075	0.3599999950720001	1
7258	0.4052287533034304	0.18390804198176783	0.32989690222127754	1
7259	0.38167938436221666	0.1268292633927426	0.31343283082089557	1
7260	0.3698630088571965	0.13559321589453877	0.36799999523328003	2
7261	0.37873753672034527	0.11987381232970791	0.3671497534803613	2
7262	0.46153845693622625	0.43243242787436087	0.4571428524734695	1
7263	0.37192981968605726	0.10830324419658821	0.3333333283772787	2
7264	0.4198894977638046	0.18934910745562147	0.36619717817893277	1
7266	0.40458014776615586	0.16153845663431968	0.3763440810683317	2
7267	0.3193277261210367	0.08139534452947561	0.23437499595703132	2
7268	0.4210526267304824	0.1834061086066247	0.36024844234558856	1
7269	0.389312972344269	0.17341039976477676	0.39024389748661514	2
7270	0.38235293690743943	0.12121211698806258	0.41935483433923	1
7273	0.3999999953402647	0.10596026088504906	0.32432431962016073	2
7274	0.37037036551550073	0.202531641339529	0.28148147725212624	0
7276	0.46263344707437853	0.13649851133038082	0.3878787829098255	2
7277	0.38983050371732264	0.16216215920785654	0.29885057117188535	2
7278	0.42735042235371473	0.14899712967381237	0.3348017571658678	2
7279	0.3496503449498753	0.12987012557935587	0.3285714246163266	1
7281	0.39548022099652086	0.19428570929371441	0.36641220876405806	2
7282	0.266666661688889	0.1111111062208507	0.2580645124060586	1
7283	0.2950819626981994	0.09356724794090503	0.2615384577502958	1
7286	0.3965517193891201	0.19298245140043102	0.3333333287798917	1
7287	0.4335260065613619	0.14241485569496515	0.4022346318754097	2
7288	0.25316455278240674	0.11538461122616715	0.20689654726070164	1
7289	0.38174273384962387	0.14285713992346943	0.32835820397304527	2
7290	0.3233532884922371	0.13675213349112436	0.3018867874688502	1
7291	0.48231510755885487	0.16993463553654592	0.3849765210068549	2
7292	0.4555984506313263	0.19047618568317698	0.3819095427842732	2
7293	0.30215826890533615	0.10218977656135136	0.26865671242036093	2
7294	0.410447756554912	0.1781376470520744	0.36842104770698686	2
7296	0.3868312709072127	0.12030074724602878	0.357142852244898	2
7297	0.35978835518154595	0.16822429476417167	0.3418803370735627	1
7298	0.40837695850004113	0.1415094289733893	0.46268656223546456	2
7299	0.3428571382653062	0.2058823483737025	0.3461538414201184	1
7300	0.3870967693509365	0.0999999950063778	0.336734688919721	2
7303	0.3739837348387204	0.13953487872844197	0.32748537512533776	2
7304	0.38095237680398086	0.1999999952000001	0.34999999505000007	0
7305	0.18749999548828133	0.06666666222222252	0.19354838251821027	0
7306	0.37931034051464035	0.09999999520000023	0.33333332907297836	1
7308	0.33734939275366527	0.18390804243625317	0.33802816496726845	2
7310	0.398230083622445	0.11864406300344747	0.36249999537812505	2
7311	0.3423423373752131	0.11023621549755123	0.3555555509311386	1
7312	0.35632183416039115	0.11764705382545197	0.26086956110060916	2
7313	0.4313725441248751	0.15810276190535721	0.37569060280211236	2
7314	0.4385382009893931	0.13427561342706257	0.39344261795216345	2
7316	0.4290030162039412	0.16927899196470175	0.36999999503200004	1
7317	0.3976608137818475	0.17058823036332194	0.3367346889108705	2
7318	0.33457248587222405	0.09302325319391871	0.33142856653061226	1
7320	0.4230769180843196	0.19014084015076388	0.3369565169754254	2
7321	0.45936395263619223	0.2047781520763202	0.416184966098433	2
7322	0.4814814765089164	0.34615384118343206	0.4102564052596976	1
7323	0.40298506966696374	0.24999999625000005	0.33846153420118347	1
7324	0.38333332844583334	0.21621621183345519	0.32727272264462814	1
7325	0.30769230316568047	0.0686274471342755	0.2990654158791161	1
7326	0.3858267668472937	0.17241378818705425	0.3354037217406737	2
7327	0.46728971462621677	0.1320131963323859	0.33918128161143607	2
7328	0.3900414892098965	0.2343096188722187	0.3783783738869248	1
7329	0.4363636316429752	0.26415093869704526	0.4399999952	1
7330	0.41295546059368293	0.12030074688987528	0.30656933839202943	2
7331	0.29850745771441306	0.03571428083404262	0.23899370612871332	0
7333	0.31627906502714986	0.1021276550308739	0.3157894687889543	2
7334	0.40840840340881424	0.09790209300992739	0.3440860165053764	1
7337	0.36815919914952605	0.1010100961753905	0.3609022507411386	2
7338	0.39999999531911357	0.24444444098765436	0.36923076497041424	1
7339	0.45871559135089646	0.1606425655250723	0.3854166617323134	2
7340	0.33513513060978817	0.0952380902380955	0.2992125937627876	2
7341	0.37241378850321055	0.12587412128514858	0.3529411717031911	1
7342	0.421052626634349	0.22222221728395072	0.3999999951020409	1
7343	0.3380281644514977	0.23188405343415258	0.3508771882425362	1
7345	0.3529411722705883	0.11428571020408178	0.3275862023781213	1
7346	0.34905659886080465	0.07468879198016594	0.31081080598977356	1
7347	0.385964907466913	0.27272726921487606	0.4057970973324932	1
7348	0.3243243194156319	0.11428570938775531	0.17647058479671288	0
7349	0.4600938923335318	0.183406109361759	0.41134751311302253	1
7350	0.34554973333516076	0.13513513052511988	0.30508474077563924	1
7351	0.45614034590975683	0.201923072235577	0.4043715797031861	1
7352	0.4551282001487509	0.1660899603979839	0.331658286460443	2
7353	0.48615384116752663	0.16860464616346688	0.4057970964503256	2
7356	0.397905754465064	0.14102563606591076	0.34586465686019563	2
7357	0.40624999503051756	0.09790209308034646	0.3214285667873087	1
7358	0.3546099243197023	0.23076922650887582	0.3692307647526627	1
7359	0.16071428155771694	0.030303027593102983	0.17741935125520297	0
7360	0.4569536373920004	0.17058823032802783	0.36082473728132647	2
7362	0.33858267222611443	0.0869565169754256	0.2807017494476934	2
7363	0.3664122087547346	0.12403100276666086	0.32989690222127754	1
7365	0.31451612443060617	0.14102563610782398	0.3855421641283205	2
7367	0.4567901185055632	0.26086956181474485	0.4307692265088758	1
7368	0.33112582325862905	0.1545893682186283	0.285714281122449	1
7369	0.32388663541575835	0.13877550595585186	0.30674846157401486	1
7370	0.4380165239269859	0.15833332833472238	0.36842104765322026	2
7374	0.3113207500912247	0.07920791706695439	0.26143790396855915	1
7375	0.3942857093797552	0.11891891409788187	0.3317972300316423	2
7376	0.43749999544067386	0.23809523355001266	0.3838383792674217	2
7377	0.4219409233669818	0.10828024988437687	0.3512195073580013	2
7378	0.41481480991385467	0.13127412633681687	0.3636363588946281	2
7379	0.32098765005334556	0.10126581855471896	0.28282827785328035	2
7380	0.3373493925910873	0.08658008242574185	0.32743362332015036	2
7382	0.44670050276314777	0.23469387270147865	0.41739129937202274	2
7383	0.399999995128	0.2916666618055556	0.3999999950617284	1
7384	0.37748343877198376	0.06666666173088925	0.24999999503200007	1
7385	0.2738095194905046	0.05333332977935825	0.3087248281086438	1
7386	0.3428571381183674	0.18181817752740775	0.35714285255102046	1
7388	0.37538461048047345	0.08805030954451987	0.33165828649377543	2
7390	0.3111111071319616	0.16666666186666684	0.2916666618055556	1
7393	0.40236685907356196	0.09580837840582335	0.3448275813020214	2
7394	0.4166666617139275	0.19811320333214677	0.3853210959515193	1
7395	0.42953019634430883	0.1360544167707901	0.4554455395549456	1
7397	0.36619717810255903	0.14583332958333342	0.33962263698429657	2
7398	0.3098591506526483	0.12857142431530627	0.2680412327643746	1
7399	0.3469387710105165	0.09625667992450478	0.3157894690711742	1
7400	0.41538461040355035	0.10810810372534715	0.2916666616753473	1
7402	0.44351463937676167	0.18248174701902087	0.3928571378571429	2
7403	0.3861003812382046	0.1837837789066473	0.31055900123452035	2
7404	0.41284403173933165	0.13502109219605135	0.3733333284613333	2
7406	0.4028776928544071	0.17834394419246233	0.32075471212531154	1
7408	0.4463894917351771	0.11428570939467139	0.3318777244507161	1
7409	0.43380281190144815	0.16430594400853887	0.36448597631539875	2
7411	0.43661971331382665	0.18571428071836746	0.3300970823828825	1
7412	0.3253588474256542	0.09259258846064834	0.2882882835029625	2
7414	0.3999999956260356	0.23880596555134778	0.42105262702369967	1
7416	0.38095237598911563	0.15328466700277066	0.3439490396932939	2
7418	0.41258740761699847	0.12162161668759151	0.3350785291313287	2
7421	0.31578946903047095	0.14159291607800154	0.3066666630888889	1
7422	0.25899280084881743	0.028708129919187402	0.19999999506172852	0
7423	0.2325581346673879	0.07734806317877978	0.23529411396087854	2
7425	0.28985506784289017	0.1791044730140344	0.3396226366536135	1
7426	0.4335664285686342	0.17977527741446792	0.3333333285462334	1
7427	0.39999999511433676	0.13207546863652553	0.40310077024457674	2
7430	0.40740740265432096	0.1923076875739646	0.39999999520000007	1
7431	0.322580640552087	0.06976743829096828	0.2894736797091413	2
7432	0.22222221876543213	0.08187134236996008	0.19230768875739648	1
7433	0.3849372335890479	0.09999999536836757	0.34523809029549324	2
7434	0.32911391914757254	0.07843136983708199	0.2580645112122789	1
7436	0.4297520613124104	0.1724137902497028	0.3809523761118198	2
7437	0.4020356184539881	0.09677418864911574	0.3199999950166914	2
7438	0.2752293533742951	0.07476635073805597	0.20512820052596986	1
7439	0.3867924479587932	0.1787233995704845	0.3680981546268208	2
7440	0.4088397740862611	0.15999999500800016	0.3768115892543584	2
7441	0.3018867874688502	0.07453415869912436	0.24390243405116013	1
7442	0.33684210090360117	0.1675392627066145	0.34328357753508587	1
7445	0.31249999559082037	0.06993006578121204	0.32142856683673476	1
7447	0.43601895266144075	0.16666666166666683	0.38961038488362293	1
7448	0.399999995059879	0.10843373037541754	0.3617021227054098	2
7450	0.39330543447768773	0.10970463649984889	0.35632183422909236	2
7451	0.1578947324272854	0.028301884784621003	0.19834710415955198	1
7452	0.36607142378228635	0.08230452212907949	0.35443037484377504	2
7454	0.38372092543959574	0.13745703969485498	0.291666661710612	1
7457	0.31460673726044697	0.12499999570312517	0.22988505261989708	0
7458	0.34838709197419365	0.11764705477093437	0.3486238483056982	2
7459	0.35675675223140985	0.07692307239644997	0.3355704653844422	1
7460	0.3333333283528646	0.08071748562166957	0.27777777278163585	1
7461	0.44582042847147013	0.1777777732480001	0.3660130671570763	2
7462	0.35652173451758035	0.09561752548118305	0.2962962916994361	2
7463	0.40609136603777474	0.1454545412185952	0.3428571381520409	2
7464	0.5129870079870131	0.25974025526733013	0.44086021006301307	2
7465	0.3885714242194286	0.2133333294222223	0.36559139287778936	2
7466	0.2580645116493237	0.13333332888888905	0.2784810077551675	1
7468	0.4939024341063728	0.22279792281027688	0.43119265590438516	1
7469	0.46905536960477034	0.19377162129763784	0.40579709659221924	2
7470	0.46200607409059413	0.1943573618124823	0.37634408103075506	2
7471	0.30769230289230776	0.06349205927941574	0.29787233560887283	1
7472	0.2580645111458898	0.05660376998042031	0.21621621124908705	2
7474	0.42906573913913865	0.1639344215318464	0.39306357897557553	2
7475	0.42718446112545955	0.20543806148538268	0.35897435427103885	2
7476	0.49104858837082443	0.23033707365421044	0.44680850565866914	2
7477	0.3499999952347223	0.13559321558172954	0.3333333285255671	1
7479	0.4228571381054694	0.18390804243625317	0.3826086906827978	1
7481	0.4137930985282072	0.16521738690926288	0.40251571878485826	1
7482	0.4947368372470915	0.28723403769805345	0.5106382930053821	2
7483	0.3888888839361498	0.12121211683705761	0.32727272229917365	2
7484	0.34042552749434135	0.09009008610461831	0.3209876493583296	1
7485	0.3663003619847308	0.2160278703954158	0.39024389803878645	1
7486	0.28187918975001136	0.08888888437283975	0.29457363859864194	1
7488	0.37599999583231997	0.17721518561056823	0.41666666222222226	1
7489	0.280701749763688	0.04385964520352451	0.20967741477627483	1
7490	0.42533936172314246	0.16822429602585381	0.35135134740686635	2
7492	0.3761193980011584	0.1011904712119121	0.3055555505594136	2
7494	0.37623761892118424	0.13999999516200018	0.3012048143997678	2
7495	0.348936165260661	0.06666666191358059	0.3502824809754541	2
7496	0.36956521245037804	0.09999999555555576	0.33333332847222225	1
7497	0.275862064019025	0.115789471398892	0.2881355897845447	1
7498	0.3497267711606797	0.12030074892192896	0.3076923026931296	2
7499	0.39215685774509806	0.13999999500000018	0.33333332834648266	1
7500	0.35807859795198416	0.13840830037475615	0.3734939711656263	1
7501	0.4514106534350095	0.17506630843079185	0.3928571381265944	2
7506	0.31578946905053995	0.07287448917504007	0.24999999637812503	1
7507	0.40833332841145836	0.13953487893996774	0.3855421639367107	1
7508	0.34965034533718037	0.09039547649015305	0.28846153412906805	1
7509	0.346153841154668	0.10389609889694745	0.3098591501834954	1
7510	0.4444444394733423	0.21969696517935042	0.42953019650646374	2
7511	0.3195876245934744	0.10212765581385257	0.34408601660307553	1
7512	0.32867132392170767	0.028169009338425713	0.22099447044717815	2
7515	0.421686741992488	0.11176470088235317	0.3786407717221228	2
7517	0.35714285245535715	0.22222221755829916	0.36734693394418994	1
7518	0.3648648598977356	0.15172413295980994	0.31914893120642834	1
7519	0.37133549991405745	0.15081966715958092	0.3171806117914185	2
7520	0.26666666243731146	0.09248554557786776	0.2524271800433595	1
7522	0.38931297209923665	0.1466666617555557	0.33879780930096454	2
7523	0.3880596965730118	0.12030074696138864	0.3151515101516989	2
7524	0.3829787184608421	0.17777777283950633	0.3999999950000001	2
7525	0.39999999513730616	0.13114753614619745	0.3559321984817581	2
7527	0.3030302984022039	0.11428570997551038	0.3124999953125	2
7529	0.34782608201226806	0.11320754222696909	0.2684563714247107	1
7530	0.3919597941242646	0.08713692447099768	0.3347280286059418	2
7531	0.43137254447550943	0.2037036988751716	0.3943661923259274	1
7532	0.41860464616887516	0.17721518534778982	0.32989690222127754	1
7533	0.431226760849629	0.202247186062366	0.357894732063712	2
7535	0.37634408141230197	0.23255813596538674	0.40624999570312503	1
7536	0.29032257627471386	0.10480348962453057	0.2432432389590943	1
7537	0.3497757798910093	0.06986899082626223	0.3399999954805001	1
7538	0.3763837590011029	0.1358490517479532	0.37623761895843555	2
7540	0.33540372173141475	0.08256880285497878	0.2752293528019527	2
7541	0.33333332866701393	0.09183672974593945	0.34782608200798154	2
7544	0.33103447775957195	0.048951043951293974	0.22784809637486883	1
7549	0.999999995	0.999999995	0.999999995	1
7550	0.2541436419767407	0.059479550478849307	0.28358208480285146	1
7551	0.3979591788614119	0.16494844880008516	0.4031007702301545	2
7552	0.29999999596800003	0.060606056593715193	0.2706766872519646	1
7553	0.38333332842222223	0.14102563660276968	0.3980099454993688	2
7555	0.35714285241230875	0.1818181770975208	0.3414634098750744	1
7556	0.3597883547952186	0.07575757126377437	0.3312883388746284	2
7557	0.38333332844583334	0.1408450660759551	0.39751552345202734	1
7558	0.3398692763074032	0.20512820131492446	0.354838705306972	2
7559	0.3829787184246266	0.34146340963712074	0.3684210476454294	1
7560	0.29149797075185635	0.1333333304098766	0.3185840658626361	2
7562	0.4410256362687706	0.25339366067443336	0.4353741449118423	2
7564	0.30769230332353853	0.08118080744870057	0.28799999502592005	2
7565	0.2461538412295859	0.04938271178174096	0.25165562480242104	1
7566	0.341085266342167	0.101265819003365	0.344827581825446	1
7567	0.3963963914223684	0.0932203340749787	0.3353293365126036	2
7568	0.4494381972478222	0.11320754217045234	0.3502824808758659	2
7569	0.37810944819682685	0.18090451808287683	0.3521126713102559	2
7570	0.4435797616406002	0.1605839368146946	0.3435582774662201	2
7572	0.4569536373895882	0.233333328338889	0.35999999514450004	2
7573	0.35294117149762116	0.2439024353361095	0.4137930989298454	1
7576	0.35820895024479593	0.09594095490148576	0.2994011927354871	2
7579	0.4132231354959057	0.13483145567478874	0.3824701145258012	2
7580	0.4124999951320313	0.15652173503818537	0.38372092606070846	2
7581	0.2976190436422903	0.10526315451569344	0.2903225763943809	1
7582	0.32365144752397523	0.08759123651553115	0.31999999507200005	2
7584	0.4393939344424358	0.13333332836109207	0.3999999950000001	2
7585	0.3368421005822715	0.11111110620332289	0.3272727223537191	1
7586	0.39325842207297057	0.12631578614958458	0.4032258014841311	2
7587	0.34426229008331094	0.10714285326251607	0.31506848893976364	1
7588	0.36641220874204433	0.1155778844472364	0.2992125934251969	2
7589	0.3759398448007237	0.27397259876149377	0.426229503789304	1
7592	0.3598326312676599	0.16363636066115708	0.3437499954562718	1
7593	0.34319526225692376	0.1368421015933519	0.32203389393852344	1
7594	0.40476189999149664	0.10843373017491674	0.377049175376243	1
7595	0.4245282969619972	0.15238094745759656	0.3407407358200275	2
7596	0.4023323565385172	0.13774104190879513	0.32407406914651926	2
7597	0.31034482296670635	0.1071428525510206	0.26086956024364644	1
7598	0.3733333283833334	0.1107266386250167	0.2654028387241976	2
7600	0.4295774598008828	0.23809523313434228	0.36842104785318563	2
7601	0.42553190999421564	0.13793102963139137	0.3544303747500401	2
7602	0.39830508000754095	0.13076922624260373	0.326797380826178	2
7603	0.35497835030452957	0.10480348878167868	0.3287671186263839	1
7604	0.4014869838725281	0.13861385655088296	0.3544303747981093	2
7607	0.41843971135455965	0.12857142361454102	0.36046511127974584	2
7608	0.4200626910733975	0.18972331516443014	0.3647798692709941	1
7609	0.4758620639657551	0.23611110611135236	0.4374999950265842	2
7610	0.43965516766498225	0.1391304300381854	0.3448275813326992	2
7611	0.32362459048103814	0.05624999503828169	0.3163265256309871	1
7612	0.357142852372449	0.08433734463274814	0.3035714237643495	1
7614	0.4090909041432077	0.171253817637872	0.34838709182101985	2
7615	0.42922373932987223	0.15126050140526803	0.3392857093000638	1
7617	0.2673796745162859	0.052173908914556096	0.25757575269054184	1
7618	0.32978722913818476	0.1013513474068665	0.30769230316568047	1
7619	0.4477611890623301	0.1450151007785619	0.36134453281653844	1
7621	0.1785714236734695	0.05925925643237325	0.20833332836805565	1
7622	0.4417177864178178	0.14393938910468337	0.34482758120992996	2
7626	0.37499999541116996	0.07860261521786419	0.3276836110619554	2
7627	0.35964911783164055	0.0973451277684238	0.3645833283875869	1
7628	0.4552238756596681	0.19875775900775444	0.44221105027953844	2
7629	0.2608695606805294	0.10588235060138414	0.2203389801249641	1
7630	0.45188284045307336	0.1808510588348802	0.3726708028100768	2
7631	0.3963963914223684	0.11718749520629904	0.3357664184176036	1
7632	0.3947368371606648	0.10619468532187352	0.31428570930204086	2
7634	0.3582089502339051	0.1488673096574189	0.36046511145213633	1
7636	0.339999995002	0.10204081132861334	0.25373133935397646	1
7637	0.49180327369760823	0.22442243725342842	0.4487804828249852	2
7638	0.4615384565680473	0.18181817905880748	0.382716044401768	2
7639	0.3661971785360048	0.1710526265824101	0.36764705425605543	2
7640	0.3904761856072563	0.09160304897383624	0.28358208462352424	2
7642	0.42738588713555214	0.14090908591167375	0.3418181768737852	2
7643	0.3943661922519783	0.1328124953738405	0.3537414916655098	2
7644	0.2898550677672758	0.062256806157247054	0.3124999950542535	1
7645	0.3387622105910939	0.15081966774651986	0.35602093755763276	2
7646	0.3218390756084027	0.09142856822857154	0.24999999531250006	1
7647	0.42953019636953294	0.18292682427498524	0.36799999509248005	2
7648	0.3999999955355372	0.285714281122449	0.4255319099139883	0
7649	0.36862744606412917	0.12014133800397078	0.37158469459703186	2
7650	0.4090909043491735	0.13636363137396712	0.2978723356994116	1
7651	0.34374999559082037	0.09677418917793984	0.36619717810751845	1
7652	0.4122137355151216	0.18404907517031138	0.3587443899929619	2
7653	0.4129554606231868	0.15277777280695423	0.37974683049431185	2
7654	0.35125447528988585	0.14666666171666687	0.33684210038781165	1
7655	0.34334763535154456	0.22429906111931178	0.3757575712734619	1
7656	0.3311258230831981	0.1404958641674067	0.2769230724449705	1
7658	0.4015151466187443	0.10077518888528357	0.3311258228165432	2
7659	0.46341462915162934	0.19101123138177012	0.3835616388440608	2
7660	0.43678160427533363	0.17560975115002989	0.33749999507812506	2
7661	0.39999999505722017	0.13903742815636724	0.3676470538927336	2
7662	0.45614034599278414	0.19528619029078678	0.41340781623295153	2
7664	0.4573990982123108	0.14479637516512783	0.33532933632615014	2
7665	0.39378237843593117	0.178137647189759	0.3975155230909302	2
7666	0.4363636313785124	0.13930347798915885	0.35658914253951096	2
7667	0.3730569898252302	0.1526104369768231	0.3715846945791156	2
7668	0.42914979260699243	0.12213739968533321	0.3253011999070983	1
7670	0.3909774387856861	0.12987012557935587	0.2891566217157788	0
7671	0.1025640979618674	0.01249999850703143	0.11864406570525714	0
7674	0.4252873513814573	0.10355986555021442	0.3333333283680556	2
7675	0.34821428117506387	0.12121211676767694	0.2769230720414202	2
7676	0.43223442731661504	0.1506849266907489	0.33766233274666896	2
7678	0.3835616397372865	0.1971830945447333	0.3999999955555556	1
7679	0.42388059230723996	0.12186379432998055	0.34567900736473106	1
7682	0.42372880855968115	0.1384615335195268	0.3647798692583363	1
7683	0.422018343745476	0.1287553600464184	0.33802816409442576	2
7686	0.41496598139455787	0.19178081691780835	0.4057970965343416	1
7690	0.45136186325122263	0.16260162149348945	0.3287671190767498	2
7691	0.3690476140653345	0.12499999663265315	0.335403722001466	2
7692	0.3481228618970519	0.09584664037889562	0.2695652123947071	2
7695	0.37878787379820944	0.17073170362879245	0.4117647017301038	1
7696	0.4601226945340435	0.17901234082837994	0.38683127072024936	2
7697	0.343065688946401	0.15517241051129615	0.318840574710145	2
7698	0.3124999953125	0.0981132032449984	0.29629629130973945	2
7699	0.4306569294600139	0.150326792744671	0.3443708559642122	1
7701	0.27272726795224983	0.07894736396208474	0.24719100634263358	0
7703	0.3728813510025855	0.16260162114845675	0.3354037219181359	2
7704	0.42647058323637543	0.1791044726130543	0.399999995011338	2
7705	0.28409090483729343	0.191780817939576	0.3124999953125	1
7706	0.40485829462472755	0.1551020358463975	0.3393939344088155	2
7707	0.4236760074785766	0.11612902726326765	0.33333332835063445	2
