P	R	F1	H
0.5688965916633606	0.5583530068397522	0.5638275742530823	0.10300000000000001
0.5322849750518799	0.5154463648796082	0.5240721702575684	0.047
0.1067495346069336	0.3192025423049927	0.20972011983394623	-0.40399999999999997
0.5829046368598938	0.5585188865661621	0.570917010307312	0.128
0.5466939210891724	0.5311276912689209	0.539198637008667	0.078
0.5831682085990906	0.5707632899284363	0.5771123170852661	0.153
0.5118796825408936	0.5120837688446045	0.512200117111206	0.045
0.4174700379371643	0.44677436351776123	0.4323473274707794	-0.134
0.547185480594635	0.5385474562644958	0.5430868864059448	0.083
