cand id	F1 score	R score	P score	score
4918	0.104757726	0.35347888	-0.102509744	1
4919	0.2494503	0.4717438	0.23348956	2
4920	0.37284476	0.44613168	0.4231107	1
4922	0.5582933	0.43981558	0.79613656	0
4923	0.39302582	0.3474829	0.6914679	1
4925	0.4958235	0.5719157	0.4202036	1
4926	0.34095314	0.46480584	0.32854936	2
4927	0.102947064	0.2700169	0.006190608	0
4929	0.45122126	0.56880826	0.5062608	1
4930	0.087392755	0.33434698	0.030981692	0
4931	0.20334466	0.4414374	0.11334366	1
4932	0.3325804	0.37652615	0.4394111	1
4933	0.273982	0.45866555	0.20308518	1
4934	0.17337534	0.35899132	0.17712638	2
4935	0.077643014	0.23651886	0.002417167	0
4937	0.37904662	0.54663783	0.30651963	1
4938	0.497453	0.64809805	0.35316214	1
4939	0.44025382	0.58367276	0.41050273	1
4940	0.0401471	0.42924875	-0.1319827	1
4941	0.24909255	0.40043932	0.17735915	0
4942	0.24100055	0.41160038	0.07861824	0
4943	0.20189917	0.42048487	0.074645996	2
4945	0.4633757	0.51277757	0.4386714	1
4947	0.32955062	0.44344583	0.3525622	1
4949	0.3196204	0.44707718	0.44528052	1
4950	0.20833483	0.38094875	0.0959668	1
4951	0.09296494	0.3487004	-0.01896413	1
4952	0.35777745	0.4723391	0.43534687	0
4953	0.57901645	0.5967914	0.6481973	0
4954	0.47535777	0.3403628	0.6966765	1
4955	0.3075518	0.48404774	0.2006613	1
4957	0.2737761	0.42479113	0.14501269	1
4958	0.19115104	0.22324747	0.19218017	1
4959	0.25479117	0.338927	0.33599293	0
4960	0.2712863	0.48674735	0.33564273	1
4962	0.5822564	0.55631965	0.6070683	1
4963	0.13037185	0.24471784	0.10781633	0
4964	0.21622518	0.4515005	0.1590063	1
4965	0.24737053	0.41064498	0.13635786	1
4966	0.13959609	0.4295954	0.04164086	1
4967	0.2952674	0.49635735	0.25343463	0
4968	0.16943192	0.24709557	0.19053842	0
4969	0.2939872	0.42490608	0.26660612	1
4970	0.27723637	0.45079094	0.13756591	0
4971	0.233261	0.49690068	0.15180431	1
4972	0.45750684	0.524234	0.47649142	1
4973	0.22674234	0.26728758	0.27510107	1
4975	0.38370553	0.5548538	0.3893977	2
4976	0.13817321	0.33909148	0.016364783	0
4977	0.19906786	0.47373986	0.06544251	0
4978	0.27252555	0.36393675	0.27330685	1
4981	0.3230842	0.46444222	0.24078529	2
4982	0.3852411	0.43500775	0.40504473	1
4983	0.38154912	0.5107865	0.38059822	1
4984	0.58855397	0.70962906	0.5187273	1
4985	0.094033964	0.16503611	0.11300264	1
4986	0.2122168	0.39861694	0.13581875	1
4987	0.23871912	0.45134804	0.30242816	1
4988	0.37378487	0.52034837	0.39717418	2
4989	0.3715232	0.52446496	0.40425092	1
4990	0.35506728	0.5696692	0.26300886	2
4991	0.28413823	0.4617935	0.2606971	1
4992	0.393314	0.45059142	0.3824752	1
4993	0.24310504	0.35233882	0.19969946	0
4994	0.45077592	0.5937285	0.46233085	0
4995	0.302693	0.43450582	0.28901684	1
4997	0.06409501	0.32503483	-0.044106133	0
5001	0.20641682	0.39663076	0.15320516	0
5003	0.3904979	0.46281543	0.5073751	1
5004	0.356012	0.46830347	0.3339571	0
5006	0.30242565	0.489505	0.31448394	0
5007	0.19560935	0.41949907	0.23635352	1
5008	0.22142443	0.46118513	0.23272051	0
5009	0.21856064	0.3522518	0.19328457	1
5010	0.08850451	0.28258863	0.043774318	1
5011	0.21161571	0.26246276	0.3710972	1
5012	0.07779346	0.26371282	0.07036174	1
5013	0.28904575	0.33837202	0.31599516	1
5014	0.27026108	0.4114819	0.21427214	0
5017	0.038534913	0.1773291	-0.09589923	0
5018	0.24116053	0.4372974	0.16069579	0
5019	0.16600202	0.35327795	0.10329648	1
5020	0.4567832	0.6221368	0.40331915	1
5021	0.34173718	0.45656124	0.27163395	1
5022	0.30095473	0.6223897	0.20004047	1
5023	0.4265635	0.5555786	0.53710705	1
5024	0.0864152	0.34393612	-0.12329462	1
5025	0.40369874	0.503979	0.44537178	1
5026	0.0784016	0.3580076	-0.10103567	1
5028	0.2660288	0.51674175	0.22738668	0
5029	0.20814624	0.29793426	0.16159998	1
5030	0.24474266	0.44307443	0.1310764	0
5031	0.22007146	0.40084115	0.15304208	1
5033	0.22650996	0.3355387	0.2705568	1
5034	0.41202453	0.36833104	0.4598249	1
5036	0.3997398	0.38070187	0.5325522	1
5037	0.20130938	0.43554047	0.16920593	1
5038	0.40034652	0.37250996	0.4265074	0
5039	0.3733335	0.49835482	0.29952142	1
5040	0.3049271	0.4855507	0.28272542	2
5041	0.222824	0.48082176	0.20871475	0
5042	0.29149035	0.36479416	0.26380268	1
5043	0.17831677	-0.14986488	0.5865551	0
5046	0.45963958	0.5651256	0.55249584	1
5047	0.51813626	0.5574696	0.5022557	1
5048	0.2950096	0.455372	0.25209463	1
5050	0.28393975	0.4188231	0.2278133	0
5051	0.04033816	0.28158194	-0.084071636	1
5053	0.28947696	0.40655488	0.37918994	1
5054	0.49063554	0.44686776	0.60052466	1
5056	0.3532898	0.4345189	0.34214568	2
5058	0.16505907	0.48339796	0.04219872	1
5059	0.23976237	0.440968	0.18460782	0
5060	0.53134066	0.5368411	0.70613927	1
5061	0.25969377	0.23971476	0.30442047	0
5062	0.4282308	0.5246033	0.33339712	0
5063	0.27937973	0.42272893	0.2113523	1
5064	0.13983272	0.3607946	-0.015669666	1
5065	0.26961443	0.50125253	0.25070935	2
5066	0.3839432	0.4162098	0.3594373	1
5067	0.19448029	0.3339685	0.26685905	0
5068	0.443908	0.5681552	0.36746067	1
5069	0.29715577	0.44124	0.2432074	1
5071	0.32729214	0.2899521	0.5148339	1
5073	0.29895407	0.46290597	0.32760024	1
5074	0.13003282	0.26251724	0.059444338	1
5075	0.18404965	0.44116962	0.18064937	1
5076	0.41148314	0.5635805	0.3866742	1
5079	0.3518641	0.38232332	0.31966352	0
5083	0.36022875	0.45674622	0.32231098	2
5084	0.17336333	0.2264699	0.11869801	1
5085	0.43717778	0.5432403	0.4687482	0
5086	0.38769767	0.49747583	0.29707947	1
5087	0.34031147	0.42478865	0.34007767	2
5089	0.66073143	0.590228	0.81836015	1
5090	0.33003056	0.4557604	0.3169623	2
5091	0.25482756	0.48811626	0.18361732	0
5092	0.12168937	0.31849554	-0.0068659144	1
5094	0.43861198	0.47291923	0.5154399	1
5095	0.22681828	0.3780797	0.14257783	1
5096	0.4443187	0.47531816	0.6035078	1
5098	0.40069968	0.41199303	0.5133425	0
5099	0.22120723	0.34843972	0.22063291	1
5100	0.16445023	0.37972134	0.108008415	0
5101	0.07627203	0.21145466	0.042849973	1
5102	0.29138476	0.5464794	0.24677177	1
5104	0.5354031	0.5694322	0.54051113	1
5105	0.31715956	0.57760537	0.2177647	0
5106	0.17123128	0.32989857	0.14323686	0
5107	0.23990293	0.49294284	0.104374	2
5108	0.11329719	0.3389882	0.00585207	0
5109	0.25838423	0.5012511	0.25120178	0
5110	0.18598886	0.55565673	0.10143364	0
5112	0.3596206	0.4994694	0.3708977	2
5114	0.28296927	0.41645172	0.22015429	1
5115	0.22009301	0.3564155	0.16234002	2
5116	0.13593099	0.23224339	0.11437342	1
5117	0.2550737	0.3127666	0.2835104	1
5118	0.078844115	0.4046766	-0.0129978005	0
5119	0.29856807	0.4476212	0.24793242	0
5120	0.23960415	0.3957475	0.16460614	1
5121	0.03762976	0.36318296	-0.15225853	0
5122	0.22553489	0.4035192	0.16287029	1
5123	0.09954223	0.19916557	0.042167943	1
5124	0.41918135	0.51431876	0.47058558	2
5125	0.4060321	0.48937058	0.37652373	1
5126	0.20363778	0.39037552	0.20423734	1
5127	0.18114384	0.38211924	0.16525279	1
5128	0.27348155	0.428796	0.34069708	1
5129	0.071131766	0.34108403	-0.02797518	0
5130	0.2999002	0.38220802	0.3219498	2
5131	0.3937385	0.46091205	0.32628712	0
5132	0.22729999	0.28418073	0.22829652	0
5133	0.24600874	0.4987726	0.1254822	1
5134	0.18428521	0.40712968	0.14112675	0
5135	0.25117266	0.486961	0.139999	1
5136	0.4455647	0.44888222	0.52071184	1
5137	0.22842905	0.43338874	0.21379742	1
5138	0.25090885	0.34971172	0.23764682	0
5139	0.19190432	0.46931973	0.16663028	1
5143	0.08377955	0.48897654	0.016175173	1
5144	0.5481911	0.3600769	0.74859977	1
5145	0.52021253	0.42498037	0.7955656	1
5146	0.38776055	0.41851747	0.41000465	1
5147	0.23965147	0.38331693	0.22809029	1
5148	0.20985448	0.38150093	0.15308842	0
5150	0.07518077	0.3141005	-0.02735435	1
5152	0.39587972	0.50090235	0.3169393	1
5153	0.3783689	0.54152584	0.30485842	0
5154	0.2376123	0.3652982	0.310049	1
5155	0.18704234	0.36848244	0.20640336	0
5157	0.19079293	0.32544765	0.1665475	0
5159	0.2551387	0.5081141	0.11852184	0
5160	0.23557952	0.42600793	0.12304629	1
5162	0.29883364	0.41840038	0.3196041	0
5163	0.38964573	0.4896235	0.3752205	0
5164	0.38384256	0.44460818	0.42544228	1
5165	0.43046206	0.37795624	0.60816425	0
5166	0.25332484	0.43389457	0.19763532	0
5167	0.4019248	0.5222769	0.44740123	1
5168	0.3170035	0.5019568	0.25666967	1
5169	0.16171674	0.33238664	0.029570233	2
5170	0.21562974	0.33810177	0.15749542	1
5173	0.19547798	0.38528967	0.17634672	1
5176	0.48399365	0.5453793	0.5538716	1
5177	0.14343779	0.25160837	0.12338518	0
5178	0.32586715	0.4743235	0.33887598	1
5179	0.47316322	0.48806286	0.45663905	1
5180	0.11877225	0.40382484	0.025288101	0
5181	0.3480224	0.437487	0.3507432	1
5182	0.11446933	0.47423825	-0.035843972	1
5183	0.16986878	0.35855624	0.14029473	1
5184	0.29398155	0.20074317	0.4207144	1
5185	0.30311963	0.6055733	0.25114834	1
5186	0.13568236	0.40416652	0.07380761	1
5188	0.12384966	0.40459028	-0.002927627	1
5189	0.24437855	0.44670823	0.30608064	1
5190	0.22970891	0.42677197	0.1428863	0
5191	0.31144717	0.47340524	0.21396439	1
5192	0.29369727	0.40509328	0.25834468	0
5193	0.16860059	0.30334625	0.11923924	1
5194	0.4008247	0.51717263	0.37536556	1
5195	0.27606776	0.43656874	0.2075212	2
5196	0.21084899	0.3949679	0.15241311	1
5197	0.33742505	0.45551208	0.34229958	1
5198	0.21230967	0.44726643	0.17309222	1
5199	0.40804404	0.51944566	0.46538123	2
5201	0.25066942	0.41468945	0.19992939	1
5202	0.24539247	0.33882126	0.35378686	1
5203	0.37669915	0.4868595	0.40138027	1
5204	0.25559074	0.41319782	0.16508618	1
5205	0.40433583	0.47624528	0.43173158	1
5206	0.34112656	0.4048308	0.27682593	1
5208	0.3926317	0.43930516	0.44378486	1
5209	0.33070156	0.47507375	0.35873652	0
5210	0.47551492	0.5711361	0.59674805	1
5211	0.40525195	0.481011	0.39149368	1
5212	0.37672776	0.53136224	0.4454022	1
5213	-0.00018788216	0.32786003	-0.18942375	0
5214	0.43262836	0.4874463	0.37709326	1
5215	0.18037713	0.44987866	0.087627165	1
5216	0.330062	0.43687895	0.3473826	1
5218	0.35956055	0.5358641	0.33885583	1
5219	0.40967813	0.44635028	0.5236564	1
5220	0.35099143	0.5143591	0.266858	1
5221	0.24062549	0.48203117	0.18674164	1
5226	0.16596705	0.4759156	0.021173647	1
5227	0.2793377	0.43809682	0.21528918	1
5228	0.46211633	0.5125102	0.499639	1
5229	0.41907504	0.4682069	0.45917365	1
5230	0.3248511	0.48808056	0.28030506	1
5231	0.3644381	0.4150354	0.52911973	0
5232	0.18910445	0.43603602	0.0894419	1
5233	0.23179221	0.4564944	0.09490485	2
5234	0.36672586	0.4611653	0.2735364	2
5235	0.34401578	0.49942908	0.3059395	1
5236	0.38578	0.38938543	0.3853434	0
5237	0.25171512	0.55136716	0.13231345	1
5238	0.43997413	0.4641999	0.4201537	1
5239	0.25928128	0.49892893	0.14906311	1
5240	0.2982128	0.38151258	0.32076722	0
5241	0.2437552	0.41103444	0.20045507	1
5243	0.102947064	0.2700169	0.006190608	0
5244	0.20791952	0.6244441	0.017426739	1
5245	0.2695968	0.5450871	0.21866606	0
5247	0.45042488	0.44835058	0.46513006	1
5249	0.46244583	0.4839961	0.5652478	2
5250	0.2354831	0.3604398	0.22238432	1
5251	0.14936137	0.29038152	0.03908962	1
5253	0.25393263	0.3911735	0.26459897	1
5254	0.5371495	0.5099064	0.6715653	1
5255	0.208522	0.28819728	0.31536442	1
5256	0.26199427	0.37539813	0.27221057	1
5257	0.21666734	0.44868875	0.08275887	0
5258	0.05355348	0.19862401	-0.03129087	0
5259	0.21173225	0.2843042	0.21918465	0
5260	0.35012725	0.62987417	0.19923781	2
5262	0.382574	0.41094	0.4475452	1
5263	0.25540143	0.56530213	0.18181922	0
5264	0.12852411	0.35210785	0.0231649	1
5267	0.41166535	0.5613846	0.4304708	1
5268	0.24620616	0.3630634	0.17976145	1
5269	0.32946727	0.39190856	0.3193356	2
5270	0.36064795	0.47771394	0.3794924	1
5271	0.095907845	0.3784596	0.053088177	1
5272	0.28263023	0.5302841	0.18480945	2
5273	0.19692135	0.4137284	0.058502305	2
5274	0.2414706	0.44793388	0.23964974	1
5275	0.6376855	0.69105464	0.5841581	2
5277	0.23532629	0.37075478	0.14657839	1
5278	0.3008608	0.4420352	0.28473753	0
5279	0.42086664	0.4898085	0.4010983	1
5280	0.14913888	0.2970761	0.1789259	1
5281	0.02260731	0.22288632	-0.07679573	0
5282	0.22999108	0.38149846	0.12724105	1
5283	0.2837162	0.39273378	0.24824055	1
5284	0.15199985	0.2624465	0.13033034	1
5285	0.35664803	0.40192425	0.3434252	0
5287	0.5377622	0.52316153	0.64037097	1
5291	0.13153481	0.3183017	0.06257183	0
5292	0.24367893	0.57323474	0.13204071	1
5293	0.278096	0.57321954	0.16042836	1
5294	0.21968016	0.36647895	0.30318165	0
5298	0.3365669	0.3914671	0.38621786	1
5299	0.37152252	0.394952	0.41765943	0
5301	0.24248348	0.2987701	0.24383388	0
5303	0.29932773	0.32772917	0.39488614	0
5304	0.20429114	0.54367507	0.110462725	1
5306	0.5032311	0.4730006	0.59055424	1
5307	0.23488873	0.32626298	0.22278087	0
5308	0.16148296	0.43705723	0.025496107	0
5309	0.34756717	0.5129633	0.22826505	1
5313	0.1995577	0.32583675	0.14102452	1
5314	0.17337534	0.35899132	0.17712638	2
5315	0.06438037	0.31647223	-0.06811119	1
5316	0.4133185	0.5213812	0.44722754	0
5317	0.23804812	0.40326098	0.11490864	1
5318	0.14869213	0.29841813	0.09368866	1
5319	0.15354882	0.50522983	0.10004234	1
5320	0.2462835	0.44722927	0.06673016	1
5321	0.17875576	0.395617	0.08418307	1
5322	0.40508986	0.5374134	0.33417678	1
5323	0.21189965	0.42569065	0.14098561	1
5324	0.41644293	0.5255099	0.38035554	0
5326	0.2696222	0.46342632	0.1877905	0
5327	0.34526914	0.34971347	0.4175855	1
5330	0.29940152	0.37954128	0.21942379	1
5331	0.36389172	0.55809355	0.2985691	1
5332	0.3065845	0.3569482	0.36440217	0
5334	0.37649113	0.54775596	0.40536028	1
5335	0.22919187	0.45666522	0.12554623	0
5337	0.26593238	0.50619584	0.22916675	1
5338	0.15803538	0.31652033	0.1136967	0
5339	0.16442904	0.44511223	-0.023929352	1
5340	0.21436684	0.53605264	-0.036972787	2
5341	0.33061716	0.54363865	0.27766502	0
5342	0.2920229	0.42695555	0.28036627	1
5343	0.2226997	0.50344986	0.038257957	2
5344	0.21391939	0.30909002	0.22872174	1
5346	0.2039814	0.398462	0.18062672	1
5347	0.28912735	0.36724582	0.21831478	1
5348	0.29656	0.3992296	0.33526456	2
5349	0.420962	0.5961897	0.43853098	1
5352	0.39838117	0.51253384	0.35514492	0
5353	0.17676568	0.40264586	0.07349631	1
5355	0.15707655	0.4390632	-0.023555439	1
5357	0.22464775	0.28789166	0.31545356	0
5360	0.32275862	0.50885266	0.2735718	1
5361	0.39975744	0.44258133	0.40544555	1
5362	0.098719716	0.20487785	0.07773776	1
5363	0.14035681	0.2930387	0.014774327	1
5364	0.44024676	0.5247179	0.4431255	1
5365	0.2100332	0.3800864	0.2181786	1
5366	0.32135585	0.48511282	0.42476237	1
5367	0.3362879	0.39253995	0.36886224	1
5368	0.41774434	0.4503661	0.38761765	0
5369	0.2933561	0.38397875	0.31000122	1
5370	0.1835683	0.3261993	0.122850664	1
5371	0.26961443	0.50125253	0.25070935	2
5372	0.30584285	0.42595878	0.3625648	1
5373	0.44750246	0.39862365	0.5605383	0
5374	0.24067776	0.33655033	0.20442271	0
5376	0.2780204	0.40302575	0.17796265	0
5377	0.24104398	0.34867883	0.2324513	1
5378	0.33397362	0.47387782	0.32581487	0
5379	0.32092252	0.44653314	0.33767962	1
5380	0.28766137	0.4164871	0.22931355	1
5381	0.15753885	0.39738917	0.027573675	1
5383	0.29361922	0.3480952	0.35335776	1
5384	0.2805441	0.4126545	0.2485529	1
5386	0.19847244	0.34762862	0.27484423	1
5387	0.2389289	0.20379688	0.28969815	1
5388	0.19257075	0.32602704	0.18837418	0
5390	0.24817257	0.3505288	0.20736945	1
5391	0.43255243	0.5707838	0.357405	1
5393	0.37596494	0.5919245	0.29998836	1
5396	0.3528067	0.48269016	0.3410657	0
5397	0.12539722	0.31430534	0.03375862	0
5398	0.38897824	0.43318713	0.34353274	1
5400	0.3778526	0.5508797	0.2894332	0
5403	0.36656904	0.41308215	0.38572368	0
5404	0.280293	0.43143797	0.32184228	1
5405	0.41201112	0.5553384	0.33916393	2
5407	0.26135644	0.5181114	0.21573809	0
5410	0.3014919	0.52869695	0.23928113	0
5411	0.18361032	0.22997567	0.20069171	1
5412	0.0671707	0.20050937	0.019407732	0
5413	0.28228518	0.42713383	0.32883906	1
5414	0.34106687	0.592552	0.25541067	1
5415	0.24907242	0.48848557	0.17849892	1
5416	0.108243436	0.30786294	0.03166726	1
5417	0.2759897	0.3618929	0.29557747	1
5418	0.37464765	0.41611922	0.4269655	1
5419	0.4029776	0.54846376	0.3330936	1
5420	0.444549	0.41027853	0.47743383	1
5421	0.3860809	0.46466896	0.37208843	0
5422	0.19200075	0.46473864	0.070891306	1
5423	0.16610973	0.3052942	0.094394386	1
5424	0.1632516	0.34501	0.1555399	1
5426	0.31201613	0.42721203	0.35692498	1
5428	0.3596206	0.4994694	0.3708977	2
5429	0.34657514	0.42771077	0.32889178	0
5431	0.20330581	0.41972014	0.16209133	1
5433	0.4461089	0.53880215	0.46551213	0
5434	0.41478378	0.4818451	0.471563	0
5435	0.3909323	0.4154422	0.4323195	1
5437	0.43066972	0.5261544	0.5340694	1
5438	0.37565732	0.54379565	0.22269315	0
5439	0.29383498	0.3821974	0.2890476	1
5442	0.36869332	0.4281179	0.5746992	1
5444	0.15142879	0.58141744	-0.14129055	1
5445	0.38268524	0.39414763	0.4752321	0
5446	0.43950406	0.5324478	0.3669159	2
5447	0.3524892	0.46247125	0.441413	1
5450	0.36188436	0.4392008	0.3545117	2
5452	0.30131036	0.3586514	0.44502085	0
5454	0.23254338	0.4053147	0.23138405	1
5455	0.4090901	0.53030354	0.42545995	1
5456	0.40316442	0.401203	0.40318367	2
5458	0.43950334	0.59419715	0.33046135	1
5460	0.19678538	0.5106655	0.045739394	1
5461	0.29597586	0.61790586	0.09277103	0
5462	0.5134057	0.5459237	0.6003715	1
5463	0.4463932	0.4742319	0.4963187	1
5464	0.2791915	0.45172122	0.19684683	1
5465	0.41837722	0.34509066	0.4917872	1
5466	0.2833249	0.5019918	0.2134334	1
5469	-0.13709642	-0.017790567	-0.054394215	0
5471	0.32127357	0.4198259	0.26721704	1
5473	0.332615	0.40542048	0.28634992	1
5474	0.3574988	0.54683346	0.37795004	1
5475	0.41396904	0.37154782	0.521558	0
5477	0.25624374	0.45739248	0.25287077	1
5478	0.31902885	0.17243142	0.60455954	1
5479	0.17365856	0.28304458	0.14439362	1
5480	0.13635477	0.39068148	-0.020504	1
5481	0.44972032	0.5394247	0.48012197	1
5483	0.3410284	0.3774299	0.36120003	1
5484	0.48280138	0.5200392	0.572125	1
5485	0.42703673	0.44194606	0.50394976	1
5486	0.32853246	0.36571315	0.35591573	0
5487	0.32165426	0.4166643	0.42204487	2
5488	0.19206925	0.34409565	0.054586302	0
5489	0.4002321	0.51388085	0.41150633	1
5491	0.31964302	0.39364675	0.4196659	1
5492	0.20471069	0.33318394	0.21412747	1
5493	0.23111697	0.37932658	0.1750757	1
5494	0.34553507	0.45611024	0.36241904	1
5495	0.19170761	0.40879077	0.1711512	1
5496	0.3483632	0.39918077	0.3462198	0
5497	0.42205504	0.39530963	0.50212234	0
5499	0.32518446	0.46890375	0.2470714	1
5501	0.23582108	0.41882768	0.1759965	0
5502	0.15894443	0.3844043	0.07080923	0
5503	0.14940411	0.37502033	0.06711432	0
5504	0.29566544	0.35819578	0.36321357	1
5505	0.43784103	0.4117914	0.4905197	0
5506	0.3647538	0.42521808	0.39671645	1
5507	0.34701234	0.43979895	0.37172017	2
5508	0.17321217	0.36174965	0.15111557	2
5509	0.27188775	0.505996	0.11051402	2
5511	0.25557306	0.3366876	0.17455992	1
5512	0.355971	0.60473144	0.27848288	0
5513	0.28694764	0.49946836	0.15191044	0
5514	0.39266208	0.4797507	0.4678603	0
5515	0.32412145	0.39887127	0.33382374	1
5516	0.302901	0.36510864	0.32522234	0
5517	0.25479117	0.338927	0.33599293	0
5519	0.26236826	0.44709697	0.2256236	0
5520	0.14560974	0.43278953	0.05773078	0
5521	0.153641	0.2756047	0.042873673	0
5522	0.3999464	0.4826845	0.4384192	1
5523	0.20894615	0.34184524	0.1438959	1
5524	0.26262113	0.536995	0.13312177	1
5525	0.29149035	0.36479416	0.26380268	1
5526	0.41241476	0.3500552	0.5360486	1
5527	0.32155466	0.36829638	0.27345684	1
5528	0.24670659	0.48094875	0.15641649	1
5529	0.45647985	0.54718506	0.5197921	1
5531	0.09634188	0.48182705	-0.08895585	1
5532	0.35162252	0.2573886	0.5548826	1
5533	0.6013903	0.5588661	0.7024239	0
5534	0.28766137	0.47394925	0.2748368	1
5536	0.238895	0.47750807	0.22620764	1
5537	0.0649486	0.24771777	-0.0805865	1
5538	0.22929887	0.32047004	0.23480232	1
5539	0.44642532	0.6520014	0.3280007	1
5540	0.4765204	0.6359292	0.41325775	2
5542	0.2072584	0.5154726	0.08538652	0
5546	0.22125033	0.39842734	0.16140789	0
5547	0.2929634	0.33836105	0.38742346	1
5549	0.05579182	0.40089387	-0.0050939857	0
5550	0.4643144	0.54703295	0.49601483	1
5552	0.3880141	0.44873896	0.37291798	0
5553	0.21752834	0.41690978	0.17014161	1
5555	0.3323438	0.44575778	0.31888244	1
5556	0.100038774	0.3524796	-0.03287708	0
5557	0.20742473	0.6190466	0.091327384	0
5558	0.18897837	0.43231907	0.07305483	0
5559	0.4254574	0.5151419	0.47208902	1
5560	0.25399372	0.46950966	0.18146335	1
5561	0.31668282	0.36273867	0.28981453	2
5562	0.056774672	0.20129144	-0.03276494	0
5563	0.5914817	0.63298905	0.5897651	0
5564	0.21917409	0.39994445	0.16151862	2
5566	0.13705474	0.3688284	0.060075074	1
5567	0.39820108	0.4824008	0.3429572	1
5568	0.37811393	0.50619334	0.4182258	1
5571	0.62069064	0.55264056	0.73881155	1
5572	0.2937181	0.41397566	0.28155664	0
5575	0.33245784	0.38719094	0.39286163	0
5578	0.43372634	0.4619842	0.5745008	1
5579	0.30662757	0.48088473	0.27273342	1
5580	0.1804036	0.30120727	0.19554573	0
5582	0.4725957	0.5646042	0.47767612	0
5584	0.6013903	0.5588661	0.7024239	0
5585	0.33824086	0.38858533	0.3717789	0
5589	0.13906352	0.19372953	0.15873179	0
5590	0.4914464	0.6053285	0.44880384	1
5591	0.26980266	0.41441673	0.19158234	1
5592	0.4277314	0.5762534	0.37312916	1
5593	0.13712148	0.4380512	-0.006630318	1
5594	0.07376706	0.23035769	-0.076461785	1
5596	0.2994577	0.36961153	0.30385625	2
5597	0.23046291	0.48512554	0.044302113	2
5598	0.34576464	0.48007646	0.30463132	0
5599	0.4044545	0.6219111	0.29219773	2
5600	0.19681716	0.46439692	0.08369701	0
5603	0.1917507	0.34439135	0.14541243	2
5604	0.20153329	0.4430373	0.04849439	0
5605	0.46677312	0.488707	0.5675457	1
5606	0.13870013	0.3859384	0.05894131	0
5607	0.3227858	0.598613	0.15529759	1
5608	0.16158925	0.4173852	0.040610388	1
5609	0.34404296	0.5185203	0.3418351	1
5610	0.09006301	0.21523349	0.027742412	2
5611	0.1522121	0.24461737	0.060375758	1
5612	0.20885998	0.4216925	0.18021178	1
5613	0.14110975	0.3934041	0.04242123	1
5614	0.41453692	0.4922644	0.48576355	0
5617	0.2688915	0.5013385	0.18232083	0
5620	0.5258426	0.5693049	0.63945514	0
5621	0.32278296	0.4359872	0.31301412	1
5624	0.25815892	0.51352817	0.04851703	1
5625	0.37804365	0.5162614	0.39154145	1
5626	0.35929427	0.46452498	0.3236478	1
5627	0.15360992	0.41007265	-0.03511454	0
5628	0.18206593	0.29329446	0.08067034	1
5629	0.49567482	0.5771006	0.55949265	2
5631	0.36385608	0.48970768	0.26443198	0
5632	0.10879295	0.43770385	-0.09780594	0
5633	0.23225096	0.3678132	0.1586398	0
5634	0.27887577	0.43871018	0.3855185	1
5635	0.33291766	0.5555195	0.26234064	1
5636	0.25809607	0.46598586	0.21469665	1
5637	0.4114436	0.52469635	0.62298596	1
5639	0.42193568	0.5791069	0.44666404	0
5640	0.3650063	0.52763295	0.41117734	1
5641	0.35745394	0.5146792	0.30021688	1
5642	0.14994198	0.39720982	0.09059017	1
5644	0.0950818	0.38964826	0.011143802	0
5646	0.24408577	0.302735	0.34956524	1
5647	0.06879207	0.19096482	-0.029472599	0
5648	0.11006681	0.36099622	0.17888698	1
5649	0.10753888	0.28097034	0.045872405	0
5650	0.3032863	0.38774344	0.37759808	0
5651	0.113255866	0.30798003	-0.040688567	0
5652	0.43400005	0.5781618	0.4812748	1
5653	0.34672275	0.40974227	0.2830901	0
5654	0.21749586	0.45904508	0.21937214	1
5657	0.06752916	0.16256818	0.09265748	1
5658	0.14699872	0.20535256	0.18517134	0
5661	0.3389239	0.38282242	0.31805396	1
5662	0.34571695	0.41682702	0.35336378	1
5663	0.31838328	0.40365857	0.38174647	0
5664	0.06238253	0.32138476	-0.0041370946	1
5665	0.06823619	0.07880554	0.12085906	0
5666	0.27034017	0.43223843	0.30951977	1
5667	0.33123133	0.3831422	0.4354912	1
5668	0.3447539	0.47880414	0.23432405	2
5673	0.15301695	0.43923298	0.033301223	2
5674	0.24996415	0.37760183	0.2091067	1
5675	0.45125058	0.44484907	0.5469798	1
5676	0.25509384	0.5064279	0.15532589	1
5677	0.4632814	0.4654093	0.48634475	1
5678	0.38952494	0.4488971	0.32949987	1
5679	0.097958654	0.19380274	0.13895969	0
5680	0.27883267	0.383624	0.25922728	1
5681	0.15209979	0.30461717	0.12308626	1
5682	0.3583771	0.44041514	0.3574754	0
5683	0.5367447	0.4717321	0.76201606	0
5685	0.076350436	0.26405913	0.13782628	1
5686	0.25971848	0.48909009	0.15381503	0
5687	0.31192255	0.34110135	0.43440697	1
5689	0.26769996	0.5767264	0.13015558	1
5690	0.45194843	0.5260564	0.43377587	1
5692	0.2769263	0.5319848	0.2374894	1
5693	0.27884293	0.43396604	0.15554379	1
5695	0.21684462	0.29097506	0.16056384	1
5697	0.16849604	0.36252645	0.09249122	1
5698	0.17202802	0.364554	0.058869496	1
5699	0.18589069	0.46551967	0.08409499	1
5700	0.25925618	0.4861676	0.25540042	0
5701	0.4658397	0.4938413	0.48455796	1
5702	0.43735895	0.5204205	0.3944213	0
5703	0.36030078	0.41205245	0.39659935	1
5704	0.16230829	0.51643264	0.043620437	0
5705	0.24050683	0.44619358	0.10070668	1
5707	0.33761188	0.49675423	0.32653794	1
5709	0.18293154	0.3369366	0.15450165	0
5710	0.10464189	0.3497814	-0.045525376	1
5711	0.30344525	0.37632805	0.35099366	0
5712	0.21144937	0.3700841	0.17759298	0
5713	0.41349685	0.50953394	0.34509632	0
5714	0.42028216	0.47873443	0.5196895	0
5715	0.31416193	0.55515623	0.16991061	1
5716	0.43347558	0.51703286	0.36363098	1
5717	-0.00090586045	0.07439318	-0.04732525	0
5718	0.4189511	0.47761136	0.4158525	1
5721	0.33188254	0.48007047	0.2884703	1
5722	0.23974082	0.39769867	0.17451465	1
5723	0.06371889	0.21618997	-0.025746208	0
5724	0.23750989	0.32866335	0.22559246	0
5725	0.37719074	0.47363833	0.3859087	0
5727	0.3230842	0.46444222	0.24078529	2
5728	0.50677896	0.5900858	0.6207096	0
5729	0.46526828	0.44693074	0.51127595	0
5730	0.2710045	0.44918182	0.20339862	1
5735	0.2751213	0.40040678	0.36941478	0
5736	-0.040802214	0.19563822	-0.19867323	0
5737	0.414206	0.41985774	0.4434	1
5738	0.32210526	0.44460747	0.29197347	0
5739	0.2518292	0.38133714	0.16278787	0
5740	0.21968016	0.36647895	0.30318165	0
5742	0.30349398	0.4102909	0.26440722	1
5743	0.060899954	0.31207687	-0.0942398	1
5745	0.24651553	0.51324594	0.09801819	1
5746	0.23626782	0.4248845	0.14749317	0
5747	0.22877373	0.37661847	0.18782905	1
5748	0.31635576	0.53402615	0.21611589	1
5749	0.322926	0.4517414	0.26725066	1
5754	0.23390271	0.37951407	0.21090128	1
5755	0.28437307	0.397398	0.17379759	1
5756	0.31863615	0.457945	0.21583466	1
5757	0.46214387	0.4295006	0.5551995	1
5758	-0.0028705006	0.32868633	-0.19884232	0
5759	0.423028	0.43104002	0.5516026	1
5763	0.2546937	0.43292394	0.21486609	1
5764	0.25409403	0.35058364	0.31015864	1
5765	0.32331026	0.5269998	0.28564844	2
5766	0.22501397	0.39266518	0.17247777	1
5767	0.15412906	0.40239862	0.016175173	1
5768	0.38762668	0.4630726	0.42774022	1
5769	0.37806058	0.5886313	0.30757028	1
5770	0.13139744	0.37084886	0.029963603	0
5771	0.36106044	0.48531726	0.38891873	1
5772	0.45563367	0.46206024	0.47958922	0
5773	0.45896506	0.55706775	0.39507753	0
5775	0.2804113	0.43528965	0.36938506	1
5776	0.092275925	0.2512122	0.02775904	0
5777	0.026792632	0.24947225	-0.081350245	0
5778	0.5705109	0.6137224	0.63215196	1
5779	0.35057506	0.4792689	0.25875822	1
5780	0.31943113	0.41654864	0.3378908	1
5781	0.2160426	0.41457027	0.18109544	1
5782	0.36650124	0.5259121	0.29391733	1
5783	0.2994577	0.36961153	0.30385625	2
5784	0.34670192	0.4268834	0.3232838	0
5786	0.23751555	0.5018164	0.1252696	0
5787	0.16796312	0.3951278	0.075577416	1
5788	0.34523243	0.4565485	0.29779404	1
5789	0.29669383	0.5280758	0.17887992	1
5791	0.27301398	0.39522225	0.2694747	1
5792	0.20736188	0.4899224	0.05699887	1
5793	0.19906786	0.47373986	0.06544251	0
5794	0.5401524	0.55447817	0.6291504	1
5795	0.37517032	0.3563285	0.40072688	0
5796	0.19284551	0.25680175	0.23374179	0
5797	0.37273562	0.5308193	0.3323394	1
5798	0.103101045	0.29948357	0.07784636	0
5801	0.2856455	0.3904827	0.34334773	1
5802	0.47394443	0.49839196	0.5967385	1
5803	0.26345283	0.51342595	0.12078336	1
5804	0.23342557	0.42746916	0.24279952	0
5805	0.33624375	0.50419235	0.38146985	1
5806	0.22996813	0.54696965	0.0821292	1
5807	0.28144076	0.325234	0.31282485	1
5808	0.32930306	0.45173714	0.2595973	0
5810	0.22191356	0.3858245	0.18938766	1
5811	0.40370014	0.4187863	0.50369084	0
5812	0.0467258	0.36432585	-0.09741647	1
5813	0.23541318	0.32313004	0.25590485	1
5816	0.289762	0.3829632	0.24831022	1
5817	0.18969953	0.2067045	0.26798114	1
5818	0.3259512	0.59640616	0.28875083	1
5820	0.20034736	0.3876101	0.15935509	1
5821	0.34938878	0.4103238	0.44164646	1
5823	0.35526964	0.43242344	0.37083614	1
5824	0.13681212	0.097839095	0.27620688	1
5827	0.34571695	0.41682702	0.35336378	1
5828	0.24616838	0.64583594	0.17482276	1
5829	0.26837802	0.48615876	0.14366597	0
5830	0.37257105	0.5174075	0.35019347	1
5831	0.3536193	0.49741074	0.35157028	1
5835	0.35599858	0.5717675	0.29919314	0
5836	0.24647456	0.5394148	0.15565805	1
5837	0.51811546	0.56768054	0.4955058	1
5839	0.492852	0.5821033	0.4280296	0
5841	0.28146833	0.34831733	0.23788843	1
5842	0.4226621	0.57362986	0.49332175	0
5843	0.4110689	0.54046077	0.4432291	1
5845	0.42460698	0.47902378	0.4925336	1
5846	0.3640284	0.48435017	0.3780162	0
5847	0.3253388	0.47895554	0.17811085	1
5848	0.41022375	0.59671813	0.34657958	1
5851	0.20457755	0.33229858	0.2173724	0
5857	0.30095473	0.6223897	0.20004047	1
5858	0.40316442	0.401203	0.40318367	2
5859	0.09296494	0.3487004	-0.01896413	1
5860	0.30890653	0.47597292	0.20275585	1
5861	0.37364712	0.4936181	0.4329131	0
5862	0.22816029	0.40236288	0.19127952	1
5863	0.5202344	0.5728156	0.46711177	0
5864	0.40804332	0.51944566	0.46538123	2
5866	0.4408948	0.46473438	0.42140493	1
5867	0.31779808	0.5344715	0.24778561	1
5869	0.25238013	0.4370505	0.15999962	1
5872	0.27847034	0.5051449	0.17304412	1
5873	0.31151322	0.4445431	0.3279763	2
5874	0.13585716	0.38376653	0.0064460146	1
5879	0.32096878	0.41985312	0.30342928	1
5880	0.30248922	0.5137655	0.1601213	1
5882	0.46897012	0.58941126	0.4246166	1
5884	0.06571885	0.35916996	-0.10812763	1
5885	0.2582776	0.39395344	0.24771594	1
5887	0.48436305	0.51658934	0.50489146	1
5888	0.11668224	0.3727215	-0.057715565	1
5890	0.37224966	0.44992217	0.37573734	1
5891	0.2662527	0.6111915	0.21587676	1
5892	0.25278273	0.3726748	0.22660206	0
5894	0.5159905	0.49303377	0.5375563	1
5895	0.27340317	0.42387038	0.2197312	1
5896	0.34822547	0.5388771	0.4140282	1
5897	0.3663561	0.4943549	0.34149408	0
5899	0.20307095	0.43225825	0.11504166	1
5900	-0.05724402	0.18751706	-0.22254315	1
5901	0.40244254	0.49641997	0.36119896	1
5902	0.12500945	0.43066862	-0.044507287	0
5903	0.18088709	0.41677856	0.069266886	0
5907	0.4460008	0.5348429	0.5581484	1
5908	0.25776374	0.43932813	0.14101568	0
5909	0.32007068	0.540563	0.26681483	1
5910	0.45024088	0.5358482	0.3898247	0
5911	0.4048557	0.61502445	0.35064098	1
5912	0.35899478	0.4746829	0.35229582	1
5913	0.26983622	0.4945721	0.20736803	1
5915	0.17296213	0.19331956	0.27112386	0
5916	0.31546122	0.38048044	0.3658391	1
5918	0.5071897	0.46086004	0.63683206	0
5919	0.22636305	0.5699444	0.17687698	0
5920	0.2313956	0.4067809	0.26988962	1
5923	0.16711801	0.3207523	0.16903225	1
5924	0.15280011	0.28555956	0.17286654	1
5925	0.2953211	0.4286414	0.2300766	1
5926	0.20101096	0.47951087	0.143915	1
5929	0.10329175	0.2793266	0.022076415	1
5930	0.40393502	0.646415	0.34451827	0
5933	0.29981333	0.33278918	0.3904144	0
5936	0.3244852	0.43748242	0.31422782	0
5937	0.28509212	0.44125772	0.30040509	1
5938	0.20761262	0.42620745	0.19770254	1
5939	0.34188902	0.47995374	0.36916858	1
5940	0.29356483	0.42782468	0.23272051	1
5941	0.37100017	0.49084845	0.32226995	1
5942	0.19158931	0.26592115	0.19144367	1
5943	0.2060195	0.3286715	0.14613336	0
5944	0.5011488	0.5789364	0.5486258	1
5945	0.26685095	0.34718966	0.4070643	1
5946	0.47803828	0.42466873	0.6327721	1
5949	0.15945333	0.2739935	0.14184204	1
5950	0.24497575	0.4620896	0.20088345	1
5951	0.08301707	0.21334743	0.030580541	1
5953	0.41183242	0.44213068	0.5490241	0
5954	0.28114906	0.42466307	0.25098598	1
5955	0.27722895	0.41976115	0.27629036	0
5957	0.29543552	0.484	0.27179068	0
5958	0.25460577	0.40155497	0.24439847	1
5959	0.35207564	0.5182592	0.36943072	0
5961	0.38577083	0.5782555	0.2611499	0
5962	0.18424495	0.58880675	0.035999622	1
5963	0.52914184	0.6797344	0.5231368	1
5964	0.20925447	0.1955176	0.44255418	0
5965	0.31682655	0.3767228	0.43967217	1
5966	0.3132017	0.38806888	0.40604797	1
5969	0.34191304	0.44307336	0.4709054	1
5970	0.5330775	0.5972346	0.5014551	1
5972	0.27691817	0.54352015	0.2564171	1
5973	0.3125508	0.45503172	0.32060522	0
5975	0.45394063	0.5964345	0.350491	0
5976	0.40511492	0.52116334	0.47217748	0
5977	0.3731958	0.5841468	0.2928964	1
5978	0.42918608	0.5243755	0.37358832	1
5979	0.24144588	0.2564063	0.36450332	0
5982	0.1686073	0.13141072	0.27287915	1
5983	0.19752525	0.26444858	0.24017082	1
5985	0.3594892	0.48986828	0.43681175	0
5986	0.3813171	0.5308575	0.37233216	2
5988	0.42739132	0.5911491	0.2712894	1
5989	0.20702425	0.253221	0.16348298	1
5991	0.34790692	0.46195057	0.40078208	1
5992	0.08598576	0.24759574	0.044158842	1
5993	0.5843379	0.61000335	0.613416	1
5994	0.09879494	0.36439306	-0.008293645	0
5995	0.27965802	0.34763572	0.43375644	1
5996	0.25565606	0.50686157	0.1551101	1
5998	0.46859825	0.6640043	0.42614692	1
5999	0.26322326	0.30455738	0.28059584	2
6000	0.3227858	0.598613	0.15529759	1
6001	0.18174845	0.46066868	0.10244996	1
6004	0.3012694	0.47314277	0.27859503	1
6005	0.32071415	0.3829204	0.26650494	1
6007	0.3222504	0.3917943	0.33897468	1
6008	0.33708075	0.496617	0.35256395	1
6011	0.36633775	0.5064516	0.34900558	1
6012	0.07675799	0.2078725	0.07164054	0
6013	0.33208844	0.50025254	0.4181752	1
6015	0.2809181	0.3455077	0.38065836	1
6017	0.24471016	0.40399462	0.2261291	0
6019	0.14218053	0.33803385	0.095559634	1
6021	0.3080374	0.31142566	0.3750946	1
6022	0.18186463	0.29888824	0.122298814	1
6023	0.46262345	0.4928852	0.5498385	1
6024	0.36402807	0.48434982	0.3780162	0
6025	0.1931012	0.20984238	0.29311678	1
6026	0.29189295	0.4989774	0.19737355	1
6027	0.40064672	0.460235	0.423861	1
6028	0.26517627	0.48004994	0.11397263	1
6029	0.40695524	0.4897788	0.44768777	1
6031	0.22163986	0.38963056	0.23436934	1
6032	0.40863946	0.517607	0.41959763	1
6034	0.06131139	0.2766945	0.05007883	1
6035	0.08358743	0.33733347	-0.04597464	0
6036	0.38874373	0.43516585	0.39801824	1
6037	0.13390595	0.25412762	0.12010345	1
6038	0.35530284	0.5871796	0.25183535	1
6039	0.27047086	0.4049974	0.39268085	0
6040	0.07318328	0.31203866	-0.016683865	1
6041	0.11278687	0.28639752	0.09899348	1
6042	0.12880099	0.35427052	-0.0012936601	2
6043	0.3226018	0.41422608	0.33615884	0
6044	0.121144794	0.22472003	0.05266757	1
6046	0.1908805	0.4561948	0.090149045	0
6047	0.10746789	0.31181297	0.052604247	1
6048	0.2945717	0.2802774	0.40432805	0
6049	0.37378487	0.52034837	0.39717418	2
6051	0.32244924	0.4702691	0.28362003	0
6053	0.4806499	0.44928372	0.57064384	1
6054	0.32051957	0.36557484	0.37514836	1
6055	0.337026	0.08003544	0.70632815	0
6056	0.34851435	0.28419665	0.58262146	0
6057	0.30534488	0.53670067	0.15684241	0
6059	0.3477388	0.42365462	0.34801155	0
6060	0.26698902	0.49857804	0.12887253	1
6061	0.31902426	0.42292628	0.331529	0
6062	0.23871912	0.45134804	0.30242816	1
6063	0.2785918	0.32880166	0.3664327	0
6064	0.41840017	0.4705489	0.37349918	1
6065	0.2971607	0.4083182	0.2616324	0
6066	0.24897106	0.37574512	0.19859718	1
6067	0.37167612	0.48907202	0.38494825	0
6068	0.24998853	0.42367265	0.1516271	1
6069	0.22127327	0.52456933	0.077584945	1
6071	0.2125982	0.345519	0.15237385	0
6072	0.55132294	0.58768755	0.5674523	1
6073	0.47132006	0.55933446	0.40963924	1
6074	-0.042421814	0.024290606	-0.04999995	1
6076	0.18736902	0.28678805	0.1588701	0
6078	0.4025538	0.45395747	0.58949476	0
6079	0.26195294	0.4734024	0.107720464	1
6080	0.39746612	0.4744434	0.3256776	1
6083	0.3124	0.2684301	0.3548474	1
6085	0.40496165	0.5834308	0.38383642	1
6086	0.3156929	0.47159877	0.22766331	1
6089	0.26198402	0.45350152	0.21013647	1
6090	0.15286687	0.3337283	0.13642827	0
6092	0.35619423	0.42922187	0.40565425	2
6093	0.13712148	0.4380512	-0.006630318	1
6095	0.24434394	0.36358336	0.20809604	1
6096	0.26473057	0.43114188	0.22261107	1
6097	0.2145911	0.3240759	0.14854416	1
6098	0.17389871	0.3223384	0.08279708	0
6100	0.21623188	0.2833134	0.23438278	0
6101	0.60568374	0.6597005	0.5611793	1
6102	0.24043444	0.26064003	0.27090028	1
6103	0.35045534	0.4806771	0.49746555	0
6104	0.29297116	0.48731616	0.24670775	0
6106	0.12230069	0.48011893	-0.017022403	0
6108	0.269666	0.2768544	0.3890252	1
6109	0.20287672	0.32550493	0.27041176	1
6110	0.4396365	0.4105463	0.6092577	1
6111	0.3349893	0.39838383	0.37004092	0
6112	0.33255568	0.43097848	0.3373386	0
6113	0.48747158	0.5632021	0.56376237	1
6114	0.2916302	0.5162169	0.2594664	1
6115	0.332253	0.39172992	0.40517846	1
6116	0.19331732	0.27672	0.13925117	1
6117	0.41744274	0.52845216	0.4224407	1
6118	0.25454608	0.5701269	0.15013357	0
6119	0.036334716	0.30908823	-0.072892815	1
6120	0.18607256	0.36556315	0.12608817	0
6122	0.2929309	0.2974256	0.28614652	1
6123	0.42516744	0.49488798	0.47562757	1
6124	0.45844942	0.4856922	0.54251975	1
6125	0.29264838	0.39754868	0.31441107	1
6126	0.2139653	0.42537194	0.121868655	0
6127	0.25944868	0.41820654	0.26065642	1
6128	0.31563744	0.46969643	0.186748	1
6129	0.14972195	0.43441737	0.13170217	2
6131	0.29304004	0.3561311	0.31695876	0
6132	0.23438406	0.36538666	0.13374755	1
6133	0.23111767	0.32530826	0.2116452	1
6134	0.3140023	0.42614412	0.26558274	0
6136	0.19965376	0.30261827	0.22600953	0
6137	0.40085578	0.55937654	0.24937183	1
6138	0.26366684	0.4104568	0.1737937	1
6139	0.19889128	0.27832767	0.36335152	1
6140	0.35598266	0.47611263	0.39327446	0
6141	0.06395339	0.30655733	-0.06833158	1
6143	0.15835571	0.3646311	-0.017926585	1
6144	0.2551348	0.40726584	0.11063713	1
6145	0.27984095	0.30548698	0.40260917	1
6148	0.28657115	0.44114804	0.25632265	2
6149	0.38184756	0.3749181	0.5276888	1
6150	0.2864737	0.51108146	0.2988401	0
6151	0.18455467	0.4467896	0.07072752	2
6154	0.2464336	0.3462813	0.20329991	2
6155	0.26801816	0.4334478	0.22528647	1
6156	0.26028815	0.39360112	0.22328071	1
6157	0.19068451	0.38272482	0.11540071	0
6158	0.27188775	0.505996	0.11051402	2
6161	0.24166238	0.3883805	0.2136966	1
6163	0.2960797	0.40917772	0.3280817	2
6164	0.1246916	0.33771798	0.049438193	1
6165	-0.030084455	0.16037048	-0.11289511	1
6166	0.26420718	0.4969997	0.22671704	2
6168	0.26971474	0.43921813	0.28125063	0
6169	0.37941778	0.34328878	0.61448324	0
6170	0.22512203	0.49753878	0.052550476	1
6171	0.33186984	0.47782928	0.26807135	1
6174	0.2462835	0.44722927	0.06673016	1
6178	0.019009296	0.16001394	-0.049976952	1
6181	0.32353133	0.44666296	0.20379375	1
6182	0.27428782	0.42067555	0.16783161	0
6183	0.35238078	0.49191597	0.31793866	1
6184	0.5862372	0.63230246	0.6752262	1
6185	0.4214105	0.5641345	0.5362966	0
6186	0.31311235	0.394935	0.27184197	1
6187	0.24200317	0.4192175	0.3159863	0
6188	0.23374131	0.27266276	0.3982821	1
6189	0.36797005	0.49338853	0.2877076	1
6190	0.4068627	0.48772082	0.3384699	1
6191	0.24839436	0.4182398	0.32047114	1
6192	0.071675636	0.113483265	0.073682025	0
6193	0.16835725	0.3740108	0.16995835	1
6194	0.15778428	0.4017007	0.0152412765	2
6195	0.30232254	0.50419444	0.24938668	0
6196	0.2588091	0.46539938	0.27464542	1
6197	0.3074907	0.5964649	0.1977227	1
6198	0.18019913	0.31853196	0.13637096	1
6199	0.22009301	0.3564155	0.16234002	2
6200	0.04311013	0.34207234	-0.124765866	0
6201	0.4699346	0.57133806	0.5475706	1
6202	0.30982333	0.3812533	0.30584928	1
6203	0.3438558	0.5009971	0.3240486	1
6204	0.3197659	0.53606576	0.36035174	0
6205	0.3212326	0.41690025	0.27869657	1
6206	0.21783489	0.24828798	0.3121046	1
6208	0.06333359	0.13953118	-0.013575118	0
6209	0.47482803	0.48154762	0.50210357	1
6210	0.3039937	0.5206108	0.2808548	1
6213	0.35012725	0.62987417	0.19923781	2
6215	0.40671828	0.42034268	0.41786143	1
6216	0.21985993	0.48116487	0.11623344	1
6217	0.21161571	0.26246276	0.3710972	1
6219	0.49527362	0.54200125	0.4477182	1
6220	0.06576087	0.2984054	-0.12678011	1
6222	0.33097634	0.540985	0.26743355	1
6223	0.34031147	0.42478865	0.34007767	2
6224	0.35303447	0.3745895	0.38407308	2
6225	0.33807805	0.48038352	0.3293269	1
6226	0.45184565	0.57573736	0.48378643	1
6227	0.2602645	0.41746902	0.34080356	0
6228	0.36151177	0.36941522	0.42113784	0
6229	0.3382836	0.44815144	0.27373064	1
6230	0.16427152	0.505123	-0.03456128	0
6231	0.21981683	0.4275636	0.13638757	0
6232	0.14584671	0.36597985	0.052443292	1
6235	0.38982546	0.5697824	0.37585056	1
6236	0.17354132	0.42758095	0.10930561	0
6237	0.2785918	0.3288013	0.3664327	0
6238	0.38602686	0.4360767	0.3769988	1
6239	0.18593588	0.40905535	0.20616704	1
6243	0.28698117	0.5153969	0.19103402	1
6244	0.26515788	0.34518546	0.27934462	1
6245	0.34939337	0.52743554	0.32490325	1
6247	0.2857942	0.40279937	0.252049	1
6248	0.2220912	0.30109724	0.20162562	2
6249	0.2151166	0.402677	0.17722331	1
6250	0.28051126	0.35422027	0.329687	0
6251	0.31390482	0.36505452	0.3303701	0
6252	0.399239	0.6219122	0.39493954	1
6253	0.34242973	0.5455162	0.24208672	0
6254	0.45187038	0.5317188	0.46226117	1
6255	0.4904106	0.5800892	0.4663972	0
6256	0.18004973	0.4296902	0.02848953	0
6257	0.24132016	0.37571257	0.1878439	0
6258	0.41459307	0.4507308	0.48530367	1
6260	0.35306343	0.34775385	0.473983	0
6265	0.12051511	0.21362476	0.18651912	0
6266	0.30922508	0.369249	0.3530058	0
6268	0.37454382	0.52932304	0.37650675	1
6269	0.3337497	0.50503105	0.23196137	0
6271	0.5323009	0.55485415	0.65324104	2
6272	0.37696192	0.53427374	0.31417298	1
6273	0.12458071	0.48153734	0.031383198	1
6274	0.11990061	0.3048064	0.044285838	0
6275	0.49140087	0.523679	0.5730366	1
6276	0.14281623	0.27952537	0.10040706	1
6278	0.21194239	0.36739227	0.21786553	0
6279	0.19114998	0.33504242	0.10686404	0
6280	0.45794758	0.5806895	0.4522568	1
6281	0.29090127	0.3716748	0.37428167	0
6282	0.2773275	0.35451812	0.3076343	1
6283	0.08077414	0.25450292	0.043472923	1
6284	0.22178006	0.5354842	0.28381532	0
6286	0.32454208	0.24930316	0.51853096	1
6288	0.48024234	0.5201619	0.44878688	1
6289	0.40761778	0.5161482	0.38405293	0
6290	0.1975249	0.27023092	0.16551952	1
6291	0.18058972	0.3310938	0.13179839	1
6293	0.21435907	0.35896373	0.22097959	0
6294	0.31411567	0.4329968	0.38208395	1
6295	0.20336938	0.32610485	0.25417328	1
6296	0.242107	0.37915784	0.35499775	1
6297	0.048462298	0.2713186	-0.013635609	0
6298	0.0005247987	0.29656532	-0.074991256	1
6299	0.31180635	0.42027017	0.33201325	0
6300	0.47036123	0.47773623	0.5472313	1
6302	0.2952674	0.49635735	0.25343463	0
6303	0.20519769	0.3776913	0.13424315	0
6304	0.36263236	0.51638204	0.36633363	1
6305	0.307318	0.5307524	0.2553898	1
6306	0.3065453	0.50414705	0.3432455	1
6307	0.5135053	0.565878	0.493453	1
6308	0.33080858	0.5063387	0.2712307	1
6309	0.58123505	0.5831026	0.58532727	1
6310	0.43714458	0.4950422	0.52972007	1
6311	0.056567717	0.17886461	0.0038558643	1
6313	0.22812179	0.30690327	0.19512972	0
6314	0.4300637	0.57285273	0.45729524	1
6318	0.4319397	0.57607305	0.47526816	2
6319	0.17183095	0.28351077	0.23374815	1
6321	0.32783177	0.4350357	0.31383234	1
6322	0.2923178	0.34779206	0.34264767	0
6323	0.055559795	0.26097077	-0.0660414	1
6324	0.2623778	0.5127907	0.24343663	1
6325	0.1192582	0.2914961	0.08117974	0
6326	0.16670021	0.31768975	0.17903945	1
6327	0.26092523	0.37411517	0.3168109	1
6328	0.07754024	0.29588372	0.079199806	1
6329	0.34841654	0.4621897	0.40551913	1
6330	0.248115	0.27816954	0.37411293	1
6331	0.14784701	0.4346703	0.037868124	1
6332	0.33088273	0.3735775	0.3289855	1
6333	0.42369476	0.63772964	0.40793982	1
6334	0.2153564	0.2845221	0.20534176	1
6335	0.26132572	0.37951407	0.22544849	1
6336	0.33587822	0.43998784	0.33913988	1
6337	0.20788349	0.3853123	0.1986704	1
6338	0.29697424	0.5161882	0.16265734	1
6340	-0.06522901	0.29927945	-0.24055393	1
6341	0.3830098	0.49841425	0.42939258	1
6342	0.058142114	0.16338351	0.0073876944	1
6343	0.32735184	0.37882146	0.2747176	1
6344	0.2549593	0.34090328	0.2610084	0
6346	0.55332214	0.517329	0.5883232	1
6347	-0.00047570918	0.13152923	-0.052096616	0
6349	0.32556623	0.5267083	0.35336307	1
6350	0.29066747	0.3792155	0.28604746	1
6351	0.32568103	0.41253173	0.32361278	2
6353	0.11659501	0.26664415	0.07120083	1
6354	0.25107166	0.4830909	0.14302213	1
6355	0.20742473	0.6190466	0.091327384	0
6356	0.18023339	0.5111664	-0.02330357	0
6357	0.3137664	0.4536692	0.29677278	1
6358	0.21636821	0.33390695	0.25161707	0
6359	0.27942282	0.45157266	0.3075363	0
6360	0.45567888	0.5352062	0.5832476	1
6361	0.31719983	0.48680678	0.28894997	0
6362	0.24694179	0.54153395	0.23876502	1
6364	0.2956333	0.5445753	0.33855796	0
6365	0.27589118	0.44677898	0.2862077	1
6366	0.2910842	0.40282804	0.22130433	0
6367	0.076936334	0.2851199	-0.0021341678	1
6368	0.39015216	0.5544813	0.27059394	1
6369	0.5612803	0.68369365	0.49806342	1
6371	0.25668764	0.12811685	0.54809415	1
6372	0.22780147	0.3763468	0.22004321	1
6373	0.30126905	0.5360208	0.36480367	1
6374	0.4541073	0.53281856	0.45673066	0
6375	0.2143633	0.08971511	0.38271752	1
6376	0.3573766	0.52474725	0.37265053	1
6377	0.2668732	0.39434502	0.2800355	0
6378	0.29010418	0.47140387	0.20087248	0
6379	0.42738035	0.5017499	0.38559526	1
6380	0.27701494	0.29357284	0.3735487	1
6381	0.47747356	0.60453403	0.46746695	1
6382	0.25292966	0.5537219	0.13242948	1
6383	0.35711068	0.5117521	0.21405813	1
6384	0.15287781	0.41899112	0.062193677	1
6386	0.38918132	0.29980367	0.47961468	0
6387	0.41998762	0.43947315	0.8081605	1
6388	0.24346703	0.53202516	0.091357805	0
6389	0.32269645	0.40202013	0.3657082	2
6391	0.3920564	0.4914314	0.37953943	0
6392	0.22328524	0.35133037	0.14702056	2
6393	0.3263831	0.42763966	0.3377942	1
6395	0.04061292	0.23828854	-0.0090124635	1
6396	0.29570428	0.3615707	0.3032354	1
6398	0.43964216	0.61705554	0.3665459	1
6399	0.24211337	0.53406894	0.17820284	1
6401	0.2718012	0.38867447	0.24603209	0
6404	0.59243554	0.6190569	0.5647525	1
6406	0.13368416	0.48232615	-0.006061489	1
6407	0.33677313	0.551862	0.36136982	2
6408	0.2924718	0.41696072	0.28736836	1
6409	0.49127162	0.4404427	0.6923834	1
6410	0.3210228	0.49053645	0.25845432	0
6411	0.40788335	0.49234188	0.41916746	1
6413	0.16178173	0.37539777	0.056217793	1
6414	0.34416586	0.31356746	0.53916585	1
6415	0.19391982	0.3640517	0.17629719	1
6416	0.45328233	0.5374672	0.43631616	0
6417	0.26068473	0.39215156	0.3142777	1
6418	0.1900979	0.546264	-0.029865261	0
6419	0.4360332	0.42461038	0.5162387	1
6421	0.31267548	0.3409846	0.35969767	1
6422	0.25076938	0.39024746	0.20664921	1
6424	0.35551932	0.3882192	0.38049564	1
6426	0.5169274	0.636267	0.5293433	1
6427	0.16018578	0.33198446	0.103522524	1
6428	0.39181662	0.5303135	0.40143898	1
6429	0.31522638	0.54136276	0.42585933	1
6430	0.42552733	0.47119835	0.3994679	1
6432	0.32003644	0.44234434	0.32354876	1
6433	0.42304918	0.41266686	0.5453098	1
6434	0.3290774	0.5125749	0.25493488	1
6437	0.24653989	0.3816707	0.25268117	1
6438	0.22941224	0.38989657	0.28084135	1
6439	0.17321217	0.36174965	0.15111557	2
6440	0.21764241	0.38766032	0.1624879	1
6441	0.2206609	0.33156493	0.18445854	1
6442	0.31937706	0.58006305	0.21447378	1
6443	0.21855146	0.32386294	0.19469921	0
6444	0.19172068	0.35936698	0.186823	1
6445	0.29656	0.3992296	0.33526456	2
6446	0.19860028	0.41050702	0.033249576	1
6448	0.2999712	0.5567317	0.342561	1
6452	0.17440303	0.32807332	0.10142586	0
6453	0.1335157	0.2546964	0.096489646	0
6454	0.22277845	0.44338325	0.29870707	1
6455	0.2945717	0.2802774	0.40432805	0
6458	0.28999683	0.53932	0.28038466	0
6459	0.116633505	0.34929115	0.050677024	1
6461	0.39057383	0.53326637	0.49576864	2
6462	0.39057383	0.53326637	0.49576864	2
6463	0.059664596	0.36450094	-0.094333544	1
6464	0.31037852	0.2928774	0.32573953	1
6465	0.30184895	0.42214596	0.30197537	1
6466	0.25425825	0.44481122	0.13562171	1
6467	0.28009063	0.37894562	0.26914215	1
6468	0.38330892	0.5707102	0.4368291	1
6469	0.16727799	0.44106668	0.009144765	0
6470	0.42107818	0.5474125	0.40869084	1
6471	0.36878374	0.6401527	0.25108927	1
6472	0.47381303	0.7197226	0.30485275	0
6473	0.21530555	0.34090185	0.09310391	0
6475	0.25862405	0.45410922	0.23958607	1
6477	0.22410387	0.49678713	0.106507815	1
6478	0.22106102	0.50456446	0.20097649	1
6479	0.53134066	0.5368411	0.70613927	1
6480	0.30681017	0.39123082	0.22924846	1
6482	0.5744091	0.5976534	0.5697237	0
6483	0.4209779	0.4175083	0.6365144	1
6484	0.36916903	0.45090377	0.37313586	0
6486	0.26971474	0.43921813	0.28125063	0
6487	0.43654844	0.50118816	0.4431244	1
6489	0.25266936	0.3522451	0.2432877	1
6490	0.37193218	0.33210933	0.41029012	1
6491	0.26816788	0.59943193	0.2648862	1
6492	0.27890897	0.4507492	0.29869047	1
6493	-0.07495651	0.2312137	-0.1938824	1
6494	0.33512032	0.4541835	0.33706763	1
6495	0.42316255	0.49671248	0.39337847	1
6497	0.12311721	0.34576273	0.042970955	1
6499	0.3809258	0.54479176	0.34500718	2
6501	0.26647305	0.4724905	0.15876822	1
6502	0.1739259	0.3758463	0.14181408	1
6503	0.24992602	0.3754763	0.23637226	0
6505	0.27857205	0.40993646	0.25799093	2
6506	0.26826006	0.4345143	0.14795093	1
6508	0.17460963	0.28878516	0.15195714	1
6510	0.32865465	0.524297	0.14449833	1
6511	0.25767013	0.5020007	0.2735488	1
6512	0.38007292	0.36415356	0.5290638	1
6513	0.20806113	0.30036327	0.11646054	1
6514	0.28509742	0.41874245	0.1557366	0
6515	0.19766898	0.46563637	0.010826489	1
6516	0.25152194	0.37061825	0.22253501	0
6517	0.14996704	0.23316519	0.17012957	1
6519	0.38131428	0.5175419	0.43705195	0
6520	0.16012716	0.36709973	0.103200614	1
6521	0.31668282	0.36273867	0.28981453	2
6522	0.047351956	0.4168631	-0.1631257	1
6523	0.14528978	0.31048685	0.13782664	1
6524	0.25868267	0.39333937	0.25665164	0
6525	0.31653836	0.4647372	0.31091955	1
6529	0.44084466	0.5700021	0.4762445	0
6531	0.29820326	0.46585923	0.36511675	1
6532	0.3529483	0.5892227	0.3318951	0
6533	0.12791243	0.19678323	0.15961792	1
6535	0.06843184	0.30813247	-0.044050597	1
6537	0.58766824	0.6941543	0.5656365	1
6538	0.34304988	0.54464	0.3479592	1
6539	0.084088214	0.3617815	-0.0033478807	1
6540	0.207572	0.33016562	0.09345837	0
6542	0.16199787	0.39072606	0.08114932	1
6543	0.3395783	0.47718194	0.3305286	1
6544	0.48281196	0.58326316	0.47502515	1
6545	0.113315195	0.38603142	0.08704171	1
6546	0.35400036	0.47602102	0.3531303	0
6547	0.39679477	0.41958147	0.46041885	0
6548	0.3412046	0.4748693	0.256652	0
6549	0.052412413	0.29331636	-0.0009554761	0
6550	0.3191627	0.44700184	0.35121828	0
6551	0.10851678	0.07087894	0.1553839	0
6552	0.46456656	0.52646	0.46900576	1
6553	0.26096514	0.30224472	0.26930878	0
6555	0.2899322	0.42417884	0.30778816	1
6556	0.23688127	0.28966418	0.25410995	1
6558	0.16406599	0.4452668	0.13865547	0
6559	0.33005777	0.51604563	0.3114127	1
6560	0.55587095	0.43893233	0.6816248	0
6562	0.26532352	0.4229019	0.27711707	0
6563	0.42492378	0.56219286	0.44203097	0
6564	0.27884293	0.43396604	0.15554379	1
6565	0.077643014	0.23651886	0.002417167	0
6567	0.39496645	0.32637545	0.50146115	1
6568	0.29292277	0.3966856	0.26176542	1
6570	0.3740508	0.4014545	0.4026817	0
6571	0.4036807	0.48824504	0.4102293	1
6572	0.34534827	0.4909825	0.40126917	0
6573	0.17980076	0.33980742	0.08178783	0
6574	0.21946649	0.51785177	0.11138248	1
6575	0.0025042715	0.22896154	-0.1433246	0
6579	0.50750643	0.59453636	0.5914899	1
6580	0.39564312	0.5715185	0.364584	1
6582	0.12901077	0.48841554	0.18162182	1
6583	0.22122313	0.49316144	0.13723834	1
6584	0.42690217	0.5013098	0.486724	1
6585	0.30792263	0.53142345	0.24765332	1
6586	0.25731522	0.26599082	0.41509935	0
6587	0.25244194	0.42891908	0.26651415	1
6588	0.39496645	0.32637545	0.50146115	1
6589	0.25928128	0.5162547	0.20940103	1
6590	0.3663561	0.4943549	0.34149408	0
6591	0.42147267	0.48403996	0.5056361	2
6592	0.46264252	0.49237227	0.49249858	1
6593	0.20249318	0.53971195	-0.0041431086	0
6594	0.2313843	0.4787546	0.15858357	1
6595	0.24998358	0.35502854	0.20611575	1
6596	0.21566047	0.48166823	0.13019061	1
6599	0.27964178	0.4627935	0.21123557	2
6600	0.22707608	0.4224714	0.18116513	1
6601	0.14324744	0.28015146	0.092231564	1
6602	0.06245069	0.25921062	-0.0562139	1
6603	0.5008879	0.60375303	0.43719488	1
6604	0.37092778	0.5761887	0.3345139	1
6605	0.31621417	0.5046391	0.2873956	2
6606	0.1925884	0.35448557	0.108153455	1
6607	0.5713546	0.5651458	0.70465565	1
6608	0.2851525	0.60540277	0.15297346	0
6609	0.3688586	0.34161285	0.4911094	1
6610	0.28196734	0.53853333	0.10408569	1
6612	0.46450335	0.5498164	0.4117384	1
6613	0.3611127	0.55892766	0.31435516	1
6614	0.36033717	0.44002604	0.391043	0
6616	0.26994994	0.5370728	0.21243796	1
6617	0.2307804	0.4042546	0.14859086	2
6618	0.38370517	0.5548538	0.3893977	2
6619	0.31919944	0.5446287	0.2671502	1
6620	0.43962625	0.5004871	0.4293038	1
6621	0.27479887	0.24410695	0.3034714	0
6622	0.2782948	0.46086854	0.33848864	1
6623	0.40475115	0.5092085	0.40031335	0
6624	0.41806749	0.48084477	0.43143442	1
6625	0.24105635	0.4293655	0.21033669	2
6626	0.3181456	0.5407179	0.23850925	1
6627	0.53134066	0.5368411	0.70613927	1
6628	0.3104933	0.35380784	0.39335406	1
6630	0.18740116	0.3917639	0.15051596	2
6631	0.35280952	0.527639	0.25793537	1
6632	0.28266484	0.40856296	0.2558688	1
6634	0.37709257	0.5719076	0.39464453	1
6635	0.0876209	0.40692168	-0.05150904	1
6636	0.3634538	0.4462866	0.28111622	0
6637	0.16439831	0.42663756	0.034604438	1
6638	0.18708366	0.23268625	0.23623289	1
6639	0.38026148	0.61225194	0.18969154	0
6640	0.46981984	0.6214198	0.37375778	1
6642	0.62541455	0.64912593	0.7876137	0
6643	0.1979607	0.35953182	0.24501789	1
6645	0.1837032	0.3934455	0.11160605	0
6646	0.296691	0.39568385	0.25346223	1
6647	0.26128653	0.45618275	0.18242943	2
6648	0.3410997	0.49401924	0.2596585	2
6650	0.11138905	0.39294532	-0.031409375	1
6652	0.38158938	0.48742333	0.36517087	1
6653	0.2516996	0.5470199	0.12708963	1
6654	0.24709612	0.5046932	0.16450532	0
6655	0.39882264	0.5045581	0.4394334	1
6656	0.18976064	0.2872974	0.2995331	1
6658	0.35506728	0.5696692	0.26300886	2
6659	0.30981627	0.4135073	0.22227961	1
6660	0.13109726	0.18697764	0.10050717	1
6661	0.23010303	0.3678804	0.20198362	1
6662	0.31492972	0.46765545	0.2973731	1
6663	0.5862372	0.63230246	0.6752262	1
6664	0.34599632	0.47534683	0.26494774	1
6665	0.2226997	0.50344986	0.038257957	2
6666	0.3247462	0.56945306	0.2713874	1
6667	0.42488703	0.5349469	0.49108854	0
6668	0.44357285	0.49479708	0.39152446	1
6670	0.41296923	0.6067526	0.40880686	0
6671	0.26723766	0.50961775	0.18638788	1
6672	0.275282	0.4270334	0.17710374	0
6673	0.50021505	0.61696535	0.39505628	0
6675	0.4635685	0.57055634	0.43175068	1
6676	0.17396758	0.3609782	0.16014749	1
6678	0.12691087	0.26179492	0.13905555	0
6679	0.30850747	0.3466626	0.36014268	1
6681	0.27061105	0.41216424	0.26838726	1
6682	0.078915805	0.31211364	0.0022685924	1
6683	0.35526186	0.4241141	0.3637205	1
6685	0.3366361	0.48104107	0.24517885	1
6686	0.031310633	0.33365688	-0.09346049	1
6687	0.35159853	0.39317843	0.3344513	1
6688	0.3592494	0.43528965	0.33012387	0
6690	0.25948152	0.41991928	0.18094191	0
6691	0.2220912	0.30109724	0.20162562	2
6692	0.27503052	0.5442205	0.2683165	1
6693	0.3356317	0.5603118	0.21667622	0
6694	0.2052037	0.5062432	0.09114379	1
6696	0.39042938	0.52187717	0.35589522	1
6698	0.28061402	0.3632629	0.25422633	0
6700	0.2912322	0.37674084	0.22848578	0
6701	0.24436335	0.40469322	0.16233365	2
6702	0.25722694	0.34675035	0.18216836	0
6703	0.19997655	0.49347344	0.1375217	1
6704	0.35128278	0.5461833	0.39046392	2
6705	0.33824086	0.38858533	0.3717789	0
6706	0.12589024	0.42954835	0.026231198	1
6707	0.4890004	0.4767748	0.6321226	1
6708	0.47938135	0.43243405	0.56403655	1
6709	0.29111177	0.3754381	0.2151452	1
6710	0.2203434	0.45419058	0.06766688	2
6713	0.071081966	0.18428686	0.05926145	1
6714	0.3920172	0.567492	0.45422363	1
6715	0.2577535	0.2911781	0.27168667	0
6719	0.15257692	0.27215695	0.21589975	2
6720	0.14363521	0.20542862	0.16324598	1
6723	0.027778307	0.31401455	-0.12897582	0
6724	0.027860947	0.28333604	0.056993566	0
6725	0.31299332	0.50118214	0.19311902	1
6726	0.2982442	0.46015862	0.27770182	2
6727	0.14316691	0.26608172	0.087243706	1
6730	0.39460695	0.5641921	0.3496993	1
6731	0.44372648	0.5448501	0.46604028	0
6735	0.33805194	0.52310103	0.32231772	0
6736	0.23078464	0.26227495	0.29519543	0
6737	0.119499765	0.30481702	0.046052463	1
6738	0.29162526	0.46902576	0.18348007	0
6739	0.19955558	0.3337835	0.2305248	0
6740	0.44898504	0.5951434	0.5072053	1
6741	0.29543552	0.484	0.27179068	0
6742	0.35349357	0.5567763	0.2396317	1
6743	0.18350048	0.47612432	0.10845874	0
6744	0.32355428	0.45733377	0.35416147	1
6745	0.27748358	0.33426458	0.44774473	1
6746	0.38908523	0.5541092	0.43021327	1
6747	0.26085037	0.3493516	0.24783726	1
6748	0.27850246	0.49752465	0.21149875	1
6749	0.438743	0.6032104	0.3033642	1
6750	0.3390182	0.4945859	0.22877055	1
6751	0.18114384	0.38211924	0.16525279	1
6753	0.30939955	0.4773567	0.26684952	1
6754	0.3430746	0.4262534	0.40308213	1
6756	0.24043444	0.26064003	0.27090028	1
6757	0.1989492	0.39721373	0.21127094	1
6758	0.19648767	0.32021427	0.20282128	0
6759	0.1288017	0.35427052	-0.0012936601	2
6760	0.35230732	0.4728276	0.23501599	2
6762	0.29100087	0.38052818	0.27414912	0
6763	0.13171811	0.33125156	0.13285291	1
6764	0.38463965	0.5482123	0.2925186	0
6765	0.29582825	0.47980693	0.17747411	1
6767	0.20816532	0.34150177	0.16402528	0
6768	0.37119266	0.4104529	0.39133132	0
6770	0.10099938	0.38373858	0.08924274	1
6771	0.29738358	0.44465488	0.17767751	2
6772	0.22596009	0.5261657	0.05663734	0
6773	0.3801135	0.5244922	0.3643997	1
6775	0.10009775	0.40110397	-0.029881533	1
6777	0.41201112	0.5553384	0.33916393	2
6778	0.312869	0.4678256	0.3069445	0
6779	0.34837344	0.4821631	0.2646216	1
6780	0.12178755	0.47461957	-0.10446067	1
6781	0.41887552	0.38586235	0.5682132	0
6782	0.080078416	0.1301787	0.10629769	0
6783	0.11968553	0.26306623	0.099344395	1
6786	0.28391397	0.40454856	0.3400087	1
6788	0.19186972	0.29870218	0.20961787	1
6789	0.2505988	0.30214038	0.3251438	1
6790	0.248115	0.27816954	0.37411293	1
6791	0.16573468	0.37607408	0.034183122	1
6792	0.2962086	0.5375811	0.2083327	0
6793	0.24878319	0.43703106	0.26166955	1
6794	0.16887005	0.46373478	0.0043751677	1
6795	0.46447083	0.3641458	0.7473259	1
6797	0.37964523	0.50058717	0.3151398	1
6798	0.22524458	0.40541586	0.21960244	1
6799	0.08453638	0.35787213	-0.08920772	0
6800	0.24503826	0.44544828	0.16861376	1
6801	0.030618789	0.3380855	-0.18479778	1
6802	0.297308	0.49758336	0.17651439	1
6804	0.17001005	0.2910444	0.16172591	0
6805	0.08864295	0.115231015	0.11352584	0
6806	0.18874565	0.40333632	0.13562419	1
6807	0.19858298	0.33389422	0.105119705	0
6808	0.16787165	0.45333102	0.1011471	1
