cand id	similarity score	score
4918	0.05417575149031341	1
4919	0.06472602081558594	1
4920	0.16485079827416949	1
4922	0.06845271837303868	0
4923	0.10056892608367078	1
4925	0.12639303543894495	1
4926	0.13723701143796924	1
4927	0.07205415871811538	1
4929	0.20786526901752775	1
4930	0.07884243234267772	1
4931	0.09027219146268099	1
4932	0.05509977544642212	1
4933	0.06899131035233484	1
4934	0.03644461198306846	1
4935	0.03377035571293531	1
4937	0.08156149832851889	1
4938	0.3018314330381533	1
4939	0.2549542086740579	1
4940	0.050409841491143664	1
4941	0.0676801943010387	0
4942	0.07847330792618909	0
4943	0.09517071807365483	1
4945	0.1437192744789119	1
4947	0.13577425261660436	1
4949	0.186508650338372	1
4950	0.04967003576581857	1
4951	0.05931269826077891	0
4952	0.10064090831090776	0
4953	0.3135766783017924	0
4954	0.12047710114571256	1
4955	0.0979488710968766	1
4957	0.06974506914249258	1
4958	0.055196823608349904	1
4959	0.08855713755907457	1
4960	0.12730902063989055	1
4962	0.11777144073876512	1
4963	0.05432752597153269	0
4964	0.06515659193616556	1
4965	0.09016208464344026	0
4966	0.10838687435182352	1
4967	0.1950719338142212	1
4968	0.07267666972570655	0
4969	0.08391198621588443	1
4970	0.11242012558469698	0
4971	0.2129658470964602	1
4972	0.1263538968521351	1
4973	0.0909835672600245	1
4975	0.1508967373892478	1
4976	0.07239585023374298	1
4977	0.041101145221652736	1
4978	0.05837504429906186	1
4981	0.07163806845209028	1
4982	0.12288019067830433	1
4983	0.15498902316565033	1
4984	0.1158662538609999	1
4985	0.03056162420350837	1
4986	0.0473937616634466	1
4987	0.1144307268755448	0
4988	0.0925276434182858	1
4989	0.10683929890158096	0
4990	0.08626023838518758	1
4991	0.07137628688194775	1
4992	0.06276706084240746	1
4993	0.07265409554109574	0
4994	0.16470082544951048	0
4995	0.11259064173875488	1
4997	0.051569706521269736	0
5001	0.09016515866904633	0
5003	0.1567742093753459	1
5004	0.16359800862361445	0
5006	0.07673939057853893	0
5007	0.05201846682300302	0
5008	0.06118566703459336	0
5009	0.07233680883714089	1
5010	0.05485826057818894	1
5011	0.04214411145346917	0
5012	0.04720399371956386	1
5013	0.03430474586506415	1
5014	0.06258517293934042	0
5017	0.028243110226473314	0
5018	0.14712326956504598	0
5019	0.08184972612145207	1
5020	0.15944720667592702	1
5021	0.07098852966585335	1
5022	0.2381665907055957	0
5023	0.14645396803691935	1
5024	0.07076538669393345	1
5025	0.1316574075221926	1
5026	0.07213755969951098	1
5028	0.07769281962769853	0
5029	0.07263184006965166	1
5030	0.11795623240635347	0
5031	0.034708333209410615	1
5033	0.06951413297467568	1
5034	0.11769048902678993	1
5036	0.1107812022857157	1
5037	0.07693232719939824	1
5038	0.0656919246197875	0
5039	0.12584784697413529	1
5040	0.09391333314957363	1
5041	0.07483099576179708	0
5042	0.09929290336121717	0
5043	0.008144069088516469	0
5046	0.16691931975803712	1
5047	0.17279181240129493	1
5048	0.10998804150835118	1
5050	0.0788339927166058	0
5051	0.061328546044218425	1
5053	0.04831506354451631	1
5054	0.06895562566609335	1
5056	0.13675432827652315	1
5058	0.07446422814257092	1
5059	0.0880647893124927	1
5060	0.29933961339881265	1
5061	0.06990280246616201	1
5062	0.0949977924823414	0
5063	0.05918988157174258	1
5064	0.06516858570639014	1
5065	0.08719728276964382	1
5066	0.036052453089086015	1
5067	0.051718076421065545	0
5068	0.241725207577134	1
5069	0.0474233079018477	1
5071	0.059285383658616436	1
5073	0.08263295631775165	0
5074	0.10892677614143477	1
5075	0.11451525170534375	1
5076	0.15911000797370795	1
5079	0.046355738848267186	0
5083	0.09565274567541747	1
5084	0.06486000003578297	1
5085	0.09441462789484427	0
5086	0.0513197263808428	1
5087	0.0893569452003315	1
5089	0.15727004320703164	1
5090	0.2378842894196618	1
5091	0.12941368389333605	0
5092	0.11937645868805563	1
5094	0.09730450021821213	1
5095	0.06630796941905764	1
5096	0.20463137080020355	1
5098	0.13231991349112382	1
5099	0.052889414256750006	1
5100	0.025647184100309528	0
5101	0.0350824001468889	1
5102	0.08975278081508402	1
5104	0.15540857322728122	1
5105	0.17874303747652373	1
5106	0.08882426860274625	0
5107	0.10975333248842024	1
5108	0.14913340362779495	0
5109	0.07556491468128508	0
5110	0.13923859320596768	0
5112	0.08880364425287272	1
5114	0.06847751355002367	1
5115	0.06822869656974405	1
5116	0.06260157378127497	1
5117	0.10349365404143976	1
5118	0.058218138689909375	0
5119	0.037897132137825286	0
5120	0.05300120479147261	1
5121	0.07639823371575864	0
5122	0.1237591803053566	1
5123	0.054735349095435336	1
5124	0.1417811527930349	1
5125	0.06808756394088361	1
5126	0.05971750912980647	1
5127	0.05200435506923086	0
5128	0.06494024505203215	1
5129	0.12189413743500492	1
5130	0.05613056750926699	1
5131	0.06510311293245459	0
5132	0.04102337344101505	0
5133	0.06468074407366979	1
5134	0.06703949189135154	0
5135	0.12762079151284167	1
5136	0.10088359452816324	1
5137	0.1254812473407972	0
5138	0.05055092107055117	0
5139	0.08871616051141218	0
5143	0.07423299148609262	1
5144	0.055722298616698966	1
5145	0.18657213796589767	1
5146	0.08085765994641664	1
5147	0.0807092403059796	1
5148	0.0963019506358394	0
5150	0.0864165995958682	1
5152	0.11942892487968525	1
5153	0.10080115213035742	0
5154	0.05548825404123167	1
5155	0.08490937329515323	0
5157	0.043020600251491486	0
5159	0.08853554091167162	0
5160	0.12282090801613828	1
5162	0.10118523026375197	0
5163	0.07539940232605125	0
5164	0.10509783029024336	1
5165	0.0786072886051801	0
5166	0.06883030018606942	0
5167	0.11966634960877565	1
5168	0.09630383338853084	1
5169	0.04776465560145962	1
5170	0.06971757099216852	1
5173	0.09072821892028222	1
5176	0.2177703861307708	1
5177	0.028444434239267107	0
5178	0.12695711149010686	1
5179	0.10853471062087873	1
5180	0.05846053364955541	0
5181	0.14849545422271795	1
5182	0.11448617816638434	1
5183	0.03951271556883958	1
5184	0.03190184333778835	1
5185	0.1826695564513328	1
5186	0.06750251003689599	1
5188	0.08925118909641355	1
5189	0.11673297131044495	1
5190	0.04569415392600306	0
5191	0.13059942681957598	1
5192	0.10181514201200613	1
5193	0.04543846291721783	1
5194	0.0933035408504491	1
5195	0.07172710974265406	1
5196	0.06364560226476765	1
5197	0.13599567327990866	0
5198	0.07385165081885353	1
5199	0.09247683042320813	1
5201	0.044583460386968615	1
5202	0.07838454419512203	1
5203	0.05968748923422381	1
5204	0.05239727464415446	1
5205	0.054831284764385306	1
5206	0.0709366397128255	1
5208	0.07613800651047087	1
5209	0.13742752401684433	0
5210	0.19008575068468173	1
5211	0.06500755337466092	1
5212	0.11121982574395478	1
5213	0.04706272760405676	1
5214	0.14529857791910192	1
5215	0.07533185848904284	1
5216	0.10757779020344717	1
5218	0.12449806575098644	1
5219	0.11862627350819292	1
5220	0.10464958712192383	1
5221	0.11998494712658962	1
5226	0.09882991896423976	1
5227	0.10913640101828546	1
5228	0.09107465487486398	1
5229	0.11420077652576455	1
5230	0.07100281578998269	1
5231	0.08891847304708084	0
5232	0.0919357473553444	1
5233	0.11697301233357912	1
5234	0.06840525878980296	1
5235	0.09955044690032434	1
5236	0.06811191830589777	0
5237	0.12566447339429768	1
5238	0.08864093509757287	1
5239	0.06032311570749173	1
5240	0.027449750848166143	0
5241	0.07095543211448242	1
5243	0.07205415871811538	1
5244	0.11306594351809285	1
5245	0.094935572758996	0
5247	0.21390590802435128	1
5249	0.10933735724885103	1
5250	0.060177485526590774	1
5251	0.032797461010499525	0
5253	0.06556605881521929	1
5254	0.302916590415031	1
5255	0.0408909315923727	1
5256	0.0657202949436758	1
5257	0.07777731377361556	1
5258	0.021724793374072533	0
5259	0.053957901727042734	0
5260	0.11007810258051956	1
5262	0.10857738967427773	1
5263	0.1805992095719975	1
5264	0.06256652388339806	1
5267	0.06838184295296998	1
5268	0.06773222131124626	1
5269	0.0783653162605708	1
5270	0.08955153771847613	1
5271	0.10024969385334613	1
5272	0.07481898966496002	1
5273	0.0502985037324721	1
5274	0.12195576408154855	1
5275	0.1790380105122472	1
5277	0.051673865644547484	1
5278	0.06891429069975914	0
5279	0.10826409371981073	1
5280	0.06173445580300965	1
5281	0.04408193164917279	0
5282	0.06826963659172816	1
5283	0.06773604864230888	1
5284	0.03206390373132592	1
5285	0.05287947865272994	0
5287	0.1465985797440194	0
5291	0.02345413015753886	0
5292	0.07043453078809507	1
5293	0.18156233262145924	1
5294	0.07253335710199363	1
5298	0.11453766930401428	1
5299	0.10736593691856702	0
5301	0.06926731273875301	1
5303	0.04164092435090021	1
5304	0.10553226670333607	1
5306	0.18527244382576108	1
5307	0.05720502422920697	0
5308	0.05137926249541128	0
5309	0.10939195738934382	1
5313	0.10905030831131908	1
5314	0.03644461198306846	1
5315	0.04927437149710032	1
5316	0.22851618315533803	1
5317	0.07864339290368401	1
5318	0.04299061949707321	1
5319	0.16861103501075064	1
5320	0.07591529047415453	0
5321	0.05506492138057192	1
5322	0.15984799033529462	1
5323	0.04385555251980662	1
5324	0.15436961399475432	0
5326	0.10269065937737323	0
5327	0.12170819652068443	1
5330	0.06636860903487618	1
5331	0.1255766292461367	1
5332	0.0457921772010814	0
5334	0.1213851968801803	1
5335	0.04364822113057383	0
5337	0.10218507799484228	1
5338	0.05045808335482669	0
5339	0.06388391957047443	1
5340	0.1030307074371104	1
5341	0.05134777798537024	0
5342	0.04395626495332047	1
5343	0.11889982767223868	1
5344	0.08173490538455153	1
5346	0.04416816595882867	1
5347	0.0611224761636579	1
5348	0.07177194566918625	1
5349	0.14183698987071905	1
5352	0.10902033486995613	0
5353	0.08194362514975014	1
5355	0.08370900936431888	1
5357	0.02686957345856196	0
5360	0.10801395344885988	1
5361	0.030030706003780782	0
5362	0.0191380986337088	1
5363	0.05988864977024565	1
5364	0.28661465728887914	1
5365	0.09069175588929898	1
5366	0.1121678439728953	1
5367	0.09280602123955567	0
5368	0.11327202883702832	0
5369	0.1224891436948262	1
5370	0.0821822829122171	1
5371	0.08719728276964382	1
5372	0.13913464221440602	1
5373	0.08981747108047165	0
5374	0.04970577671513075	0
5376	0.08881154192366628	1
5377	0.06883466549684081	1
5378	0.15670402942145786	1
5379	0.1089398658921363	1
5380	0.07645459274109473	0
5381	0.10253574769681928	1
5383	0.06527882347928192	1
5384	0.061908675512040434	1
5386	0.04838900427104635	1
5387	0.036902775376695375	1
5388	0.03127153184426172	0
5390	0.1034370408425741	1
5391	0.08384435259811028	1
5393	0.057514928150948115	1
5396	0.1276904583081354	0
5397	0.02308563597981476	0
5398	0.10024618041064937	1
5400	0.12548845755956822	0
5403	0.12424314533474586	0
5404	0.07800326078670294	1
5405	0.10119833068201446	1
5407	0.2887748421566456	0
5410	0.09190230475504338	0
5411	0.05412431656348336	1
5412	0.05483008208025115	0
5413	0.0650035547534491	0
5414	0.08890363441414746	1
5415	0.0825454110477208	1
5416	0.060224032236444576	1
5417	0.06341174187003906	1
5418	0.12216995514071215	0
5419	0.11459863677598355	1
5420	0.033308227641869866	1
5421	0.17081527406824035	0
5422	0.0645071509011537	0
5423	0.03896331056144247	1
5424	0.08541490668880214	1
5426	0.056542946629258614	1
5428	0.08880364425287272	1
5429	0.058595009330315424	0
5431	0.07535044991546391	1
5433	0.1391041602252108	0
5434	0.0856890037000101	0
5435	0.06106871186260824	1
5437	0.16147273487481506	0
5438	0.07465393639850926	1
5439	0.07929826858608233	1
5442	0.09288471493075763	0
5444	0.07540815744746437	1
5445	0.07095671782522192	0
5446	0.1465614656046417	1
5447	0.1430220097411394	1
5450	0.08765547613718888	1
5452	0.11652517310934625	0
5454	0.08714765168755757	1
5455	0.10125676037164023	1
5456	0.11975733999546573	1
5458	0.17622675555509426	1
5460	0.11453157980233072	1
5461	0.046599912024076144	0
5462	0.19443047209936487	1
5463	0.15193436368844204	1
5464	0.060652702512498886	1
5465	0.06303228768116237	1
5466	0.058280744656903125	0
5469	0.01152532836981537	0
5471	0.0752367099405589	1
5473	0.0726543034064278	1
5474	0.11616930534954725	1
5475	0.07744708848431682	0
5477	0.07679486608910133	1
5478	0.05396454025157395	1
5479	0.061887498278862176	0
5480	0.19683737148973776	1
5481	0.165284610477114	1
5483	0.08769071841815368	1
5484	0.15134704332515472	1
5485	0.08458987821435733	1
5486	0.08182441973385085	1
5487	0.14522276662731462	1
5488	0.04684177513440763	0
5489	0.15397634354858056	0
5491	0.08134504343565051	0
5492	0.07655569842161711	1
5493	0.05820070766083711	1
5494	0.18324084606790075	1
5495	0.05330606116091385	1
5496	0.060593731416052274	1
5497	0.09584914180698287	0
5499	0.09367999910662528	1
5501	0.0598729311313707	0
5502	0.057528395527577963	1
5503	0.05338868379922519	1
5504	0.0519883878608643	1
5505	0.08755451004371459	0
5506	0.07652681048112489	1
5507	0.06173447052165264	1
5508	0.0580618070984857	1
5509	0.07388571178036281	1
5511	0.1000586411182423	1
5512	0.16586710331422727	0
5513	0.10646185379914024	0
5514	0.10111283460945222	0
5515	0.06223720534391165	1
5516	0.08119890403784702	0
5517	0.08855713755907457	1
5519	0.09995332534067794	1
5520	0.045905544829017514	0
5521	0.037966632687807	1
5522	0.10566827319676513	1
5523	0.06150915755263151	1
5524	0.09457492389849118	1
5525	0.09929290336121717	0
5526	0.1092977149218848	1
5527	0.006707215191033533	1
5528	0.10503009725320094	1
5529	0.18026830935856028	1
5531	0.08125417436015303	0
5532	0.05912949905958929	1
5533	0.26288628889997073	1
5534	0.11586360192325836	1
5536	0.11065861145896927	1
5537	0.06028500067030395	1
5538	0.07680458895498317	1
5539	0.07303212546637339	1
5540	0.14827734842984336	1
5542	0.14062027665722246	0
5546	0.1163152489318469	0
5547	0.0444092012498459	1
5549	0.10005728134465648	0
5550	0.3186400418738522	1
5552	0.06751026771955408	0
5553	0.06253143397490303	1
5555	0.07571800805419196	1
5556	0.15492952297057389	0
5557	0.09743345715541614	1
5558	0.034363987577232635	0
5559	0.11205555330283327	1
5560	0.07529266088696449	1
5561	0.06742078668222341	1
5562	0.04336695773647619	0
5563	0.18047582538865875	1
5564	0.07715087128516536	1
5566	0.08576045623149314	1
5567	0.09247460358237426	1
5568	0.1858057522903135	1
5571	0.27047671509901594	1
5572	0.06484356406834896	0
5575	0.16508011664137	0
5578	0.28032840595469244	0
5579	0.058745535008114476	1
5580	0.07101944141558574	0
5582	0.19726146197011796	0
5584	0.26288628889997073	1
5585	0.07029109772897824	1
5589	0.03548329906970299	0
5590	0.1650970808828756	1
5591	0.06835173701428282	1
5592	0.08750446700730932	1
5593	0.05157753914324492	0
5594	0.010499326485744257	1
5596	0.06979855032967369	1
5597	0.11938420048493925	1
5598	0.13485745603233554	0
5599	0.11807201516325935	1
5600	0.0566727681065215	0
5603	0.04515851696654991	1
5604	0.08443976147453541	0
5605	0.09432636165948756	1
5606	0.04903448901932039	0
5607	0.13960580458140034	0
5608	0.08149731364265438	0
5609	0.1055533032729214	1
5610	0.03314775646503861	1
5611	0.026149375810289033	1
5612	0.04586234441151788	1
5613	0.04360344392974276	1
5614	0.1702773850048486	0
5617	0.14904700938055668	0
5620	0.2323435689433327	1
5621	0.1135071450528129	0
5624	0.049801801418508734	1
5625	0.11578357511876812	1
5626	0.15340704093098387	1
5627	0.05857189331138165	0
5628	0.06501730298204454	1
5629	0.19152180903655866	1
5631	0.14531321485080045	0
5632	0.11705475430177653	0
5633	0.02872131969924051	0
5634	0.047617420027177934	1
5635	0.11523974126671888	1
5636	0.1068469918656322	0
5637	0.09997570490098316	1
5639	0.09058141807020792	0
5640	0.07318429241317335	1
5641	0.10247968292586744	1
5642	0.05963619572027697	1
5644	0.057966064783803437	0
5646	0.04211483188647192	1
5647	0.027477205785860933	0
5648	0.04515348923049997	1
5649	0.032571717691705325	0
5650	0.08263701487121584	0
5651	0.024543679761410114	0
5652	0.09462973243192398	1
5653	0.06881536832158718	1
5654	0.06696259165243654	1
5657	0.02363230723388636	1
5658	0.03289776654637642	0
5661	0.06993754330452169	1
5662	0.07500870754773915	0
5663	0.08131147905447618	1
5664	0.029457373419702837	1
5665	0.014788169945983616	0
5666	0.07043669710560531	0
5667	0.08060145766461961	1
5668	0.09603266060191604	1
5673	0.05827656234806315	1
5674	0.05190102703056794	1
5675	0.1484855414125417	1
5676	0.1055979317898567	1
5677	0.07392091638612007	1
5678	0.054742265992245784	0
5679	0.02272689190176796	0
5680	0.05685690872059555	1
5681	0.04144572287874952	1
5682	0.07444175540648149	0
5683	0.13375975938378953	0
5685	0.03525524614494645	1
5686	0.07930726843868514	0
5687	0.08073529896842745	1
5689	0.0973685742981227	1
5690	0.1796019891432284	1
5692	0.07084812363135322	1
5693	0.11240128462192876	0
5695	0.05601889413705604	0
5697	0.050970845588428716	1
5698	0.11417058512349695	1
5699	0.15756806300193452	1
5700	0.05714335583067912	0
5701	0.10351028619965033	1
5702	0.12781936139494632	0
5703	0.0943666708394009	1
5704	0.08939493894191843	0
5705	0.056908593135667276	1
5707	0.09265201471290822	1
5709	0.0424350645716802	0
5710	0.06612007679748944	1
5711	0.05805986910893277	0
5712	0.12699328801967666	0
5713	0.10307237714282136	0
5714	0.07443660857812351	0
5715	0.06011649683059625	1
5716	0.10408243494711836	1
5717	0.01701999984130171	0
5718	0.09015064932850547	1
5721	0.14133095048076388	1
5722	0.02859466404180358	1
5723	0.051172621280868635	0
5724	0.048191585930162484	0
5725	0.06175341632399831	0
5727	0.07163806845209028	1
5728	0.20866641769582814	0
5729	0.10984807257349907	0
5730	0.0962265330498666	1
5735	0.0916720220159606	0
5736	0.019507441581187127	0
5737	0.2609714016208213	1
5738	0.10038236256963017	0
5739	0.06840741162284665	0
5740	0.07253335710199363	1
5742	0.11574871530882108	1
5743	0.08182779476736114	1
5745	0.09160855140861857	1
5746	0.10196650958545532	0
5747	0.06534595301518265	1
5748	0.11657352341086567	1
5749	0.057472009935383636	1
5754	0.05075949302665733	1
5755	0.06648770856136424	1
5756	0.0553287383910286	1
5757	0.10421207570511927	1
5758	0.06324989316677103	1
5759	0.12167613641174445	1
5763	0.10018928934592512	1
5764	0.05544912196091805	1
5765	0.07329557619506415	1
5766	0.06315592447332417	1
5767	0.05626539799106919	1
5768	0.06790623591244999	1
5769	0.18038157392954568	1
5770	0.06613814510171269	0
5771	0.06762217721399501	1
5772	0.1511800668282466	0
5773	0.16747426952794436	0
5775	0.1132949323726866	1
5776	0.02598374699782293	1
5777	0.023252735175713912	0
5778	0.2780178863331113	1
5779	0.08136092881148962	1
5780	0.1160630531882976	0
5781	0.07063129885762197	1
5782	0.07143149575760717	1
5783	0.06979855032967369	1
5784	0.08959907710274961	0
5786	0.07248821834699765	0
5787	0.07554099311481338	1
5788	0.06256809019028439	1
5789	0.07868420358911474	1
5791	0.12125838807237972	1
5792	0.06863404927880065	1
5793	0.041101145221652736	1
5794	0.2656115991056546	1
5795	0.12888960219865514	0
5796	0.04759845314709845	0
5797	0.1458921284811125	1
5798	0.03659738105980617	0
5801	0.10033359892237513	1
5802	0.3309952482586052	0
5803	0.058318732647305985	1
5804	0.04959978983390655	0
5805	0.12065040254082054	1
5806	0.047020186997705285	0
5807	0.03182209547492264	1
5808	0.0700162407391562	0
5810	0.1217819232802843	1
5811	0.07710151704234662	0
5812	0.04623376318852892	1
5813	0.028224060333258427	1
5816	0.0989843528587514	1
5817	0.0409029443189655	1
5818	0.12957147801110888	1
5820	0.06825897615305156	1
5821	0.07574828828370976	0
5823	0.08068022770756725	1
5824	0.016578004101809887	1
5827	0.07500870754773915	0
5828	0.06222560271381865	1
5829	0.10706601487551144	0
5830	0.09953461713006588	1
5831	0.1272742713861932	1
5835	0.10025033919294148	0
5836	0.11139181444016913	1
5837	0.18571082047845647	1
5839	0.09393041879505123	0
5841	0.07144186814340264	1
5842	0.14650272076607224	0
5843	0.13492274145158528	1
5845	0.14286200401618004	1
5846	0.13230070244266134	1
5847	0.09890841454014243	1
5848	0.13889550992296756	1
5851	0.029132758691390342	0
5857	0.2381665907055957	0
5858	0.11975733999546573	1
5859	0.05931269826077891	0
5860	0.0765254603324423	1
5861	0.11075022499335628	0
5862	0.07087721678158304	1
5863	0.18736917850149365	1
5864	0.09247683042320813	1
5866	0.059919870852474424	1
5867	0.13690827678586606	1
5869	0.10587208157811984	1
5872	0.12142334643460645	1
5873	0.11768445636758725	1
5874	0.06850339564374988	1
5879	0.09178699268976634	1
5880	0.119124299755551	1
5882	0.08995087315832205	1
5884	0.10998759571498083	1
5885	0.06250675011434334	1
5887	0.11594755414290432	1
5888	0.06167706507641396	1
5890	0.08169185019333611	1
5891	0.05852323284396201	1
5892	0.06992773943883641	0
5894	0.13113274316835513	1
5895	0.08111278137673547	1
5896	0.17943168736113654	1
5897	0.0952507355908232	1
5899	0.0747513241711994	1
5900	0.029545505505873974	0
5901	0.3427473130998468	1
5902	0.08549253068692278	0
5903	0.07305521771427008	0
5907	0.17209512070043034	1
5908	0.05161263454336097	0
5909	0.12709400081864675	1
5910	0.2091559334997288	0
5911	0.16846782305259814	1
5912	0.061834756422762475	1
5913	0.10904224872710068	1
5915	0.04904194827440452	0
5916	0.056215423550220314	1
5918	0.132798817710318	0
5919	0.19749364846521705	0
5920	0.13050710614557354	1
5923	0.08298483847924779	1
5924	0.05186537692456317	1
5925	0.07140746962856896	0
5926	0.13622633772281964	1
5929	0.04180372291825524	1
5930	0.09908616712960136	1
5933	0.10331045785995607	0
5936	0.08976664826362991	0
5937	0.07220518318818114	1
5938	0.04144205703021706	0
5939	0.1329015363264715	1
5940	0.032788837209444616	1
5941	0.07334268652665178	1
5942	0.03968092824768036	1
5943	0.09453380452383377	0
5944	0.21128422683174336	1
5945	0.06137027641557211	1
5946	0.12885936774434992	1
5949	0.034246104338238124	1
5950	0.06410556556846969	1
5951	0.021010246186319616	1
5953	0.1082509819307873	0
5954	0.08006057658308317	1
5955	0.04712352654654936	0
5957	0.09701202754255424	1
5958	0.05870130662657781	1
5959	0.12715643738645085	0
5961	0.15464584001040452	0
5962	0.08685192805619055	1
5963	0.06768261477668372	1
5964	0.060667353002263	0
5965	0.041693357159749166	1
5966	0.12680026403406466	1
5969	0.16401528671804907	1
5970	0.2230911425516252	1
5972	0.07454057246298293	1
5973	0.053325166444338185	0
5975	0.1282711196613584	0
5976	0.07675382755649181	0
5977	0.11521204949664555	1
5978	0.03785433765069015	1
5979	0.05523461875369968	0
5982	0.026644364294972345	1
5983	0.10462329269808504	1
5985	0.12767548084799893	0
5986	0.18950536454076367	1
5988	0.08166125778400762	1
5989	0.06994788220266265	1
5991	0.07634588422918141	1
5992	0.04325268144764682	1
5993	0.2012214554871625	1
5994	0.04427576066655135	0
5995	0.10216790364938233	1
5996	0.1208247598125148	1
5998	0.05964228149615355	1
5999	0.060798511517860726	1
6000	0.13960580458140034	0
6001	0.07611517381887073	1
6004	0.09230915176777812	1
6005	0.07662572800571768	1
6007	0.06288301058363005	1
6008	0.18261255601915824	1
6011	0.05692205424884352	1
6012	0.026511775341110683	0
6013	0.0935732314397316	1
6015	0.06885163704159576	1
6017	0.09046051639425616	0
6019	0.05200881883039134	1
6021	0.08122812251848527	1
6022	0.06193327085371485	1
6023	0.10399442789453707	1
6024	0.13230070244266134	1
6025	0.07512987639871424	1
6026	0.06718127104446295	1
6027	0.14656169273416414	1
6028	0.058224593380646776	1
6029	0.2094178724182402	1
6031	0.10702785951781332	1
6032	0.2253605637831364	1
6034	0.03269318175747217	0
6035	0.0489256406867712	0
6036	0.08760529184520761	1
6037	0.0330458299142342	1
6038	0.09024484042353699	1
6039	0.06931682472480682	1
6040	0.03720957368367751	0
6041	0.03955051953009445	0
6042	0.04025063267305497	1
6043	0.0643085515435792	0
6044	0.05464386736166912	1
6046	0.14626504747585078	0
6047	0.028335404407762964	1
6048	0.09113075912594948	1
6049	0.0925276434182858	1
6051	0.13602057711135684	1
6053	0.0954834060772202	1
6054	0.05391059373871205	1
6055	0.04170108162115533	0
6056	0.12850225398313314	1
6057	0.08569519416831324	0
6059	0.09905661793356353	0
6060	0.06612393915270959	1
6061	0.11100148826999716	0
6062	0.1144307268755448	0
6063	0.09072880296707414	1
6064	0.1856446604242095	1
6065	0.08013394600417731	0
6066	0.07140690781015338	1
6067	0.13306672397834593	0
6068	0.08521593325723884	1
6069	0.11380446035378602	1
6071	0.060850804747850026	0
6072	0.17666988447517612	1
6073	0.1456964293455614	1
6074	0.01149167792815406	1
6076	0.029238777203992393	0
6078	0.06882828173371416	0
6079	0.08077567378422612	1
6080	0.1482747500751176	1
6083	0.035322529095540525	1
6085	0.18610261893670188	1
6086	0.14680954332574025	1
6089	0.12885405286710694	1
6090	0.05363480167943512	0
6092	0.08378306552062825	1
6093	0.05157753914324492	0
6095	0.03400442259218325	1
6096	0.07785241432551224	1
6097	0.03347643473451569	1
6098	0.0777346752850997	0
6100	0.09139567289346053	0
6101	0.3431911209797083	1
6102	0.06294380446525026	0
6103	0.14193515952469424	0
6104	0.08833449979592888	0
6106	0.09812546072609801	1
6108	0.058893063347252625	1
6109	0.04057431196224747	1
6110	0.07882555399394699	1
6111	0.12537634216788912	0
6112	0.08221887264824522	0
6113	0.2537712127695566	1
6114	0.08882810178687353	1
6115	0.0519710873235144	1
6116	0.04999921153090131	1
6117	0.1577051487934689	1
6118	0.09869005446633004	0
6119	0.06821087027908708	1
6120	0.05263952501033936	0
6122	0.04415400469172607	1
6123	0.08862242395699184	1
6124	0.14202320460695791	1
6125	0.048990878607694514	1
6126	0.08639136421066981	0
6127	0.05160886922495068	1
6128	0.08735707120054087	1
6129	0.060068400569686826	1
6131	0.06195071200518953	0
6132	0.030537085979343057	1
6133	0.041562894211843115	1
6134	0.09298841344075208	0
6136	0.0662938218271431	0
6137	0.11026430832276632	1
6138	0.04495013737965951	1
6139	0.05065555863207485	1
6140	0.08575779817749046	1
6141	0.0664181709394011	1
6143	0.07988276031781051	1
6144	0.0893297010832115	1
6145	0.06774029610251397	1
6148	0.0862676013429733	1
6149	0.13281832275313696	1
6150	0.11004679714777013	0
6151	0.11848076344585552	1
6154	0.0712675093365518	1
6155	0.11038806774990338	1
6156	0.039382897229415535	1
6157	0.056975468691668765	0
6158	0.07388571178036281	1
6161	0.07985065600011136	1
6163	0.04480748586637015	1
6164	0.07148700299379225	1
6165	0.026246646097778804	1
6166	0.131955096983145	1
6168	0.08643314564796728	1
6169	0.04371493640423762	0
6170	0.04661240165763051	1
6171	0.11699638526440805	1
6174	0.07591529047415453	0
6178	0.025769544116144703	1
6181	0.050602169215288886	0
6182	0.06123252639432286	0
6183	0.10868230803105244	1
6184	0.18655765955076248	0
6185	0.1951093304520793	0
6186	0.1319987714480907	0
6187	0.04969965023912064	0
6188	0.04301532852257836	1
6189	0.09111422617633083	1
6190	0.02969363468473035	1
6191	0.05731392398642055	1
6192	0.032157879015492004	0
6193	0.0734652626008646	1
6194	0.030452195805163187	1
6195	0.1813461305018828	0
6196	0.12329341385785965	1
6197	0.11447201260985088	1
6198	0.024136368695790368	1
6199	0.06822869656974405	1
6200	0.041047186657423976	0
6201	0.12068026461462696	1
6202	0.07810777388825113	1
6203	0.139965825083018	1
6204	0.04759685305585884	0
6205	0.0637063739592048	1
6206	0.035655901402064295	0
6208	0.039611132111959435	0
6209	0.2866524827971848	1
6210	0.09497596112513987	1
6213	0.11007810258051956	1
6215	0.15514148923989318	1
6216	0.07236437389766262	1
6217	0.04214411145346917	0
6219	0.2545727290132825	1
6220	0.027021772307060314	1
6222	0.06652035564639956	1
6223	0.0893569452003315	1
6224	0.05230845349734044	1
6225	0.07106007375263097	1
6226	0.197005052245756	1
6227	0.08323847493005827	0
6228	0.05094723895015011	0
6229	0.09314153568572446	1
6230	0.0800071672929504	0
6231	0.05890696577639117	0
6232	0.07443419501567226	1
6235	0.16740027751844172	0
6236	0.0812112562281091	0
6237	0.09072880296707414	1
6238	0.06054841471549492	1
6239	0.11934874034160173	1
6243	0.1513255207812255	1
6244	0.1036732696174965	1
6245	0.08422602918485975	0
6247	0.1046731429557832	1
6248	0.056598852533952665	1
6249	0.05789149759781403	0
6250	0.08982783612895084	0
6251	0.11007917861703588	0
6252	0.14987202174197667	1
6253	0.13630804662566734	0
6254	0.09576293633235487	1
6255	0.20327104596969325	0
6256	0.07364784280415948	0
6257	0.09841544746232797	0
6258	0.12847327434208125	1
6260	0.1015482531155851	0
6265	0.04722887229644658	0
6266	0.1205117185131818	0
6268	0.12252363810598416	1
6269	0.04515750491472242	0
6271	0.21607573505727407	1
6272	0.10252604292448804	1
6273	0.07245528531290882	1
6274	0.03681007865189317	0
6275	0.0768700076694346	1
6276	0.03491347298991068	1
6278	0.07967583242735346	0
6279	0.04990260393230755	1
6280	0.16801253678894268	1
6281	0.09442039068227466	0
6282	0.06650229391352115	0
6283	0.08748233449195031	0
6284	0.05932295155261238	0
6286	0.06721675865204448	1
6288	0.17419323238504053	1
6289	0.09069629674888452	0
6290	0.03752706363986793	1
6291	0.056108396970159236	1
6293	0.04863150275645727	0
6294	0.06806029739034526	0
6295	0.05622873410758961	1
6296	0.09936700466901437	1
6297	0.06436526024320811	0
6298	0.03792460965077462	1
6299	0.09346738769018044	0
6300	0.07322026259819177	1
6302	0.1950719338142212	1
6303	0.13938365691229854	0
6304	0.0976122360320692	1
6305	0.18981321064501516	1
6306	0.15555835514305474	1
6307	0.1368713805689054	1
6308	0.10980850688060156	1
6309	0.240136013730658	1
6310	0.07091813972715118	1
6311	0.04244998010409801	1
6313	0.09004906342160393	0
6314	0.13755458092102787	1
6318	0.1547132169802409	1
6319	0.03543544845490773	1
6321	0.07842594978185187	1
6322	0.05513668910567917	1
6323	0.03498489945781464	1
6324	0.10907469868165304	1
6325	0.050219753378351835	0
6326	0.047959741846168434	1
6327	0.1282906326005287	1
6328	0.05477946255604242	1
6329	0.07798531633438642	1
6330	0.059385230617481986	0
6331	0.09184896642611452	0
6332	0.08780297769226504	1
6333	0.18555795098399905	1
6334	0.05913310814794288	1
6335	0.07371862206113358	1
6336	0.1259156753369169	1
6337	0.07306591297790438	1
6338	0.08042506699964819	1
6340	0.038667000036048414	1
6341	0.1531873090140458	1
6342	0.031852883144718985	1
6343	0.07974979994576344	1
6344	0.04769353372130125	0
6346	0.22175469066840994	1
6347	0.039968281432326835	0
6349	0.06336635715125168	1
6350	0.0610143547840806	1
6351	0.11469794221729157	1
6353	0.06923254169124413	0
6354	0.07929013934517005	1
6355	0.09743345715541614	1
6356	0.06885332785983213	0
6357	0.10961611885761244	1
6358	0.02791498646291746	0
6359	0.06499785171934007	0
6360	0.17046185746064446	1
6361	0.13327792996945875	0
6362	0.0746041339374375	1
6364	0.12179710957031188	0
6365	0.11782342625194232	1
6366	0.06894885259420852	0
6367	0.03342339248273974	1
6368	0.15854720001871447	1
6369	0.1502925541915308	1
6371	0.02558216275670875	1
6372	0.12398041090576845	1
6373	0.0897718705124904	1
6374	0.07176253481530523	0
6375	0.010776618619940134	1
6376	0.08257454311941037	1
6377	0.10917988934392543	0
6378	0.09335881453557382	0
6379	0.1361148833123122	1
6380	0.0472159698234265	1
6381	0.16521686416238776	1
6382	0.03855187060105277	0
6383	0.12075020184582058	1
6384	0.03638544403499328	1
6386	0.026668864484094945	0
6387	0.06748850983723602	1
6388	0.09407280048981716	0
6389	0.04835733448307563	1
6391	0.14638346942814714	0
6392	0.09476741243627836	1
6393	0.0824269023524106	1
6395	0.07544950182187989	1
6396	0.045194103924956916	0
6398	0.16129427937188326	1
6399	0.07379318151055371	1
6401	0.09271501460278636	0
6404	0.11558397030819112	0
6406	0.07450088070500523	1
6407	0.0777780184319598	1
6408	0.05408512766859106	1
6409	0.09070334634324133	0
6410	0.09717520425491913	0
6411	0.11718174885343165	1
6413	0.04313054071639675	0
6414	0.09953594606944878	1
6415	0.10207431159925168	1
6416	0.08154508774428597	0
6417	0.03902740556694776	0
6418	0.1021262830658164	0
6419	0.11520463318820635	0
6421	0.11703212307893668	1
6422	0.08166291271346575	1
6424	0.13262817586138198	1
6426	0.18970987637199552	1
6427	0.03548043128704133	0
6428	0.14479649924616173	1
6429	0.0760012036281832	1
6430	0.10919884120285588	1
6432	0.046064649907542984	1
6433	0.12522341810544568	1
6434	0.10559322388765108	1
6437	0.036243581990890776	0
6438	0.096050704321579	1
6439	0.0580618070984857	1
6440	0.0947976032449094	0
6441	0.038026785241086734	1
6442	0.130780210617625	1
6443	0.048358614250864136	0
6444	0.07930112347073041	1
6445	0.07177194566918625	1
6446	0.08092008681631907	0
6448	0.13921419549908062	1
6452	0.06832240992441119	0
6453	0.05265257887904845	0
6454	0.04890063778563696	1
6455	0.09113075912594948	1
6458	0.09932529368046256	0
6459	0.07542763089977883	1
6461	0.16567940659418198	1
6462	0.16567940659418198	1
6463	0.03746867527890088	1
6464	0.07154333799266004	0
6465	0.15232871976306378	1
6466	0.07598929965550345	1
6467	0.06398806333235148	0
6468	0.14142573519001767	1
6469	0.06810904403756493	1
6470	0.12536333980068368	1
6471	0.2147746528218041	1
6472	0.04100965336546302	0
6473	0.031143853150426063	0
6475	0.0672653341395911	1
6477	0.12987343031312584	1
6478	0.17707819587402676	1
6479	0.29933961339881265	0
6480	0.12986243847355436	1
6482	0.25100492113745393	0
6483	0.11307597197484134	0
6484	0.11746857871369915	1
6486	0.08643314564796728	1
6487	0.1445619214105308	1
6489	0.056718564717200916	1
6490	0.06489981614786906	1
6491	0.09470868542952396	1
6492	0.06769362096419085	1
6493	0.03910103915443714	1
6494	0.0704310715354905	1
6495	0.0988017182105399	1
6497	0.05054616064459635	1
6499	0.06742667015766679	1
6501	0.053459643360465256	1
6502	0.041592196622723766	1
6503	0.09408621381064	0
6505	0.08018275611004329	1
6506	0.09822765618343952	0
6508	0.05687833082976605	1
6510	0.04655076383964375	1
6511	0.08041170325340942	1
6512	0.09586939100916796	1
6513	0.10269504199252698	1
6514	0.07455006323896833	0
6515	0.11248951327415624	1
6516	0.07674326944901648	0
6517	0.0383773711963398	1
6519	0.1513817781094422	0
6520	0.037447839852415926	1
6521	0.06742078668222341	1
6522	0.06822718375654907	0
6523	0.07833716491095655	1
6524	0.09005966991485828	0
6525	0.09165866878120713	1
6529	0.10887253797012272	0
6531	0.2370833358338046	1
6532	0.08950933723143206	0
6533	0.030211692450886188	0
6535	0.03455289506111034	1
6537	0.16116652296456382	1
6538	0.12574755203012258	1
6539	0.04086411071001121	1
6540	0.04658825879261305	1
6542	0.14486464479035804	1
6543	0.07815736230370453	1
6544	0.08234228454755399	1
6545	0.07047388754616173	1
6546	0.12093335286004844	1
6547	0.11180584914762744	0
6548	0.12939214915586214	0
6549	0.03900900489581917	0
6550	0.05907379761339445	1
6551	0.025057326914814014	0
6552	0.15298300955174945	1
6553	0.05691642244821692	0
6555	0.05364886981063908	1
6556	0.05683689041248241	0
6558	0.04199957910140237	0
6559	0.07722829451152853	1
6560	0.14910137095552484	0
6562	0.07439088842434942	0
6563	0.14952918809613616	0
6564	0.11240128462192876	0
6565	0.03377035571293531	1
6567	0.07435106365051601	0
6568	0.0800146451188805	1
6570	0.2024326632739338	0
6571	0.14101481561073534	1
6572	0.13862262703048994	1
6573	0.057529616250139776	0
6574	0.14647535647358775	1
6575	0.061478574122938875	1
6579	0.3768011511925186	1
6580	0.1937025218561429	1
6582	0.11208131060796173	0
6583	0.08289630772169773	1
6584	0.1422530015570744	1
6585	0.18426257610092986	0
6586	0.12435472176158205	1
6587	0.08953253756655513	1
6588	0.07435106365051601	0
6589	0.12854236450002265	1
6590	0.0952507355908232	1
6591	0.14450590737938082	1
6592	0.06580584030385014	1
6593	0.11084825698066088	1
6594	0.13899982906404132	1
6595	0.06412354202291118	1
6596	0.09603687355289417	1
6599	0.10148152534870512	1
6600	0.07693052969497619	1
6601	0.03536689638225484	1
6602	0.024873760369063958	1
6603	0.13240871801520168	1
6604	0.12459373999856815	1
6605	0.10812840679731484	1
6606	0.10628858182662468	1
6607	0.20490535186413103	1
6608	0.08465341045844321	0
6609	0.05232226105639417	1
6610	0.15344709588144778	1
6612	0.05477256707689143	1
6613	0.1743242701151488	1
6614	0.09397479328700684	0
6616	0.17955459315878136	1
6617	0.09574768599577403	1
6618	0.1508967373892478	1
6619	0.0861749109689409	1
6620	0.1473741077556146	1
6621	0.03692700506751724	0
6622	0.08004505960078886	1
6623	0.14346470310092618	0
6624	0.1239065348412271	1
6625	0.08062140725970587	1
6626	0.10585830041342552	1
6627	0.29933961339881265	0
6628	0.06730622565524656	1
6630	0.07353358722327999	1
6631	0.06430681901097406	0
6632	0.10185250750924912	1
6634	0.19711966807094514	1
6635	0.044101042882548895	0
6636	0.0970844266553771	0
6637	0.11439365608457185	1
6638	0.022838825950779625	1
6639	0.11208339496415456	0
6640	0.12033609154467954	1
6642	0.2797185613891556	0
6643	0.04934028616413	1
6645	0.04770015211675716	0
6646	0.06987007785536417	1
6647	0.05065881958813693	1
6648	0.16204778231909495	1
6650	0.048688233677398725	1
6652	0.11670038539643772	1
6653	0.07704142990858158	1
6654	0.08924123101367505	0
6655	0.19317708109097007	1
6656	0.0875037159536677	1
6658	0.08626023838518758	1
6659	0.06222087029279361	1
6660	0.04011431544972804	1
6661	0.07301130342536599	1
6662	0.11462506062537615	1
6663	0.18655765955076248	0
6664	0.29645791923855674	1
6665	0.11889982767223868	1
6666	0.04717135625702328	1
6667	0.13292194380300004	0
6668	0.08359173981923022	1
6670	0.21090517483357354	0
6671	0.07775727077184899	1
6672	0.12024236796552255	0
6673	0.1706252323402445	0
6675	0.2292135040949857	1
6676	0.09277000599500676	1
6678	0.03527418042639373	0
6679	0.06309432399968264	1
6681	0.05107749707272509	1
6682	0.08863787077190068	1
6683	0.0961126237076901	1
6685	0.07866651510884398	1
6686	0.03247497673524055	1
6687	0.06168200614028376	1
6688	0.1075928726044276	0
6690	0.10639050217529744	0
6691	0.056598852533952665	1
6692	0.045969681958881264	1
6693	0.09916077611958986	0
6694	0.08963441695834133	1
6696	0.09764987503363927	1
6698	0.0698909038643822	0
6700	0.1098778282399694	0
6701	0.02860596968983149	1
6702	0.12938030349305996	1
6703	0.05454538550827953	1
6704	0.11632783981250155	1
6705	0.07029109772897824	1
6706	0.08139511519203294	1
6707	0.08962238616848811	1
6708	0.09131665140726963	1
6709	0.04515210051128984	1
6710	0.06298403600318518	1
6713	0.03918769364910733	1
6714	0.17969167755427795	0
6715	0.058421701130936386	0
6719	0.037615404241411465	1
6720	0.030894668220363818	1
6723	0.03361108771850555	0
6724	0.055086968545097384	0
6725	0.0934944225300748	1
6726	0.07957601299443103	1
6727	0.059484394798916276	1
6730	0.3865453928567089	1
6731	0.09801168699227343	0
6735	0.15615985857040635	0
6736	0.05096397994679423	0
6737	0.04688830156731878	1
6738	0.08125793271300093	0
6739	0.062075276008857774	1
6740	0.1657312795899646	1
6741	0.09701202754255424	1
6742	0.12459290824839568	1
6743	0.10134754892054533	0
6744	0.08426680358316782	1
6745	0.06537168014530499	0
6746	0.1547328787368512	1
6747	0.05057491079585948	1
6748	0.06494521527268662	1
6749	0.10643634745872707	1
6750	0.09105342116629622	1
6751	0.05200435506923086	0
6753	0.09941361567683044	1
6754	0.10834122213624373	1
6756	0.06294380446525026	0
6757	0.08184024262613053	1
6758	0.06873441529537459	1
6759	0.04025063267305497	1
6760	0.08752437227788082	1
6762	0.07825644702331244	1
6763	0.045198662028037385	1
6764	0.08273978629091745	0
6765	0.05123190123599298	1
6767	0.08974687495978885	0
6768	0.09499120178251266	0
6770	0.044844004335832285	1
6771	0.08640996558055129	1
6772	0.10803084843188268	0
6773	0.1308245567088448	1
6775	0.10376469099405017	1
6777	0.10119833068201446	1
6778	0.07071875158734839	0
6779	0.09038111827508176	1
6780	0.16256856993015945	1
6781	0.06942073802529201	0
6782	0.039757794864198566	0
6783	0.03872333182350096	1
6786	0.09288110529389144	0
6788	0.09172672282519924	1
6789	0.06556441745827331	1
6790	0.059385230617481986	0
6791	0.06724953924851045	1
6792	0.06546051730185444	0
6793	0.0570627992344656	1
6794	0.11576889021378844	1
6795	0.07758497714673437	0
6797	0.08879024311045583	1
6798	0.029102240989864143	1
6799	0.032778003988834715	0
6800	0.05839386405589505	1
6801	0.0496554955999596	1
6802	0.05736209863946917	1
6804	0.05798231960214095	0
6805	0.00902225281562823	0
6806	0.067162165166787	1
6807	0.04681028094130309	0
6808	0.06660449688582054	1
