cand id	similarity score	R score	P score	score
0	0.87308854	0.8719703	0.8742096	0.6
1	0.8825213	0.88878614	0.8763441	1.0
2	0.8833172	0.90051425	0.8667645	0.4
3	0.9120352	0.91330713	0.9107667	1.0
4	0.86680585	0.8816541	0.8524495	0.4
5	0.8565865	0.85452414	0.8586588	0.4
6	0.9053069	0.90546507	0.9051488	1.0
7	0.8697698	0.85462666	0.8854593	-0.2
8	0.8824424	0.8917551	0.87332225	0.6
9	0.85659987	0.84672743	0.8667053	-0.2
10	0.87543935	0.85402125	0.89795935	0.8
11	0.84662	0.8357255	0.85780233	0.8
12	0.8828267	0.8814093	0.8842486	0.0
13	0.8633043	0.8685612	0.8581107	0.4
14	0.8377514	0.834342	0.8411887	0.8
15	0.83047533	0.8234228	0.8376497	-0.4
16	0.87789303	0.9117001	0.84650344	0.0
17	0.854593	0.86353797	0.8458314	-0.4
18	0.8534685	0.85533786	0.8516073	0.8
19	0.84154344	0.8481197	0.83506835	-0.4
20	0.83865505	0.82720953	0.85042167	0.2
21	0.8687949	0.8802736	0.8576118	0.0
22	0.86601174	0.8791697	0.85324174	0.0
23	0.85647005	0.8638886	0.84917784	0.2
24	0.88194823	0.9040749	0.8608789	0.2
25	0.8509157	0.8546439	0.8472198	0.2
26	0.8663132	0.85480523	0.8781353	0.2
27	0.8817968	0.89516795	0.8688193	0.8
28	0.85071623	0.8547743	0.84669656	0.8
29	0.86726373	0.86394125	0.87061197	-0.4
30	0.8524939	0.8469422	0.85811883	0.8
31	0.8735356	0.8814918	0.86572176	0.6
32	0.836576	0.8354927	0.83766204	0.4
33	0.867028	0.87150466	0.8625971	0.4
34	0.8695602	0.879151	0.8601764	0.6
35	0.85779667	0.83064187	0.8867869	-0.2
36	0.8866606	0.90280306	0.8710853	1.0
37	0.8294504	0.82532305	0.83361936	-0.2
38	0.87189853	0.86869353	0.8751273	0.6
39	0.83578473	0.83736163	0.8342138	0.4
40	0.8735797	0.8836168	0.86376816	0.0
41	0.86142534	0.8798507	0.8437558	-0.2
42	0.9197669	0.9241607	0.9154147	1.0
43	0.86363834	0.8680823	0.8592396	1.0
44	0.8959945	0.9034297	0.88868064	1.0
45	0.88041383	0.89087504	0.87019545	0.8
46	0.8677592	0.8828507	0.8531751	0.8
47	0.81317496	0.8186363	0.8077859	-0.2
48	0.8783534	0.8691829	0.8877196	0.6
49	0.8767034	0.88391626	0.86960727	0.8
50	0.89320487	0.9105712	0.87648845	0.0
51	0.8782526	0.8789467	0.87755954	0.6
52	0.8637346	0.86074394	0.86674607	0.0
53	0.880988	0.8664279	0.89604574	1.0
54	0.864694	0.89123905	0.8396844	0.6
55	0.86691326	0.8714964	0.8623782	0.0
56	0.86338186	0.84341353	0.88431877	0.6
57	0.8571588	0.8444547	0.8702508	0.4
58	0.83350146	0.8242334	0.8429803	0.8
59	0.8733282	0.8776854	0.869014	1.0
60	0.84818757	0.828421	0.86892045	0.4
61	0.8520497	0.8683019	0.83639455	0.6
62	0.8572429	0.88057953	0.83511126	0.2
63	0.85381895	0.87436044	0.8342204	0.2
64	0.9001885	0.9061115	0.8943426	1.0
65	0.8908086	0.8833136	0.89843184	0.4
66	0.8565124	0.84809697	0.8650967	0.2
67	0.9030259	0.89914703	0.9069384	1.0
68	0.8641803	0.87812126	0.85067505	0.4
69	0.8376442	0.83381	0.8415139	0.4
70	0.8956524	0.8928426	0.89848006	1.0
71	0.85521954	0.8411662	0.86975044	0.0
72	0.82072634	0.82285166	0.818612	0.6
73	0.8437855	0.83562267	0.85210943	0.6
74	0.8725411	0.8900991	0.8556624	0.6
75	0.88066196	0.888388	0.87306917	0.8
76	0.83654433	0.8642701	0.8105421	0.6
77	0.8658184	0.870529	0.86115855	0.2
78	0.8578763	0.859044	0.8567118	0.0
79	0.8462979	0.86424845	0.82907784	0.4
80	0.8755715	0.88742	0.8640351	0.6
81	0.8894969	0.8986091	0.88056767	0.8
82	0.86876994	0.87818	0.8595593	0.8
83	0.86215883	0.8960361	0.83074987	0.4
84	0.8105702	0.8021222	0.8191979	0.2
85	0.8512742	0.8614158	0.8413686	0.6
86	0.8895462	0.8991357	0.8801592	-0.2
87	0.8773625	0.8472286	0.90971905	-0.6
88	0.7991261	0.8056953	0.7926633	-1.0
89	0.90986097	0.89521056	0.92499894	0.0
90	0.8759263	0.87625176	0.87560105	0.2
91	0.8732604	0.8642645	0.8824456	0.4
92	0.8761194	0.89716285	0.85604054	0.4
93	0.83910197	0.8411372	0.83707654	0.0
94	0.87845933	0.880597	0.87633204	-0.2
95	0.8435123	0.85866654	0.8288836	-0.6
96	0.87065053	0.87299275	0.8683208	0.2
97	0.8870053	0.90494835	0.8697601	-0.2
98	0.9125553	0.91131604	0.9137978	0.4
99	0.8797914	0.8827966	0.8768065	0.8
100	0.84736377	0.84840924	0.8463208	0.2
101	0.86526006	0.87147856	0.85912967	0.0
102	0.90061677	0.929464	0.8735062	1.0
103	0.885868	0.9124533	0.8607881	0.5
104	0.88587886	0.8827244	0.88905597	-0.5
105	0.8862771	0.9039737	0.8692601	0.0
106	0.8780904	0.8736207	0.88260597	0.5
107	0.84963256	0.85488117	0.844448	0.0
108	0.8767952	0.88457525	0.86915076	0.5
109	0.8801984	0.89563483	0.86528504	0.0
110	0.8684437	0.8587783	0.8783292	1.0
111	0.83056456	0.82294565	0.83832574	0.0
112	0.8556135	0.8767526	0.83546984	1.0
113	0.8915105	0.9024324	0.8808499	0.0
114	0.8714083	0.88097495	0.8620472	0.0
115	0.8861189	0.87603694	0.89643556	0.5
116	0.89682585	0.9084884	0.88545895	0.5
117	0.8738447	0.8599279	0.88821936	0.0
118	0.86350524	0.8713515	0.8557991	0.0
119	0.87803364	0.90606654	0.85168344	0.0
120	0.8547303	0.8750948	0.8352921	0.0
121	0.83682185	0.8458758	0.8279597	-1.0
122	0.88193405	0.8864524	0.87746155	0.0
123	0.8984239	0.9070333	0.8899764	0.5
124	0.8472899	0.8534873	0.8411819	0.5
125	0.86116576	0.8622277	0.86010647	0.5
126	0.8348329	0.82232565	0.8477266	0.0
127	0.8597991	0.87026006	0.84958667	0.0
128	0.8478153	0.8382985	0.8575506	0.5
129	0.8838285	0.8890544	0.8786638	1.0
130	0.84881	0.874263	0.8247971	0.5
131	0.9013568	0.9026527	0.9000646	0.0
132	0.8581767	0.8832406	0.83449614	-0.5
133	0.82030797	0.80421734	0.8370557	-1.0
134	0.8917668	0.8876225	0.89594996	0.5
135	0.8718868	0.85527396	0.8891578	0.0
136	0.8417196	0.8447072	0.83875316	0.0
137	0.8733619	0.8936738	0.85395277	0.5
138	0.83660847	0.8309984	0.8422949	-0.5
139	0.85368663	0.85638857	0.85100156	0.0
140	0.86992633	0.86093247	0.87911004	0.5
141	0.8565775	0.84303874	0.8705582	1.0
142	0.8329846	0.8360573	0.8299344	-0.5
143	0.89162093	0.90829295	0.87555	1.0
144	0.8663192	0.89673746	0.8378968	1.0
145	0.93298596	0.94936776	0.91716	0.5
146	0.84711856	0.86393404	0.8309451	-0.5
147	0.94532573	0.94109	0.9495997	1.0
148	0.87182057	0.87051463	0.8731304	-0.5
149	0.87419045	0.8803099	0.8681554	0.5
150	0.8801402	0.8841554	0.8761612	0.0
151	0.8647607	0.86913913	0.86042607	0.0
152	0.87027395	0.8744884	0.86609995	0.5
153	0.88094944	0.8854785	0.8764665	1.0
154	0.84543544	0.8941121	0.8017851	0.5
155	0.89075893	0.90111166	0.8806414	0.0
156	0.8636251	0.8787112	0.84904826	0.0
157	0.8642132	0.8700145	0.8584888	-0.5
158	0.8967819	0.88739055	0.9063741	0.0
159	0.85582423	0.84992945	0.8618013	0.0
160	0.87546855	0.85885	0.8927429	0.0
161	0.8224054	0.8177966	0.8270665	0.0
162	0.8821999	0.8837688	0.8806366	0.0
163	0.8613472	0.8583108	0.86440516	0.5
164	0.85271317	0.8468062	0.858703	0.5
165	0.88481116	0.9025512	0.867755	0.0
166	0.90696794	0.92693603	0.8878419	0.5
167	0.85032964	0.85588527	0.8448456	-0.5
168	0.8691746	0.85091853	0.88823116	-0.5
169	0.9013365	0.90392315	0.89876467	0.0
170	0.8637834	0.8605105	0.8670813	-0.5
171	0.8688162	0.87095445	0.8666885	0.0
172	0.87848663	0.89805317	0.8597545	1.0
173	0.8955776	0.88209915	0.9094744	0.0
174	0.8945263	0.9044477	0.88482016	0.5
175	0.8895635	0.8949301	0.88426083	0.0
176	0.8464244	0.8434745	0.84939504	0.5
177	0.85598856	0.84707016	0.8650968	-0.5
178	0.87563556	0.87590325	0.875368	0.5
179	0.86356616	0.8926766	0.8362943	0.5
180	0.8835831	0.86757284	0.9001954	1.0
181	0.86404335	0.867398	0.8607145	0.5
182	0.8916469	0.91602874	0.86852944	0.0
183	0.8202218	0.830757	0.8099504	-0.5
184	0.8480091	0.84468937	0.8513551	0.0
185	0.859068	0.88799703	0.8319644	-1.0
186	0.87670606	0.8812998	0.87215996	0.5
187	0.8701808	0.8783499	0.86216223	0.0
188	0.8663445	0.8584357	0.8744005	0.5
189	0.8070926	0.7977626	0.81664336	-0.5
190	0.8572427	0.86661714	0.84806895	1.0
191	0.85835475	0.8480557	0.8689069	0.0
192	0.88849986	0.9032236	0.87424845	0.0
193	0.875291	0.8761535	0.8744301	0.0
194	0.8518616	0.8547284	0.8490139	-0.5
195	0.844456	0.8456038	0.84331125	0.5
196	0.8563791	0.85013837	0.8627122	0.5
197	0.87207574	0.8736266	0.8705305	0.0
198	0.8545103	0.85500693	0.85401434	-1.0
199	0.85357004	0.84577024	0.861515	0.0
200	0.8395191	0.88730806	0.7966147	-0.5
201	0.8607711	0.857613	0.8639526	0.0
202	0.8455872	0.8555754	0.8358296	0.0
203	0.86612695	0.88329756	0.8496113	-0.5
204	0.88960737	0.8993633	0.88006085	0.5
205	0.8830588	0.91820765	0.8505017	0.0
206	0.87633175	0.89008373	0.8629981	0.0
207	0.84232	0.8424091	0.8422309	-0.5
208	0.859179	0.86175936	0.8566141	0.5
209	0.8402299	0.8279061	0.85292614	0.5
210	0.8741931	0.8890373	0.8598364	-0.5
211	0.8321297	0.8405542	0.82387245	0.0
212	0.8653513	0.8621873	0.8685385	0.0
213	0.8468655	0.8521592	0.8416372	0.5
214	0.8361208	0.83104426	0.8412597	-1.0
215	0.8650919	0.8490467	0.8817553	0.5
216	0.8271036	0.82414097	0.83008766	-0.5
217	0.8519678	0.83868605	0.86567694	0.0
218	0.86285824	0.8441059	0.88246274	1.0
219	0.85718197	0.84804946	0.86651325	1.0
220	0.85912484	0.8441842	0.87460375	0.0
221	0.8882149	0.8782494	0.8984091	0.5
222	0.84990406	0.8500972	0.84971106	0.0
223	0.91301996	0.92653066	0.8998977	0.0
224	0.85572934	0.86446476	0.8471687	0.5
225	0.87967646	0.8673946	0.8923111	0.0
226	0.92234164	0.9366635	0.90845114	0.0
227	0.8759816	0.88174504	0.87029314	0.0
228	0.8204848	0.8304888	0.8107191	0.5
229	0.8866868	0.9189357	0.85662466	0.0
230	0.87811166	0.8982187	0.8588851	0.5
231	0.8707726	0.8735548	0.868008	-0.5
232	0.820347	0.8162881	0.82444656	-1.0
233	0.8711352	0.8525691	0.89052784	0.0
234	0.82613295	0.83424765	0.81817454	-1.0
235	0.87201685	0.87650937	0.86757016	0.5
236	0.84931827	0.85471743	0.8439869	-0.5
237	0.8811646	0.9010554	0.8621331	0.5
238	0.88882387	0.917675	0.8617315	1.0
239	0.8322097	0.81981	0.84499025	0.0
240	0.8803133	0.89187276	0.8690496	0.0
241	0.8453837	0.83691967	0.8540206	1.0
242	0.8405611	0.8333074	0.8479422	0.0
243	0.849372	0.8648458	0.8344422	0.0
244	0.8855411	0.8999115	0.8716223	1.0
245	0.8365666	0.82982475	0.8434189	0.0
246	0.88128555	0.89236104	0.8704816	-0.5
247	0.8979896	0.91989404	0.877104	0.0
248	0.8730981	0.8921342	0.8548573	0.0
249	0.8172417	0.81430554	0.8201992	1.0
250	0.8862264	0.8958246	0.8768317	0.0
251	0.83553296	0.8216677	0.8498741	-1.0
252	0.87199074	0.89760906	0.84779423	1.0
253	0.8789045	0.8909282	0.867201	-0.5
254	0.85939467	0.88484776	0.83536494	0.0
255	0.83177066	0.8206152	0.8432336	0.0
256	0.87363297	0.88457215	0.86296105	-0.5
257	0.8909107	0.8949909	0.88686734	0.0
258	0.8360131	0.8339603	0.838076	0.0
259	0.86034656	0.85205686	0.86879915	0.0
260	0.82568896	0.81565475	0.83597314	0.0
261	0.89287955	0.884493	0.9014267	0.5
262	0.8632051	0.87016493	0.8563558	0.0
263	0.8942426	0.9082345	0.8806752	1.0
264	0.8802291	0.89047384	0.8702174	-0.5
265	0.8689154	0.86126	0.8767081	0.0
266	0.9158289	0.9132756	0.9183965	1.0
267	0.8475499	0.8321192	0.8635636	-1.0
268	0.86826015	0.86995333	0.86657345	0.5
269	0.8222298	0.82361764	0.8208467	0.0
270	0.885543	0.87952	0.89164907	0.5
271	0.8850397	0.8953465	0.87496734	0.5
272	0.8706541	0.8530207	0.889032	0.0
273	0.87693256	0.90331554	0.85204697	0.5
274	0.85633963	0.8829106	0.83132124	0.5
275	0.9082197	0.9042657	0.9122083	-0.5
276	0.8675808	0.87690145	0.85845625	0.0
277	0.8576809	0.8648135	0.850665	0.5
278	0.85401493	0.8570465	0.8510048	0.0
279	0.86846775	0.86293274	0.87407416	0.5
280	0.87273794	0.86451364	0.8811202	0.0
281	0.85351264	0.880746	0.8279129	0.5
282	0.85569876	0.84663755	0.8649559	-0.5
283	0.8654976	0.8734945	0.8576457	0.0
284	0.8504954	0.8484066	0.8525944	0.0
285	0.87967515	0.8786162	0.88073665	0.0
286	0.85418135	0.8822134	0.8278758	0.0
287	0.8743857	0.87650514	0.87227654	1.0
288	0.8355904	0.82476187	0.8467071	-0.5
289	0.882002	0.91144896	0.85439825	-0.5
290	0.8575925	0.8430435	0.8726524	0.0
291	0.8670917	0.8719184	0.8623182	0.5
292	0.8632176	0.85783094	0.86867225	-0.5
293	0.86392164	0.8716826	0.85629773	0.5
294	0.894298	0.89303005	0.89556956	0.5
295	0.8307826	0.8298645	0.8317028	1.0
296	0.8448014	0.8536867	0.83609927	-0.5
297	0.8847718	0.8872161	0.8823411	0.0
298	0.8532215	0.8504719	0.8559888	0.0
299	0.8927405	0.899049	0.8865198	0.5
300	0.87054384	0.8656175	0.8755266	0.5
301	0.8616577	0.8607267	0.8625905	0.0
302	0.8487041	0.836271	0.8615126	-0.5
303	0.89127564	0.9290574	0.8564467	0.5
304	0.84232575	0.83174354	0.85318077	-0.5
305	0.8550814	0.8485044	0.8617611	0.5
306	0.8483259	0.8367479	0.86022884	1.0
307	0.84323335	0.8519301	0.8347125	-0.5
308	0.8412967	0.8568277	0.82631856	-1.0
309	0.8541269	0.86750585	0.84115434	1.0
310	0.83222556	0.853406	0.812071	-0.5
311	0.86547345	0.8615749	0.86940753	0.0
312	0.876056	0.89030486	0.86225617	0.0
313	0.8671575	0.8575921	0.8769387	0.0
314	0.8541516	0.8430448	0.865555	0.5
315	0.9013687	0.9234114	0.88035375	0.0
316	0.87822247	0.8844523	0.87207985	1.0
317	0.8753623	0.86445415	0.88654923	0.5
318	0.8675974	0.8752728	0.86005545	0.0
319	0.9625904	0.947439	0.97823423	0.5
320	0.84534556	0.8536294	0.83722097	0.5
321	0.8429903	0.8314807	0.85482293	0.0
322	0.8311505	0.831551	0.83075035	0.0
323	0.86149997	0.8717389	0.85149884	0.0
324	0.8861393	0.8803438	0.8920117	0.0
325	0.8688585	0.8738377	0.8639357	1.0
326	0.8611691	0.85425264	0.8681984	0.5
327	0.84005696	0.84932214	0.8309918	-0.5
328	0.8997043	0.90608937	0.89340854	0.0
329	0.88019717	0.87310946	0.8874009	0.5
330	0.8402455	0.8361238	0.84440804	0.0
331	0.8227503	0.7977968	0.84931517	0.5
332	0.84909564	0.8450773	0.85315245	0.0
333	0.84962595	0.85031843	0.84893465	0.0
334	0.8777857	0.8674109	0.88841176	0.0
335	0.8296136	0.8572762	0.8036806	0.0
336	0.8478511	0.81871	0.8791432	0.0
337	0.86383617	0.8590034	0.86872363	0.0
338	0.8637089	0.88371074	0.84459245	0.5
339	0.842275	0.82695293	0.8581755	-0.5
340	0.8523472	0.86714524	0.8380457	0.5
341	0.8682762	0.86763465	0.8689186	1.0
342	0.84664524	0.8649127	0.8291335	0.0
343	0.8457329	0.8449139	0.84655344	0.0
344	0.8412598	0.8208512	0.86270905	0.0
345	0.85655975	0.87119687	0.8424064	1.0
346	0.84754246	0.8570124	0.8382795	0.0
347	0.8725404	0.8813895	0.8638672	-0.5
348	0.84469724	0.8458104	0.84358704	0.0
349	0.85906225	0.85915905	0.85896546	1.0
350	0.8825225	0.8937075	0.871614	0.0
351	0.9035318	0.9183292	0.8892037	0.5
352	0.86290413	0.87383795	0.85224056	0.0
353	0.835367	0.8324997	0.8382541	-0.5
354	0.8548775	0.8451136	0.8648696	0.0
355	0.83609194	0.82852	0.84380364	-0.5
356	0.82973677	0.817009	0.8428675	0.0
357	0.851215	0.8625959	0.84013045	-1.0
358	0.9031606	0.9194703	0.8874193	1.0
359	0.8568926	0.8455258	0.86856914	-0.5
360	0.85508835	0.87469435	0.836342	0.0
361	0.8596351	0.85953677	0.85973346	0.0
362	0.86183035	0.87834483	0.8459254	1.0
363	0.8170557	0.8158416	0.8182734	-1.0
364	0.8887101	0.89282054	0.88463736	0.5
365	0.89039	0.8880849	0.89270705	-0.5
366	0.86128086	0.87577313	0.84726036	0.0
367	0.8641178	0.8627976	0.86544204	0.5
368	0.86428833	0.8570899	0.87160873	0.0
369	0.834082	0.85513496	0.81404066	0.5
370	0.884724	0.89623415	0.8735058	-0.5
371	0.8759432	0.8701848	0.88177824	0.0
372	0.8361973	0.8346324	0.8377682	-0.5
373	0.8754182	0.8777622	0.87308663	1.0
374	0.87004036	0.8737484	0.86636364	1.0
375	0.8397579	0.83973783	0.839778	0.0
376	0.8375842	0.8425794	0.8326478	0.5
377	0.8240133	0.8240705	0.823956	0.5
378	0.8848097	0.896147	0.8737555	0.5
379	0.8187379	0.8147018	0.8228144	0.5
380	0.8769635	0.8824633	0.8715317	1.0
381	0.83836675	0.81981444	0.8577781	0.0
382	0.82838553	0.8385956	0.81842095	-0.5
383	0.8890755	0.8922539	0.88591975	1.0
384	0.8461898	0.83846676	0.8540565	0.0
385	0.8526377	0.8726893	0.8334868	0.5
386	0.8897445	0.88828135	0.89121246	0.5
387	0.90398854	0.8898306	0.9186044	0.0
388	0.8814938	0.8756239	0.88744307	1.0
389	0.86314154	0.8698243	0.85656077	1.0
390	0.8765712	0.87132883	0.88187706	1.0
391	0.8819957	0.8839054	0.8800942	0.0
392	0.8696758	0.8795941	0.85997885	0.0
393	0.8756111	0.85863805	0.8932688	-0.5
394	0.84366107	0.86123574	0.8267893	-0.5
395	0.8700718	0.8664984	0.87367487	0.0
396	0.8613038	0.85060644	0.87227356	-0.5
397	0.85448223	0.8525131	0.8564605	-0.5
398	0.8678372	0.86546063	0.87022686	0.0
399	0.909364	0.91811454	0.90077865	0.0
400	0.8939609	0.90006673	0.88793725	0.5
401	0.85161424	0.8505056	0.85272586	0.5
402	0.90152806	0.9085508	0.89461315	0.0
403	0.87574315	0.8747602	0.87672836	0.0
404	0.8986457	0.90071934	0.89658153	0.0
405	0.86271673	0.87015975	0.85539997	0.0
406	0.89299047	0.8976803	0.88834935	0.0
407	0.85124576	0.8654843	0.8374681	1.0
408	0.867341	0.87127894	0.8634384	0.0
409	0.86565155	0.8640832	0.8672256	0.5
410	0.8666361	0.8617668	0.87156075	-0.5
411	0.8725775	0.8864419	0.85914004	0.0
412	0.86770403	0.86689353	0.8685161	0.0
413	0.83844066	0.80559516	0.8740783	0.0
414	0.8690168	0.8813317	0.85704154	1.0
415	0.83911026	0.846325	0.8320174	0.0
416	0.9251062	0.9308647	0.9194185	0.5
417	0.844001	0.84112483	0.846897	0.0
418	0.8615991	0.85347015	0.86988425	0.0
419	0.9084169	0.93796146	0.8806768	1.0
420	0.866273	0.88109124	0.8519449	0.0
421	0.8605996	0.877464	0.84437114	0.5
422	0.8435179	0.83991086	0.847156	-0.5
423	0.8972247	0.8998393	0.8946253	1.0
424	0.87100387	0.87618506	0.8658836	0.5
425	0.89488876	0.88982975	0.90000564	-0.5
426	0.8441717	0.84777534	0.8405985	0.5
427	0.8415969	0.8470864	0.83617806	0.0
428	0.8672851	0.85960513	0.8751036	1.0
429	0.8925874	0.8800388	0.90549904	0.5
430	0.8777011	0.8899057	0.8658267	0.5
431	0.905471	0.9254487	0.8863375	1.0
432	0.8705212	0.8771522	0.8639897	1.0
433	0.8743914	0.87126243	0.87754285	1.0
434	0.84708714	0.85249025	0.8417522	0.5
435	0.84905714	0.87016124	0.82895255	1.0
436	0.84948874	0.8450176	0.85400736	0.5
437	0.86089194	0.8703951	0.8515939	0.5
438	0.8633149	0.879794	0.8474419	0.0
439	0.850466	0.84825844	0.85268515	0.0
440	0.81998503	0.8183156	0.82166135	0.0
441	0.8984315	0.91738284	0.88024735	0.0
442	0.8490159	0.87609607	0.8235595	0.0
443	0.8737712	0.9241434	0.82860637	0.0
444	0.8360331	0.84591115	0.8263831	-1.0
445	0.88187563	0.90588105	0.8591097	0.0
446	0.8556396	0.87472266	0.83737135	-1.0
447	0.8525348	0.8325825	0.87346685	-0.5
448	0.85836464	0.88938504	0.8294352	-1.0
449	0.8257493	0.81115156	0.8408821	-1.0
450	0.85023713	0.8780119	0.8241657	-0.5
451	0.83935255	0.8456621	0.8331364	0.5
452	0.81703615	0.8036343	0.8308925	-1.0
453	0.8502048	0.85395926	0.8464833	-0.5
454	0.851934	0.85040677	0.8534667	1.0
455	0.8413303	0.8394237	0.8432456	-0.5
456	0.898624	0.9100046	0.8875244	0.0
457	0.85968447	0.8446405	0.8752741	0.5
458	0.82473195	0.85442466	0.7970337	0.0
459	0.8283938	0.8266381	0.8301569	0.0
460	0.88629484	0.90977937	0.86399233	0.0
461	0.86415434	0.8638407	0.8644682	1.0
462	0.85603213	0.8728073	0.8398895	0.5
463	0.8507918	0.84773874	0.85386693	0.0
464	0.8458335	0.87352353	0.819845	0.0
465	0.87292403	0.87742877	0.86846524	0.5
466	0.8138184	0.80529904	0.82251984	-0.5
467	0.85060596	0.8790122	0.8239781	1.0
468	0.8286743	0.8464166	0.81166065	-0.5
469	0.8795806	0.87610346	0.8830855	1.0
470	0.8577829	0.8754015	0.8408595	0.5
471	0.89241296	0.90973854	0.8757349	0.5
472	0.8971468	0.9123033	0.8824857	1.0
473	0.8715813	0.8859656	0.8576567	0.0
474	0.84755206	0.81739986	0.88001394	0.0
475	0.84587556	0.85838246	0.83372784	-0.5
476	0.88685703	0.8777234	0.8961827	0.0
477	0.8851231	0.884133	0.88611543	0.0
478	0.8760615	0.874646	0.8774815	0.0
479	0.86273265	0.8822721	0.84404	0.5
480	0.84270805	0.83606863	0.84945375	0.5
481	0.88926375	0.89545465	0.8831579	1.0
482	0.8523974	0.8438977	0.8610699	-1.0
483	0.8985572	0.9234202	0.8749979	-0.5
484	0.8487768	0.85800517	0.8397449	0.5
485	0.8399137	0.82159317	0.85907006	0.5
486	0.87493503	0.8645227	0.8856012	0.0
487	0.86400425	0.8905961	0.8389544	0.0
488	0.86811006	0.89808744	0.8400693	0.0
489	0.84037393	0.8328646	0.84801984	0.0
490	0.8549181	0.8568601	0.85298496	0.5
491	0.8927779	0.8912352	0.894326	0.0
492	0.877217	0.8847166	0.86984354	1.0
493	0.8351939	0.8340714	0.8363193	-0.5
494	0.8899251	0.89318067	0.88669336	-0.5
495	0.8694389	0.87178665	0.8671036	0.0
496	0.8671502	0.8632661	0.8710693	0.0
497	0.8737792	0.87931836	0.8683094	0.5
498	0.8391865	0.83998764	0.8383869	0.0
499	0.86386126	0.88619566	0.84262496	0.5
500	0.853238	0.8641021	0.8426436	0.0
501	0.8522752	0.85938686	0.84528023	-0.5
502	0.87876886	0.8842981	0.8733084	0.5
503	0.8827438	0.8792947	0.88622004	0.0
504	0.9055644	0.9172699	0.894154	0.0
505	0.886659	0.87865865	0.8948064	0.0
506	0.8815491	0.8788673	0.8842473	0.5
507	0.90824646	0.92094743	0.8958911	0.0
508	0.9038062	0.9009993	0.9066306	0.0
509	0.85746515	0.85892	0.8560152	0.0
510	0.8593489	0.86816776	0.8507074	1.0
511	0.84436625	0.8451188	0.84361506	0.5
512	0.8789315	0.88121355	0.8766613	0.5
513	0.8634167	0.89509004	0.8339083	-1.0
514	0.8870018	0.89397573	0.8801358	0.0
515	0.8667482	0.87652314	0.8571889	1.0
516	0.87574697	0.8901116	0.86183846	0.0
517	0.8684027	0.8511346	0.8863861	0.0
518	0.8564668	0.84981024	0.8632286	0.5
519	0.8760351	0.8647125	0.8876581	0.0
520	0.85111785	0.8528844	0.84935856	0.0
521	0.87484264	0.9075538	0.84440744	0.0
522	0.83456945	0.83415645	0.83498275	-0.5
523	0.8696903	0.8803767	0.8592602	0.0
524	0.84369725	0.88316965	0.8076023	1.0
525	0.8939318	0.8894628	0.8984458	0.5
526	0.87608695	0.8845698	0.8677651	0.0
527	0.86650395	0.85801345	0.8751642	-0.5
528	0.88826466	0.9043846	0.8727094	1.0
529	0.86782575	0.8640625	0.8716219	0.5
530	0.91914296	0.92556155	0.9128127	0.5
531	0.8707388	0.8729874	0.8685018	0.5
532	0.8343059	0.8288525	0.83983153	-1.0
533	0.8548246	0.879735	0.8312861	0.0
534	0.85496056	0.8393198	0.8711953	-0.5
535	0.844196	0.8319771	0.85677916	0.5
536	0.8843099	0.90256405	0.86677945	0.0
537	0.865516	0.86196584	0.86909544	0.0
538	0.8769757	0.8917657	0.8626682	0.5
539	0.8963563	0.8953173	0.8973976	1.0
540	0.8940481	0.8865229	0.90170205	0.0
541	0.82068247	0.82069576	0.8206692	0.0
542	0.8428069	0.8441632	0.841455	-1.0
543	0.85764664	0.89000547	0.82755816	0.0
544	0.85639143	0.8770399	0.8366928	0.0
545	0.8662322	0.8872982	0.8461433	0.5
546	0.88806427	0.8627072	0.91495705	0.0
547	0.86362857	0.8559695	0.87142587	0.5
548	0.84265506	0.8298963	0.8558123	-1.0
549	0.8462456	0.84360254	0.8489052	-0.5
550	0.8494897	0.8424208	0.85667807	0.0
551	0.87644535	0.86426467	0.8889744	-0.5
552	0.8397944	0.8319948	0.8477418	-1.0
553	0.8939307	0.8963881	0.89148664	0.5
554	0.8504909	0.8712749	0.8306754	-1.0
555	0.91078275	0.9144809	0.9071144	-0.5
556	0.8312998	0.82249886	0.840291	0.0
557	0.90468884	0.8959454	0.9136046	1.0
558	0.85538894	0.85285616	0.8579367	0.5
559	0.85100067	0.8655496	0.8369328	0.5
560	0.8778058	0.8872812	0.8685307	0.0
561	0.8617739	0.83642375	0.8887087	0.0
562	0.84568256	0.85783887	0.83386594	0.0
563	0.8420299	0.84574884	0.8383435	-1.0
564	0.8559491	0.85027254	0.861702	0.0
565	0.8346913	0.83598304	0.8334034	0.0
566	0.8008212	0.80166316	0.79998106	0.5
567	0.87402815	0.86565197	0.882568	0.0
568	0.8944819	0.889987	0.89902246	1.0
569	0.81114775	0.8006967	0.8218752	0.5
570	0.8793223	0.8835964	0.8750893	0.0
571	0.8847975	0.8967903	0.8731212	0.5
572	0.88994163	0.89399016	0.8859296	0.0
573	0.91518754	0.93979424	0.89183664	0.0
574	0.8450803	0.85142803	0.83882654	0.5
575	0.8729384	0.8958655	0.8511556	0.0
576	0.8272497	0.81974214	0.83489597	-1.0
577	0.8577658	0.86968845	0.84616554	1.0
578	0.86225206	0.8520078	0.8727457	0.0
579	0.8740025	0.8801677	0.8679231	-0.5
580	0.8169228	0.81013805	0.82382214	-0.5
581	0.8813538	0.89312243	0.86989135	0.0
582	0.86032784	0.86776686	0.85301524	1.0
583	0.84172046	0.83475626	0.8488019	0.0
584	0.83593774	0.82841516	0.8435983	0.0
585	0.87681234	0.88041234	0.87324154	0.0
586	0.9045422	0.88835216	0.92133343	1.0
587	0.85651624	0.8567383	0.85629416	0.0
588	0.8611675	0.85393065	0.868528	0.5
589	0.85180455	0.8730601	0.8315595	0.5
590	0.85193413	0.82982445	0.8752543	-0.5
591	0.8963874	0.907194	0.88583523	0.5
592	0.9129569	0.9030936	0.92303807	0.5
593	0.9014863	0.9062099	0.89681166	1.0
594	0.8490272	0.83560663	0.86288595	0.5
595	0.8760638	0.8715583	0.88061625	0.0
596	0.86715	0.8701172	0.86420304	0.0
597	0.85823876	0.8568492	0.8596328	0.0
598	0.9058465	0.9104222	0.9013165	1.0
599	0.857708	0.8542889	0.86115456	1.0
600	0.8503087	0.84991074	0.8507071	-1.0
601	0.89724255	0.90790224	0.8868302	0.0
602	0.83463097	0.8280689	0.8412979	0.0
603	0.84017557	0.84624666	0.83419096	0.0
604	0.8598907	0.88268054	0.83824813	-0.5
605	0.84518874	0.83519685	0.85542256	-1.0
606	0.8625859	0.8646316	0.8605498	0.5
607	0.8582407	0.87409705	0.84294945	1.0
608	0.8439006	0.85530055	0.8328006	0.0
609	0.8884332	0.88578814	0.89109415	0.0
610	0.8627861	0.8791423	0.8470274	0.0
611	0.8501903	0.8631262	0.8376365	0.5
612	0.8901668	0.9088472	0.8722388	0.0
613	0.83996046	0.8515369	0.8286946	-0.5
614	0.88471466	0.9009272	0.8690754	-0.5
615	0.8456995	0.83969396	0.8517916	-0.5
616	0.8645462	0.87739956	0.8520639	0.0
617	0.8961515	0.9037025	0.8887256	1.0
618	0.8659429	0.8996736	0.83465004	1.0
619	0.8416922	0.82983047	0.85389817	0.0
620	0.881095	0.8780147	0.884197	0.5
621	0.8653541	0.841936	0.8901122	1.0
622	0.8864132	0.9011046	0.87219316	0.0
623	0.8780243	0.8579286	0.899084	-0.5
624	0.85642904	0.8420067	0.8713539	0.0
625	0.8797145	0.8734232	0.8860971	0.5
626	0.8767096	0.87066627	0.8828374	0.0
627	0.8596609	0.859641	0.85968083	0.0
628	0.84121853	0.8417535	0.84068424	0.0
629	0.8560418	0.8394572	0.8732948	0.0
630	0.86996025	0.8588051	0.8814088	-0.5
631	0.8600031	0.8796244	0.8412381	0.5
632	0.8640575	0.8601568	0.86799365	-1.0
633	0.8544108	0.8485249	0.860379	0.5
634	0.83622414	0.83393306	0.83852786	-0.5
635	0.8619658	0.8760703	0.8483082	0.5
636	0.8583494	0.86073434	0.8559776	0.0
637	0.8550076	0.87289906	0.83783484	0.0
638	0.85388356	0.8396816	0.86857426	-0.5
639	0.8666612	0.8650139	0.86831486	0.5
640	0.8340531	0.8381442	0.8300017	1.0
641	0.8759835	0.88774693	0.8645277	0.0
642	0.8540185	0.8462492	0.86193174	0.0
643	0.87184	0.8548269	0.889544	0.0
644	0.8750511	0.86833423	0.8818727	0.5
645	0.8462895	0.88180184	0.8135268	-0.5
646	0.8672256	0.87509894	0.8594926	0.5
647	0.86135286	0.85757506	0.86516416	0.0
648	0.8410494	0.8547558	0.8277756	-0.5
649	0.88173765	0.8816577	0.8818176	0.5
650	0.8502824	0.8725582	0.8291156	0.0
651	0.87678504	0.86077195	0.8934053	1.0
652	0.86691326	0.8714964	0.8623782	-0.5
653	0.899136	0.9047073	0.8936328	0.0
654	0.86059904	0.8651356	0.85610986	0.5
655	0.86935973	0.8727942	0.8659521	0.0
656	0.8824654	0.9105465	0.85606456	0.0
657	0.83374727	0.83239853	0.8351004	-0.5
658	0.90593404	0.90835416	0.9035267	0.5
659	0.88414735	0.8981611	0.8705641	0.5
660	0.84831405	0.86177677	0.8352656	-0.5
661	0.8470328	0.8233342	0.8721361	1.0
662	0.85594904	0.85676295	0.8551367	0.5
663	0.8626274	0.88087696	0.8451186	0.0
664	0.8258834	0.8474882	0.8053528	0.0
665	0.8590766	0.8831938	0.8362415	1.0
666	0.85516423	0.86082286	0.84957945	0.5
667	0.8724973	0.89421916	0.8518058	1.0
668	0.84505063	0.8409438	0.8491977	-1.0
669	0.8470101	0.8507058	0.84334624	0.5
670	0.84706587	0.8505168	0.84364283	0.0
671	0.855477	0.85800546	0.8529633	0.0
672	0.87632287	0.8570039	0.89653295	0.5
673	0.826237	0.8191755	0.8334213	-0.5
674	0.8907225	0.9029098	0.87885994	0.5
675	0.90532625	0.90401995	0.9066363	1.0
676	0.8681911	0.8663106	0.87007993	-0.5
677	0.89420146	0.90975666	0.8791692	0.5
678	0.88024086	0.8839467	0.8765659	0.5
679	0.8965513	0.90681875	0.8865138	0.0
680	0.8645329	0.85748714	0.8716954	0.5
681	0.8907274	0.88793117	0.8935413	0.0
682	0.85528636	0.85496646	0.8556065	1.0
683	0.8728916	0.8785132	0.86734146	-0.5
684	0.8975967	0.92327166	0.87331116	0.5
685	0.8841895	0.9050403	0.8642778	0.5
686	0.86177355	0.84844947	0.87552285	0.5
687	0.9062614	0.9029504	0.9095966	0.0
688	0.86587834	0.8697676	0.8620237	0.0
689	0.87449175	0.87201196	0.87698555	0.0
690	0.8464023	0.8593834	0.83380747	0.0
691	0.90699494	0.90247977	0.91155547	1.0
692	0.9162058	0.92923856	0.9035336	0.0
693	0.8725435	0.85402566	0.8918823	-0.5
694	0.886572	0.87004465	0.90373933	0.5
695	0.83929354	0.8338139	0.84484565	0.5
696	0.8685263	0.87948334	0.8578388	0.0
697	0.85977346	0.8770667	0.84314907	0.5
698	0.8685026	0.83261085	0.90762824	0.5
699	0.87926096	0.8799163	0.8786066	1.0
700	0.86630416	0.8683611	0.864257	0.5
701	0.9096676	0.92389035	0.89587605	0.5
702	0.81914234	0.8076738	0.8309412	0.0
703	0.87459755	0.87127	0.8779508	1.0
704	0.84073097	0.83531964	0.8462129	0.0
705	0.8521067	0.8745268	0.83080757	0.0
706	0.87752223	0.88428724	0.8708599	0.5
707	0.87904227	0.8847353	0.87342215	1.0
708	0.8605086	0.862256	0.8587683	0.5
709	0.89684606	0.8899145	0.9038864	0.0
710	0.85857	0.8948508	0.8251165	-0.5
711	0.85632193	0.8569756	0.8556692	-0.5
712	0.88505507	0.89388233	0.8764006	0.5
713	0.87171793	0.8912617	0.8530129	1.0
714	0.8559083	0.8650031	0.84700274	0.0
715	0.84694195	0.8422777	0.8516581	-1.0
716	0.85350186	0.8598081	0.84728736	0.5
717	0.84936994	0.82990664	0.8697681	-1.0
718	0.84206814	0.83230567	0.85206234	0.5
719	0.8920009	0.9028916	0.8813697	0.0
720	0.8339378	0.83067507	0.8372264	-0.5
721	0.8607195	0.8670479	0.85448295	-1.0
722	0.8783479	0.8777233	0.87897325	0.5
723	0.88054144	0.8806373	0.8804456	1.0
724	0.8589618	0.86228305	0.85566604	0.5
725	0.8663439	0.87022835	0.862494	0.0
726	0.84638983	0.8505753	0.8422453	1.0
727	0.84517	0.8490514	0.84132403	0.5
728	0.8621643	0.8748085	0.8498804	0.5
729	0.90499455	0.8962312	0.91393095	0.5
730	0.8648768	0.8808637	0.8494598	0.0
731	0.90069216	0.93119323	0.8721259	0.5
732	0.8775459	0.8955323	0.86026776	0.5
733	0.8380635	0.85488266	0.82189333	1.0
734	0.87395	0.86263275	0.88556814	1.0
735	0.84226084	0.8266252	0.8584993	0.0
736	0.84722114	0.8460897	0.8483556	-0.5
737	0.8684487	0.8819196	0.85538304	0.0
738	0.86039543	0.89150566	0.8313832	0.5
739	0.8470209	0.8508543	0.84322196	0.0
740	0.83737534	0.87061733	0.8065785	0.0
741	0.8346066	0.8304335	0.83882195	0.0
742	0.87822336	0.850539	0.9077706	0.0
743	0.8626798	0.86932147	0.8561388	0.5
744	0.85974365	0.8762169	0.84387845	0.0
745	0.8799451	0.86345184	0.8970806	0.5
746	0.8601827	0.8727849	0.8479394	0.0
747	0.83684146	0.83494985	0.8387417	-0.5
748	0.870698	0.88065517	0.86096346	0.0
749	0.8580594	0.8615756	0.8545718	1.0
750	0.8530564	0.8639911	0.8423948	0.5
751	0.8654379	0.8722618	0.85872	0.5
752	0.8741108	0.8653386	0.88306266	0.0
753	0.8974869	0.9024087	0.89261854	1.0
754	0.88804364	0.88438666	0.8917311	1.0
755	0.8640284	0.8719147	0.85628355	0.0
756	0.8686794	0.8701529	0.8672109	1.0
757	0.87998337	0.87626517	0.8837332	0.0
758	0.8494557	0.8489273	0.8499848	0.0
759	0.83112186	0.8019407	0.86250687	-0.5
760	0.86500746	0.86816627	0.86187154	0.5
761	0.8775838	0.87542593	0.87975234	-1.0
762	0.8705759	0.9054153	0.83831835	0.0
763	0.8827721	0.8899441	0.8757148	1.0
764	0.850067	0.85747606	0.842785	0.5
765	0.8633652	0.89040613	0.8379181	0.5
766	0.8707835	0.88886267	0.853425	1.0
767	0.8354775	0.8348724	0.8360833	0.0
768	0.8613735	0.8537153	0.8691703	0.5
769	0.86020577	0.8894644	0.8328107	0.5
770	0.86033744	0.8737117	0.84736645	0.5
771	0.90093935	0.9013644	0.9005148	0.5
772	0.8773161	0.8885401	0.86637205	0.0
773	0.8882245	0.91020495	0.86728066	0.5
774	0.8822433	0.8799804	0.8845177	0.5
775	0.8523573	0.8248883	0.88171893	0.0
776	0.82032317	0.83648115	0.8047776	-0.5
777	0.87333524	0.8849581	0.86201376	1.0
778	0.89504254	0.9118078	0.87888277	-0.5
779	0.898227	0.9236241	0.8741892	0.0
780	0.8285579	0.8252792	0.8318628	-0.5
781	0.8236443	0.84322655	0.8049509	-1.0
782	0.85656935	0.8778209	0.8363224	0.0
783	0.89230275	0.89829874	0.88638633	0.0
784	0.82822806	0.824649	0.83183837	0.0
785	0.89482963	0.90221214	0.88756704	0.0
786	0.8880643	0.89024675	0.88589257	0.5
787	0.845936	0.8205906	0.87289697	0.0
788	0.85893303	0.8558593	0.8620289	1.0
789	0.862856	0.842437	0.88428944	0.0
790	0.89042515	0.89463687	0.8862529	0.0
791	0.85024434	0.8479621	0.85253906	0.0
792	0.9308279	0.9320964	0.9295627	0.5
793	0.88608956	0.8858379	0.88634133	0.0
794	0.8763829	0.8857839	0.8671792	0.5
795	0.9160331	0.9048995	0.92744404	-0.5
796	0.8955034	0.8985755	0.8924521	0.5
797	0.81604576	0.81156665	0.8205746	0.5
798	0.8634437	0.8532843	0.8738479	0.0
799	0.8881577	0.89713395	0.87935925	0.5
800	0.8351596	0.8211196	0.8496882	-0.5
801	0.8720659	0.87855124	0.86567557	0.0
802	0.88438046	0.89903426	0.87019664	0.5
803	0.87918776	0.88758504	0.87094796	0.5
804	0.88300985	0.9038001	0.8631546	-0.5
805	0.8886926	0.9256326	0.85458773	1.0
806	0.87126356	0.88210803	0.8606825	0.5
807	0.9011611	0.90411794	0.8982235	1.0
808	0.8551919	0.8760083	0.8353419	0.0
809	0.8584386	0.8487653	0.8683349	0.5
810	0.8421701	0.83576775	0.8486714	0.5
811	0.8902271	0.8892652	0.89119095	0.5
812	0.8160494	0.8148699	0.81723225	0.0
813	0.89558744	0.90855837	0.88298166	0.5
814	0.88396037	0.89005435	0.8779493	-0.5
815	0.8500502	0.8606544	0.83970404	0.5
816	0.86910945	0.8840558	0.8546601	-0.5
817	0.87192225	0.88053584	0.86347556	1.0
818	0.8743744	0.8929201	0.8565834	0.5
819	0.87440944	0.88918096	0.8601206	0.5
820	0.8924034	0.89783865	0.8870336	0.0
821	0.8972971	0.9039176	0.89077294	1.0
822	0.8520847	0.861033	0.84332037	0.5
823	0.89775616	0.9191848	0.87730384	1.0
824	0.8715676	0.8801588	0.86314255	0.0
825	0.8921033	0.8869046	0.89736336	1.0
826	0.8458321	0.8670878	0.8255936	-0.5
827	0.8671747	0.8548304	0.8798806	1.0
828	0.8595429	0.85947603	0.8596098	0.5
829	0.8814691	0.86208034	0.9017499	-0.5
830	0.8244502	0.8181371	0.8308615	-0.5
831	0.84798473	0.8554011	0.840696	-0.5
832	0.8637641	0.8715806	0.8560865	0.5
833	0.8904275	0.8981871	0.8828008	-0.5
834	0.8597165	0.8300508	0.8915812	-0.5
835	0.84612864	0.84689486	0.84536386	0.5
836	0.89731187	0.88969445	0.9050609	1.0
837	0.87544906	0.8962538	0.8555883	0.0
838	0.85327214	0.87167776	0.83562773	0.5
839	0.84270716	0.8571769	0.8287178	0.0
840	0.80413455	0.81281924	0.7956335	0.0
841	0.909808	0.9132973	0.90634525	0.0
842	0.8587405	0.84598255	0.8718892	0.0
843	0.85209244	0.87862855	0.8271122	0.0
844	0.87572855	0.8868445	0.8648877	0.0
845	0.8968191	0.92237896	0.8726377	1.0
846	0.8603409	0.8557268	0.86500514	-0.5
847	0.86732	0.86903715	0.86560965	0.0
848	0.85857105	0.87359405	0.84405595	-0.5
849	0.8873571	0.90035105	0.8747328	0.5
850	0.8516591	0.84596723	0.85742813	0.5
851	0.87796885	0.88009423	0.8758538	0.5
852	0.85289305	0.83808875	0.8682297	-0.5
853	0.8554888	0.83692783	0.87489176	0.0
854	0.8875241	0.8914107	0.8836712	0.5
855	0.85642487	0.8566045	0.8562453	1.0
856	0.8861323	0.8917489	0.88058597	0.5
857	0.8643419	0.856929	0.87188435	0.5
858	0.8738292	0.86994666	0.8777466	-0.5
859	0.8692401	0.8857352	0.8533482	0.0
860	0.8603457	0.89215356	0.8307279	0.0
861	0.8657674	0.86862445	0.8629291	0.5
862	0.80966556	0.8118015	0.8075409	0.0
863	0.87274677	0.87574613	0.86976796	1.0
864	0.88630766	0.88561845	0.88699794	0.5
865	0.88635445	0.8839271	0.88879514	0.5
866	0.8742288	0.8732345	0.8752253	0.5
867	0.8640843	0.8553053	0.8730455	0.0
868	0.8885332	0.8876145	0.88945377	0.0
869	0.86399984	0.8515864	0.8767806	1.0
870	0.8897031	0.90923667	0.8709912	1.0
871	0.8696896	0.87778264	0.86174434	-0.5
872	0.86557204	0.87883955	0.85269916	0.0
873	0.86825746	0.87746423	0.8592419	0.0
874	0.84576917	0.8476684	0.8438783	0.5
875	0.8504195	0.84098613	0.8600669	0.0
876	0.86219025	0.8646335	0.85976076	0.5
877	0.87056184	0.8591361	0.8822954	-0.5
878	0.8534238	0.8598621	0.8470812	0.0
879	0.8734231	0.88257766	0.8644564	0.0
880	0.8416056	0.83693224	0.8463314	-0.5
881	0.8727695	0.8725977	0.8729413	1.0
882	0.8413601	0.8487781	0.83407056	0.5
883	0.90027124	0.91113794	0.8896607	-0.5
884	0.8721887	0.8939818	0.8514328	0.0
885	0.8954486	0.9221418	0.87025726	0.5
886	0.84312826	0.84017706	0.84610015	0.0
887	0.8976206	0.8976849	0.8975563	0.0
888	0.8674947	0.86171687	0.8733506	0.0
889	0.88723934	0.9075962	0.8677758	0.0
890	0.83965486	0.8508663	0.82873505	0.5
891	0.8328864	0.83381397	0.8319609	1.0
892	0.88546574	0.8875369	0.8834042	0.0
893	0.90093875	0.9113885	0.8907259	-0.5
894	0.83904874	0.83464813	0.8434959	0.0
895	0.84890634	0.8652812	0.8331398	0.5
896	0.85536873	0.85728735	0.8534587	0.5
897	0.8315672	0.82230794	0.8410376	-0.5
898	0.8848957	0.88708526	0.88271695	0.5
899	0.8760295	0.88316727	0.8690063	0.5
900	0.8210992	0.82057685	0.8216224	0.5
901	0.87722355	0.8672974	0.8873796	0.5
902	0.8453278	0.8317718	0.8593329	1.0
903	0.8397443	0.86088634	0.81961584	0.0
904	0.84828585	0.85700536	0.83974206	0.5
905	0.89633924	0.8861466	0.906769	-1.0
906	0.88156617	0.8705254	0.89289063	0.5
907	0.8955133	0.89139426	0.8996705	0.5
908	0.93327004	0.9179451	0.9491155	1.0
909	0.815136	0.8183138	0.81198275	-1.0
910	0.8433768	0.84709686	0.8396893	-1.0
911	0.882093	0.86509275	0.8997749	1.0
912	0.87496126	0.8719324	0.8780113	0.0
913	0.8688862	0.87202203	0.86577284	1.0
914	0.8907266	0.9030319	0.8787522	0.0
915	0.893951	0.8997948	0.8881825	0.5
916	0.8881567	0.90910167	0.8681552	0.0
917	0.88783467	0.9356191	0.844694	1.0
918	0.851627	0.840352	0.8632088	0.5
919	0.8575096	0.869538	0.8458094	1.0
920	0.8140298	0.8284573	0.80009615	0.0
921	0.8595383	0.87422734	0.84533477	0.5
922	0.9007586	0.912525	0.8892919	-0.5
923	0.8495024	0.8635382	0.83591557	-0.5
924	0.859803	0.8639866	0.8556598	0.0
925	0.8804869	0.8791346	0.8818434	-0.5
926	0.88099533	0.9029866	0.86004984	0.0
927	0.9257435	0.92582893	0.92565805	0.0
928	0.8704362	0.863892	0.87708044	-0.5
929	0.82347125	0.862177	0.7880914	-1.0
930	0.91050404	0.91693646	0.9041613	0.5
931	0.79381883	0.760752	0.8298907	-0.5
932	0.8634848	0.87377274	0.85343635	1.0
933	0.84367406	0.8430613	0.84428775	0.0
934	0.8855439	0.88787633	0.88322365	0.0
935	0.8697036	0.86786747	0.87154746	0.0
936	0.8753771	0.86878115	0.88207394	0.0
937	0.86937624	0.8834057	0.8557854	0.5
938	0.86839086	0.86921227	0.867571	0.5
939	0.844313	0.834995	0.8538415	0.0
940	0.9006506	0.9106537	0.8908648	0.5
941	0.895215	0.89207363	0.89837843	1.0
942	0.8633352	0.86561745	0.861065	-0.5
943	0.85270745	0.85743093	0.84803575	0.5
944	0.84798115	0.8682855	0.8286047	0.0
945	0.8548808	0.85186434	0.85791856	1.0
946	0.879454	0.8600421	0.89976245	1.0
947	0.8588924	0.8717446	0.8464135	0.0
948	0.8206756	0.8305495	0.8110337	0.5
949	0.886028	0.90512216	0.8677228	0.0
950	0.87987304	0.88994676	0.8700247	-0.5
951	0.88208306	0.8884384	0.8758179	0.5
952	0.8657925	0.8555919	0.8762393	0.5
953	0.85848576	0.8737885	0.8437098	0.5
954	0.8718177	0.8790978	0.8646573	0.5
955	0.8617524	0.8607724	0.86273456	0.0
956	0.8689649	0.8727128	0.86524904	-0.5
957	0.87327206	0.8616038	0.88526064	0.5
958	0.8743492	0.8648638	0.88404495	-0.5
959	0.86933756	0.87864065	0.8602294	1.0
960	0.8640114	0.86705184	0.8609922	1.0
961	0.8473457	0.83994716	0.8548757	-0.5
962	0.86524457	0.884121	0.8471574	-0.5
963	0.79633975	0.77140933	0.82293534	1.0
964	0.8775235	0.86542857	0.8899613	0.0
965	0.84361756	0.84632903	0.8409233	-0.5
966	0.8475435	0.8487136	0.84637654	-0.5
967	0.8365291	0.83448255	0.8385857	0.0
968	0.90942055	0.9263202	0.8931265	1.0
969	0.86057436	0.8512119	0.8701451	0.0
970	0.85009176	0.8368221	0.8637892	0.0
971	0.8991739	0.9171035	0.8819319	0.0
972	0.8933453	0.9033453	0.8835643	0.0
973	0.8630735	0.8398971	0.8875654	-0.5
974	0.87921023	0.8704647	0.8881332	0.0
975	0.87105274	0.88896364	0.8538493	1.0
976	0.86872697	0.88787067	0.85039127	-0.5
977	0.85312575	0.85788524	0.84841865	0.5
978	0.91643846	0.9339652	0.8995574	0.0
979	0.8487354	0.85561776	0.8419628	-0.5
980	0.8429453	0.8340747	0.85200655	-0.5
981	0.84105384	0.8267102	0.8559039	-0.5
982	0.8647061	0.8431201	0.8874265	0.5
983	0.8659102	0.87539357	0.85662997	1.0
984	0.8462748	0.8514642	0.84114826	0.5
985	0.87146413	0.86089694	0.88229394	0.5
986	0.86633956	0.8553007	0.87766695	-0.5
987	0.86525345	0.85472596	0.8760436	0.5
988	0.8401225	0.8375478	0.8427131	1.0
989	0.8934874	0.9181801	0.870088	0.0
990	0.83739734	0.8227801	0.85254335	0.0
991	0.8557758	0.8436346	0.8682714	0.0
992	0.7984795	0.8103174	0.78698254	0.0
993	0.88007545	0.8866068	0.8736395	1.0
994	0.89585495	0.8927281	0.8990038	-0.5
995	0.8527965	0.86608076	0.8399136	1.0
996	0.90607584	0.89754564	0.91476977	0.5
997	0.793429	0.8367586	0.7543659	-1.0
998	0.8495443	0.87570864	0.8248981	0.5
999	0.8558697	0.86037576	0.8514106	1.0
1000	0.8499759	0.8471508	0.8528198	-0.5
1001	0.8599191	0.8589797	0.8608605	0.5
1002	0.9244073	0.9433722	0.9061898	0.0
1003	0.8785752	0.8719085	0.8853446	1.0
1004	0.84171325	0.86795413	0.81701255	0.0
1005	0.85191447	0.87319523	0.8316463	0.0
1006	0.874356	0.87187463	0.87685144	1.0
1007	0.87134933	0.8799932	0.86287373	0.5
1008	0.84457153	0.8511948	0.83805054	1.0
1009	0.8525871	0.84538794	0.85990995	0.0
1010	0.8728081	0.8776033	0.86806506	1.0
1011	0.8765532	0.89796823	0.8561358	0.0
1012	0.84419703	0.8513869	0.83712757	0.0
1013	0.84432	0.8357459	0.85307205	-0.5
1014	0.8698982	0.86319935	0.8767018	0.0
1015	0.8433762	0.8376303	0.8492015	-1.0
1016	0.85376555	0.83510256	0.8732819	-0.5
1017	0.8892457	0.89140886	0.8870929	0.5
1018	0.8632549	0.8847414	0.84278727	-0.5
1019	0.86608183	0.8529704	0.8796028	-0.5
1020	0.8522879	0.8702699	0.835034	-0.5
1021	0.8276092	0.82447535	0.8307669	1.0
1022	0.8785352	0.8987732	0.8591887	0.0
1023	0.8633418	0.8743382	0.85261846	0.0
1024	0.8617826	0.87498	0.84897745	0.5
1025	0.8892442	0.8759491	0.90294915	0.0
1026	0.8654192	0.8669268	0.8639169	0.5
1027	0.87705004	0.8923242	0.86229	-1.0
1028	0.85274136	0.86025906	0.84535396	0.0
1029	0.8961334	0.9113974	0.8813723	1.0
1030	0.8774862	0.89206356	0.8633778	0.0
1031	0.8207766	0.8018912	0.8405728	-0.5
1032	0.86942106	0.8597801	0.87928075	-1.0
1033	0.839041	0.8308252	0.84742093	0.0
1034	0.84859174	0.83858746	0.8588375	-0.5
1035	0.8669253	0.86821926	0.86563516	0.0
1036	0.85411805	0.8695805	0.83919597	0.5
1037	0.86020577	0.84839565	0.8723494	0.5
1038	0.8622766	0.87244046	0.85234696	0.0
1039	0.87590486	0.8750763	0.876735	0.5
1040	0.86035174	0.86492676	0.8558249	0.0
1041	0.88438666	0.85867965	0.9116805	0.5
1042	0.8839087	0.87254447	0.8955729	0.0
1043	0.8383461	0.85225815	0.82488096	0.5
1044	0.8380802	0.8544943	0.8222848	0.5
1045	0.94182146	0.93966436	0.94398856	0.0
1046	0.80805564	0.8128511	0.8033164	-0.5
1047	0.88031	0.8944658	0.8665953	0.0
1048	0.90221196	0.91983926	0.8852475	0.0
1049	0.8957556	0.9012013	0.89037514	1.0
1050	0.87164676	0.88019943	0.8632587	1.0
1051	0.86851376	0.8602397	0.87694865	1.0
1052	0.86452127	0.8818977	0.8478163	0.0
1053	0.8697062	0.85739034	0.8823811	0.5
1054	0.8480443	0.8475449	0.84854424	0.0
1055	0.8535161	0.8544965	0.852538	-0.5
1056	0.8440972	0.84164435	0.8465644	-0.5
1057	0.84097904	0.8516573	0.83056515	0.0
1058	0.86044556	0.86082655	0.8600648	-0.5
1059	0.86699045	0.8526411	0.88183105	-1.0
1060	0.9272842	0.95186985	0.9039366	0.5
1061	0.8688013	0.8428331	0.89642054	0.5
1062	0.8676863	0.84607077	0.89043516	0.5
1063	0.85930777	0.8577632	0.860858	1.0
1064	0.85647607	0.8720269	0.8414701	0.5
1065	0.9019094	0.90298736	0.90083396	1.0
1066	0.84916836	0.86860585	0.8305817	0.5
1067	0.86045736	0.84745586	0.873864	0.5
1068	0.87702256	0.8695665	0.8846077	0.0
1069	0.81660676	0.8177152	0.8155012	0.0
1070	0.84336907	0.8433289	0.84340924	0.5
1071	0.83572793	0.85023016	0.82171226	0.5
1072	0.89482784	0.8957463	0.8939112	0.0
1073	0.86328197	0.8520338	0.8748311	0.5
1074	0.83208114	0.8160529	0.84875154	-0.5
1075	0.8960717	0.90739167	0.8850306	-0.5
1076	0.8738866	0.87131953	0.8764688	1.0
1077	0.8500674	0.8709885	0.8301278	0.5
1078	0.90132576	0.906569	0.8961427	0.5
1079	0.8507518	0.87212497	0.8304012	0.0
1080	0.85263354	0.831601	0.8747575	-0.5
1081	0.89172554	0.89831585	0.8852312	-0.5
1082	0.86505127	0.85718817	0.8730599	0.0
1083	0.8509476	0.8529049	0.8489994	0.0
1084	0.8814991	0.88802326	0.8750701	0.0
1085	0.86703426	0.87544686	0.8587819	0.0
1086	0.87924063	0.8608252	0.8984613	0.5
1087	0.86136353	0.8483311	0.8748026	0.0
1088	0.87949747	0.8925456	0.8668254	-0.5
1089	0.8647624	0.8587025	0.8709086	0.0
1090	0.85952157	0.84759593	0.8717876	0.0
1091	0.8974393	0.91815203	0.8776405	0.0
1092	0.87300473	0.90455747	0.84357905	0.5
1093	0.87921536	0.8837296	0.87474704	0.5
1094	0.8534748	0.85766363	0.84932667	1.0
1095	0.840268	0.8436817	0.83688176	0.5
1096	0.8602807	0.8830293	0.83867484	0.0
1097	0.8566502	0.8586969	0.85461324	0.0
1098	0.8894216	0.90294546	0.8762969	0.0
1099	0.8436747	0.85733396	0.83044386	0.5
1100	0.8542545	0.8456058	0.863082	0.0
1101	0.89806956	0.90227365	0.89390445	1.0
1102	0.85573524	0.8558581	0.8556124	-0.5
1103	0.8677601	0.86722887	0.8682921	0.0
1104	0.88124955	0.87568724	0.8868831	0.0
1105	0.836538	0.84966034	0.8238149	0.5
1106	0.84806406	0.86310923	0.83353436	0.0
1107	0.85500777	0.8623993	0.84774184	0.0
1108	0.8838821	0.8627549	0.90607005	0.5
1109	0.8574423	0.86735934	0.84774935	0.5
1110	0.8871617	0.8880324	0.8862927	1.0
1111	0.8873364	0.89948624	0.87551033	0.5
1112	0.85528326	0.87962174	0.83225536	0.0
1113	0.87969416	0.85881335	0.9016157	0.0
1114	0.86145055	0.85174	0.8713851	0.5
1115	0.839969	0.84026027	0.83967793	1.0
1116	0.88938576	0.89571124	0.883149	0.5
1117	0.8723806	0.88176316	0.86319566	-1.0
1118	0.8092872	0.80602884	0.8125719	-1.0
1119	0.82042253	0.80273366	0.8389085	0.0
1120	0.81688094	0.8266344	0.8073551	-1.0
1121	0.90115345	0.91099495	0.8915224	0.5
1122	0.8766941	0.8689049	0.88462436	0.5
1123	0.86070925	0.8632406	0.8581928	0.0
1124	0.8527119	0.8575699	0.8479087	0.0
1125	0.8613662	0.85506654	0.86775947	1.0
1126	0.8379045	0.85808665	0.81864995	0.0
1127	0.8651191	0.8708645	0.859449	0.0
1128	0.82979137	0.8388841	0.8208937	-0.5
1129	0.85704505	0.8678255	0.8465292	1.0
1130	0.8500058	0.85178024	0.8482388	1.0
1131	0.8575577	0.86676514	0.8485439	0.5
1132	0.8611445	0.8740775	0.84858865	0.0
1133	0.8645617	0.88440627	0.8455881	-0.5
1134	0.89723355	0.9110129	0.88386476	1.0
1135	0.8937207	0.9045967	0.883103	0.5
1136	0.8460415	0.8289928	0.86380625	0.5
1137	0.87414354	0.8899928	0.8588488	1.0
1138	0.8327697	0.83273226	0.8328072	0.0
1139	0.85650235	0.85950446	0.8535211	0.0
1140	0.88518953	0.8654477	0.9058531	0.0
1141	0.85997343	0.8679702	0.85212266	0.0
1142	0.8944121	0.8654276	0.9254054	0.5
1143	0.8484997	0.85172653	0.8452972	1.0
1144	0.88529456	0.877789	0.89292955	0.0
1145	0.82261103	0.84178483	0.8042913	0.0
1146	0.8543761	0.84526116	0.8636898	0.5
1147	0.84913313	0.8633854	0.83534384	0.5
1148	0.9161232	0.90828633	0.92409647	0.5
1149	0.8722294	0.8980578	0.8478452	0.0
1150	0.877515	0.8689303	0.88627106	0.5
1151	0.8701219	0.8908775	0.85031146	0.5
1152	0.85663754	0.8574252	0.85585123	0.0
1153	0.8642036	0.8716622	0.85687137	0.5
1154	0.9128315	0.93717515	0.88972044	0.5
1155	0.8750677	0.8669842	0.8833034	0.5
1156	0.8687033	0.8733554	0.8641006	0.5
1157	0.84700465	0.8602174	0.83419156	1.0
1158	0.876262	0.90004784	0.8537009	0.0
1159	0.8638381	0.86573267	0.86195177	0.0
1160	0.84889513	0.8545131	0.8433506	1.0
1161	0.8789842	0.8660042	0.8923592	-1.0
1162	0.8559808	0.8572798	0.8546858	0.5
1163	0.86748433	0.84947157	0.8862775	1.0
1164	0.8977633	0.9084644	0.88731146	0.5
1165	0.82637566	0.8251582	0.8275967	-0.5
1166	0.8972728	0.8938965	0.9006747	0.0
1167	0.8454227	0.8510561	0.8398635	-0.5
1168	0.86018884	0.85646325	0.86394703	-0.5
1169	0.8544133	0.85173786	0.85710543	0.0
1170	0.8461118	0.84085405	0.85143566	0.5
1171	0.89129347	0.8856791	0.89697945	-0.5
1172	0.82372093	0.80835485	0.8396824	-0.5
1173	0.84300894	0.83840847	0.8476602	0.0
1174	0.8254241	0.8118179	0.8394941	0.0
1175	0.8869813	0.87838805	0.89574426	1.0
1176	0.85975933	0.8639522	0.8556069	-0.5
1177	0.8815385	0.87826395	0.88483757	0.0
1178	0.8784356	0.8906334	0.8665674	0.5
1179	0.8508925	0.8400816	0.8619853	0.0
1180	0.86318606	0.88189054	0.8452585	0.5
1181	0.8763814	0.8885187	0.86457133	0.5
1182	0.9021553	0.91902673	0.8858922	0.0
1183	0.8124406	0.80825216	0.8166727	-1.0
1184	0.8353496	0.8370208	0.83368504	0.0
1185	0.8657339	0.87746006	0.8543171	0.5
1186	0.8376641	0.83658063	0.83875036	-0.5
1187	0.8771554	0.85337704	0.90229696	-0.5
1188	0.8731743	0.8728112	0.87353784	0.5
1189	0.87816477	0.8935883	0.86326456	0.5
1190	0.8752566	0.88233024	0.8682955	0.0
1191	0.8893692	0.89740723	0.881474	1.0
1192	0.8548525	0.87276936	0.83765644	0.0
1193	0.8511532	0.85303354	0.84928125	0.0
1194	0.8653026	0.8656419	0.86496365	0.0
1195	0.90117884	0.9023907	0.8999701	0.0
1196	0.85924095	0.8795241	0.83987224	0.0
1197	0.88274646	0.9017981	0.8644831	0.0
1198	0.87964666	0.9011018	0.85918945	0.5
1199	0.8657785	0.86007845	0.87155455	0.5
1200	0.8571203	0.8421487	0.87263393	1.0
1201	0.92258006	0.93496484	0.910519	0.5
1202	0.905721	0.90099585	0.91049606	-0.5
1203	0.89810646	0.91471744	0.882088	0.5
1204	0.8550379	0.8495934	0.86055267	-0.5
1205	0.8797813	0.8810242	0.878542	0.0
1206	0.8344959	0.8362697	0.8327296	-0.5
1207	0.864176	0.83744127	0.8926741	0.0
1208	0.8323228	0.8318976	0.8327484	0.5
1209	0.89306074	0.87144446	0.9157767	0.0
1210	0.837032	0.82834095	0.84590745	1.0
1211	0.8478479	0.86024714	0.835801	0.5
1212	0.8848182	0.8803235	0.889359	1.0
1213	0.9039386	0.9057774	0.9021073	0.0
1214	0.84045446	0.85316944	0.8281129	1.0
1215	0.86732864	0.86922926	0.8654364	-0.5
1216	0.8754006	0.8779749	0.8728413	-0.5
1217	0.8667282	0.8777998	0.85593224	0.0
1218	0.8650501	0.85606176	0.8742293	-0.5
1219	0.850736	0.81369483	0.8913104	-0.5
1220	0.8497187	0.84074354	0.8588876	0.0
1221	0.87372375	0.8755545	0.8719006	-1.0
1222	0.89013475	0.8890155	0.8912568	0.5
1223	0.8853419	0.90837955	0.86344385	0.0
1224	0.8958834	0.88907325	0.90279865	0.0
1225	0.88426787	0.8925141	0.8761725	0.5
1226	0.879642	0.8958723	0.86398935	-1.0
1227	0.84720707	0.82540995	0.8701867	-1.0
1228	0.87936455	0.8870438	0.87181723	1.0
1229	0.8752679	0.89307696	0.85815537	0.0
1230	0.8940647	0.8878322	0.9003853	-1.0
1231	0.8773659	0.8828669	0.871933	0.5
1232	0.8523008	0.8864206	0.8207105	1.0
1233	0.9056116	0.9290095	0.8833633	0.5
1234	0.8478984	0.8689274	0.8278633	1.0
1235	0.9254354	0.9276892	0.9231925	-0.5
1236	0.8638786	0.884139	0.84452605	1.0
1237	0.88024193	0.9100518	0.85232294	0.5
1238	0.8505655	0.84748036	0.85367316	0.5
1239	0.9163621	0.93453115	0.898886	0.0
1240	0.8575439	0.84453785	0.8709567	0.5
1241	0.8455141	0.8530506	0.8381098	0.0
1242	0.86832815	0.88880223	0.848776	0.0
1243	0.8717512	0.885798	0.858143	0.0
1244	0.8852757	0.89537907	0.87539774	0.0
1245	0.85195696	0.85866135	0.84535635	0.0
1246	0.8918207	0.86971885	0.91507524	1.0
1247	0.88507974	0.8851533	0.8850062	0.0
1248	0.86296606	0.86434144	0.86159503	-0.5
1249	0.8515502	0.83405846	0.8697913	0.0
1250	0.8395898	0.8420754	0.83711874	0.5
1251	0.87258774	0.8658136	0.8794687	-0.5
1252	0.8883715	0.8993583	0.8776499	0.5
1253	0.8296899	0.8302547	0.829126	1.0
1254	0.89840996	0.9031494	0.8937199	0.5
1255	0.8696613	0.87969327	0.85985553	0.0
1256	0.90027845	0.9244483	0.87734026	1.0
1257	0.89326644	0.9213793	0.86681837	0.5
1258	0.83666	0.8507367	0.8230416	0.0
1259	0.8494322	0.8434497	0.8555002	1.0
1260	0.87056607	0.8852507	0.8563608	0.5
1261	0.8675377	0.8722505	0.8628755	0.5
1262	0.87715423	0.8615362	0.8933488	0.5
1263	0.8518451	0.8455504	0.8582341	0.5
1264	0.8705998	0.8870409	0.85475713	0.5
1265	0.83973855	0.82845616	0.8513325	0.5
1266	0.85783523	0.8619821	0.85372806	-0.5
1267	0.81593436	0.81548357	0.81638557	0.0
1268	0.8443533	0.83314514	0.85586715	0.0
1269	0.8497781	0.839459	0.86035407	0.0
1270	0.8559747	0.84526026	0.8669642	0.0
1271	0.8478443	0.8678297	0.8287588	-0.5
1272	0.8915205	0.8949579	0.8881094	0.0
1273	0.8578241	0.86319494	0.85251963	1.0
1274	0.83507603	0.82940143	0.8408288	-0.5
1275	0.8334246	0.82266986	0.84446424	-0.5
1276	0.85906357	0.88828504	0.8317034	0.5
1277	0.90020436	0.91027313	0.89035594	0.5
1278	0.88916504	0.9059517	0.87298924	1.0
1279	0.85827047	0.8535436	0.86305	0.5
1280	0.8489518	0.8597639	0.83840823	0.0
1281	0.8346435	0.84704506	0.82259977	0.0
1282	0.8780768	0.86867183	0.8876876	-0.5
1283	0.84814584	0.84682983	0.8494661	-0.5
1284	0.8586133	0.85513306	0.86212194	0.5
1285	0.85681945	0.8348219	0.88000774	0.0
1286	0.8619458	0.87467194	0.84958464	1.0
1287	0.85917205	0.87818754	0.8409627	-0.5
1288	0.8432027	0.8498841	0.8366255	0.5
1289	0.86551964	0.8693158	0.86175644	0.0
1290	0.872879	0.8651234	0.880775	1.0
1291	0.8535378	0.84453684	0.8627327	-1.0
1292	0.849099	0.84679604	0.8514146	1.0
1293	0.8410135	0.8422029	0.8398275	0.0
1294	0.8686161	0.8617931	0.87554806	1.0
1295	0.8982791	0.9083142	0.88846314	1.0
1296	0.849709	0.85797155	0.84160405	0.0
1297	0.8943189	0.89306116	0.8955802	0.0
1298	0.88592875	0.8868958	0.8849638	0.5
1299	0.8684811	0.85007507	0.88770187	0.0
1300	0.8905996	0.9013332	0.8801186	0.0
1301	0.8537417	0.86019903	0.84738064	0.5
1302	0.8882102	0.919418	0.8590514	0.0
1303	0.8876046	0.8840052	0.8912334	0.0
1304	0.8870712	0.88468087	0.8894744	0.0
1305	0.9167794	0.9530788	0.8831436	0.5
1306	0.8829922	0.88529694	0.88069946	0.0
1307	0.86490816	0.9067679	0.82674265	0.5
1308	0.8475054	0.86516297	0.8305541	-0.5
1309	0.8518628	0.8618012	0.842151	0.0
1310	0.86532116	0.8924221	0.83981776	0.5
1311	0.85522866	0.8669591	0.8438115	-0.5
1312	0.8542373	0.83859915	0.87046987	-0.5
1313	0.8447053	0.8442193	0.84519166	-1.0
1314	0.88850754	0.8972885	0.87989676	0.0
1315	0.87871957	0.88591576	0.8716394	0.0
1316	0.83192337	0.8302458	0.83360773	1.0
1317	0.8665705	0.8717878	0.86141527	0.5
1318	0.84978473	0.86333495	0.8366533	1.0
1319	0.87454796	0.8900562	0.85957086	0.5
1320	0.8627675	0.872488	0.85326123	0.5
1321	0.79249763	0.7916416	0.79335546	0.0
1322	0.8493477	0.8440193	0.85474384	0.0
1323	0.8770449	0.89520776	0.8596044	0.5
1324	0.86845267	0.87285316	0.8640964	0.0
1325	0.866439	0.87587184	0.8572071	1.0
1326	0.85811454	0.86790717	0.8485404	-0.5
1327	0.8520287	0.8395489	0.86488515	0.0
1328	0.86853683	0.86765087	0.86942464	-0.5
1329	0.9108725	0.9103181	0.91142774	0.5
1330	0.8573486	0.8547241	0.8599894	-1.0
1331	0.8842255	0.89813554	0.8707397	1.0
1332	0.84004617	0.8358515	0.84428316	0.0
1333	0.8790534	0.8769405	0.8811765	0.0
1334	0.8635751	0.88585144	0.84239167	-0.5
1335	0.8606797	0.8472886	0.8745008	0.0
1336	0.8473379	0.8459609	0.8487195	0.0
1337	0.8715979	0.8930171	0.851182	0.0
1338	0.91330326	0.92057794	0.90614265	0.5
1339	0.8775812	0.89489454	0.860925	0.0
1340	0.88579106	0.89036095	0.8812679	0.5
1341	0.9200844	0.9111923	0.9291518	1.0
1342	0.8674732	0.86518687	0.8697716	-0.5
1343	0.8841725	0.9246662	0.8470767	0.0
1344	0.8440844	0.8594502	0.82925844	-1.0
1345	0.8515448	0.8602945	0.8429713	0.0
1346	0.88841134	0.9088616	0.86886114	0.0
1347	0.8876065	0.86887425	0.90716434	0.5
1348	0.87757814	0.87771064	0.87744564	-0.5
1349	0.8790123	0.8776221	0.88040704	0.0
1350	0.8694438	0.871479	0.86741805	0.5
1351	0.8491833	0.8501034	0.84826523	0.5
1352	0.8780654	0.8654907	0.8910108	0.0
1353	0.8830084	0.9113122	0.8564098	0.5
1354	0.8912706	0.883565	0.8991117	1.0
1355	0.90218467	0.92326117	0.88204896	0.5
1356	0.88012564	0.8766437	0.8836354	0.0
1357	0.8834044	0.8970765	0.8701427	0.0
1358	0.84768313	0.85670006	0.838854	0.0
1359	0.8695125	0.86213136	0.8770211	0.0
1360	0.890477	0.8967409	0.8843	0.0
1361	0.8635843	0.86382556	0.8633431	0.0
1362	0.85779023	0.86479324	0.85089976	1.0
1363	0.8600878	0.85848814	0.86169344	0.0
1364	0.85767126	0.878838	0.83750004	-1.0
1365	0.8532256	0.83600277	0.87117314	1.0
1366	0.8363316	0.8606783	0.8133245	0.5
1367	0.85108143	0.85408443	0.8480995	-0.5
1368	0.83393055	0.83555216	0.83231527	-0.5
1369	0.8654168	0.89074874	0.841486	-0.5
1370	0.86726886	0.8751164	0.8595607	1.0
1371	0.83663523	0.85271996	0.82114625	0.0
1372	0.88913643	0.9117211	0.86764365	1.0
1373	0.8552045	0.86588156	0.84478754	0.5
1374	0.8384301	0.8503946	0.82679754	-0.5
1375	0.81341535	0.81103426	0.81581056	-0.5
1376	0.87178385	0.8887851	0.8554208	0.5
1377	0.89418787	0.89568704	0.89269376	-1.0
1378	0.8647133	0.8910484	0.8398901	0.0
1379	0.78564847	0.7587779	0.8144919	0.0
1380	0.8667042	0.8630183	0.87042177	0.5
1381	0.8757843	0.8814159	0.8702241	0.5
1382	0.8529796	0.86467165	0.8415995	0.0
1383	0.86611164	0.8609752	0.87130964	1.0
1384	0.86552763	0.8634634	0.8676017	0.5
1385	0.8530101	0.8643098	0.8420021	1.0
1386	0.85065013	0.8484001	0.8529121	0.0
1387	0.86364454	0.8511844	0.8764748	1.0
1388	0.8806678	0.87994236	0.88139445	0.5
1389	0.8579576	0.8649854	0.85104305	0.0
1390	0.8738481	0.8919663	0.8564512	0.0
1391	0.87777555	0.88293517	0.87267596	0.0
1392	0.8660717	0.8786535	0.8538451	1.0
1393	0.8669226	0.87092555	0.8629563	0.0
1394	0.8816085	0.87977153	0.88345325	0.5
1395	0.8932355	0.8871225	0.89943343	1.0
1396	0.92069894	0.935247	0.9065966	0.0
1397	0.8477898	0.8708392	0.82592916	1.0
1398	0.88999605	0.88880163	0.8911937	-1.0
1399	0.78001225	0.7933198	0.76714367	0.0
1400	0.84706384	0.85457087	0.8396875	1.0
1401	0.8830338	0.88254434	0.8835238	0.5
1402	0.8351954	0.8585261	0.81309927	0.0
1403	0.85375005	0.8697821	0.8382983	0.5
1404	0.83113617	0.8452301	0.8175046	0.5
1405	0.8644996	0.84775615	0.8819178	0.0
1406	0.87252396	0.874128	0.8709258	0.0
1407	0.8473866	0.841328	0.85353297	-0.5
1408	0.8425416	0.85379857	0.83157754	0.0
1409	0.83564377	0.85321087	0.8187855	-0.5
1410	0.82581675	0.81643254	0.8354192	-0.5
1411	0.8548098	0.85715646	0.85247594	0.5
1412	0.89736676	0.9059671	0.88892823	1.0
1413	0.8740619	0.890403	0.85830975	-0.5
1414	0.86869764	0.8734704	0.8639767	0.0
1415	0.88191545	0.8774541	0.88642246	1.0
1416	0.8973559	0.8918091	0.90297216	0.0
1417	0.8754011	0.8396146	0.914374	-1.0
1418	0.8631405	0.8776594	0.8490943	1.0
1419	0.8458966	0.8676988	0.8251632	0.0
1420	0.88172257	0.8946582	0.86915565	0.0
1421	0.91098374	0.9129366	0.90903914	0.5
1422	0.83461994	0.84708196	0.8225194	0.0
1423	0.83718127	0.8197433	0.8553773	-0.5
1424	0.86950535	0.86727345	0.87174875	-1.0
1425	0.857923	0.87166953	0.8446031	0.5
1426	0.89313114	0.910309	0.87658954	0.5
1427	0.87708837	0.88202834	0.87220347	1.0
1428	0.8616922	0.8590987	0.86430126	0.5
1429	0.87822115	0.8877011	0.8689416	0.0
1430	0.86177224	0.87657106	0.8474648	0.0
1431	0.87942904	0.88643193	0.87253594	0.5
1432	0.85152745	0.84523726	0.8579119	0.5
1433	0.87736636	0.87691146	0.8778217	0.5
1434	0.8599701	0.86395496	0.8560219	0.0
1435	0.85740507	0.8740002	0.8414284	0.0
1436	0.90328014	0.90633416	0.90024674	0.0
1437	0.819286	0.80403936	0.835122	0.5
1438	0.8352862	0.83198076	0.83861816	-0.5
1439	0.86679184	0.9018199	0.83438313	0.5
1440	0.8794106	0.8851977	0.8736988	0.5
1441	0.82094604	0.8193576	0.82254064	0.0
1442	0.8592574	0.8638613	0.8547023	0.5
1443	0.86764586	0.85190374	0.8839807	0.0
1444	0.8910675	0.8939686	0.88818514	0.0
1445	0.88166654	0.88163215	0.88170093	0.5
1446	0.8139889	0.827792	0.8006386	-0.5
1447	0.8282628	0.8276358	0.8288906	0.0
1448	0.85412085	0.8416958	0.86691815	-1.0
1449	0.817748	0.82204413	0.8134965	0.0
1450	0.82636786	0.8527521	0.8015674	0.5
1451	0.9444925	0.95105255	0.9380224	0.0
1452	0.87884974	0.89051116	0.8674897	0.0
1453	0.8603307	0.870554	0.8503448	0.0
1454	0.83703095	0.82270116	0.8518688	0.0
1455	0.8558883	0.85428697	0.8574956	0.5
1456	0.8943704	0.9047797	0.88419783	1.0
1457	0.8728585	0.8862156	0.859898	0.5
1458	0.90275115	0.8983745	0.90717065	0.5
1459	0.8172375	0.8261424	0.80852246	-0.5
1460	0.8376116	0.8427556	0.8325301	0.0
1461	0.86834496	0.8661358	0.8705655	1.0
1462	0.85804147	0.85957617	0.85651225	0.0
1463	0.8649967	0.86549515	0.86449885	0.0
1464	0.8951504	0.89970547	0.89064133	0.5
1465	0.8828903	0.91127795	0.85621786	0.5
1466	0.83968776	0.8318422	0.8476827	0.5
1467	0.83244544	0.8150268	0.85062486	0.0
1468	0.8495768	0.86279833	0.8367543	1.0
1469	0.87444943	0.8674175	0.88159627	-1.0
1470	0.83525556	0.8102056	0.8619039	0.0
1471	0.8595319	0.84294707	0.8767825	0.0
1472	0.8437795	0.83560956	0.85211086	0.0
1473	0.8632729	0.8509898	0.87591577	-0.5
1474	0.85616183	0.8863625	0.82795143	1.0
1475	0.8408909	0.8280796	0.8541049	0.5
1476	0.8379694	0.8348088	0.8411541	0.0
1477	0.8338646	0.8456861	0.82236904	0.5
1478	0.85135597	0.85302645	0.849692	0.0
1479	0.84242225	0.8317183	0.85340536	0.0
1480	0.8478607	0.8469468	0.8487765	0.0
1481	0.83027726	0.83001626	0.8305384	0.5
1482	0.8240881	0.8366018	0.81194323	-0.5
1483	0.8414723	0.8276707	0.855742	1.0
1484	0.89230824	0.91052794	0.8748035	0.0
1485	0.85995775	0.8726672	0.8476132	-0.5
1486	0.8780687	0.8765011	0.87964183	0.5
1487	0.86093026	0.8470016	0.8753247	-0.5
1488	0.8399613	0.86626184	0.8152108	0.5
1489	0.8308155	0.82534736	0.83635664	0.0
1490	0.87828475	0.8879109	0.8688651	0.0
1491	0.83968115	0.83506894	0.84434456	0.5
1492	0.8583047	0.86190283	0.85473645	0.5
1493	0.8500704	0.8403844	0.8599823	0.0
1494	0.85063046	0.8550983	0.84620905	-1.0
1495	0.8366092	0.83143586	0.8418474	-0.5
1496	0.839452	0.84757966	0.8314787	-0.5
1497	0.8172573	0.82157916	0.81298065	0.0
1498	0.85451585	0.8844596	0.8265332	0.0
1499	0.86121136	0.8591367	0.86329603	0.0
1500	0.81300765	0.81127536	0.81474733	-0.5
1501	0.80377513	0.7922679	0.8156215	1.0
1502	0.8308303	0.8221534	0.83969223	-1.0
1503	0.83122027	0.8338691	0.8285881	-1.0
1504	0.85314316	0.87061906	0.83635503	1.0
1505	0.85560423	0.83686936	0.8751972	-0.5
1506	0.85571724	0.8584295	0.85302204	0.5
1507	0.85611975	0.8704483	0.84225523	-1.0
1508	0.87002295	0.8653054	0.8747923	0.5
1509	0.8371792	0.84054154	0.83384365	-0.5
1510	0.83901477	0.87335247	0.8072751	0.0
1511	0.8857385	0.88752675	0.8839574	1.0
1512	0.83167005	0.81966025	0.844037	-1.0
1513	0.86287093	0.85672015	0.86911076	0.0
1514	0.87128675	0.86820096	0.87439466	-0.5
1515	0.8842659	0.89601433	0.8728216	0.0
1516	0.80401284	0.86089736	0.75417984	0.0
1517	0.8666598	0.8934705	0.84141135	0.0
1518	0.8652909	0.86221355	0.8683902	0.0
1519	0.84336203	0.8253511	0.86217654	1.0
1520	0.8811058	0.90889055	0.85496926	-0.5
1521	0.8948521	0.90609527	0.8838846	0.5
1522	0.83471924	0.83721215	0.83224106	-0.5
1523	0.8600969	0.86529243	0.8549633	0.5
1524	0.87160224	0.8890505	0.8548257	0.5
1525	0.8412864	0.84207326	0.8405012	0.5
1526	0.8319868	0.8396521	0.82446015	0.0
1527	0.84798175	0.8269349	0.87012804	-0.5
1528	0.9215643	0.929694	0.91357553	1.0
1529	0.88022256	0.88186496	0.8785863	0.5
1530	0.85615087	0.85629064	0.85601115	1.0
1531	0.8551998	0.8504737	0.8599788	1.0
1532	0.8377613	0.8234122	0.8526194	-1.0
1533	0.80581367	0.80686224	0.80476785	-0.5
1534	0.8819355	0.88120764	0.8826645	0.5
1535	0.87084806	0.8821978	0.85978657	0.5
1536	0.86944765	0.8681535	0.87074554	-0.5
1537	0.85328597	0.84557676	0.8611371	0.5
1538	0.8793461	0.91057473	0.85018843	0.0
1539	0.830839	0.8329129	0.8287752	0.0
1540	0.90173477	0.9127462	0.8909859	1.0
1541	0.8849507	0.8949889	0.8751351	0.0
1542	0.82602817	0.84140587	0.8112025	-1.0
1543	0.85964584	0.8592062	0.86008596	0.0
1544	0.85293245	0.8606723	0.8453305	0.0
1545	0.8591952	0.8929317	0.8279151	1.0
1546	0.88398	0.8922833	0.8758297	0.5
1547	0.85441	0.8426973	0.86645293	1.0
1548	0.8836807	0.89617085	0.871534	0.5
1549	0.8880721	0.8848933	0.8912737	1.0
1550	0.8752313	0.8798063	0.8707037	1.0
1551	0.86197776	0.8626461	0.8613105	-0.5
1552	0.81689095	0.8073984	0.8266095	-0.5
1553	0.8456613	0.85582465	0.8357364	0.5
1554	0.86939657	0.8480457	0.89185035	-0.5
1555	0.8321753	0.82827055	0.8361171	0.0
1556	0.88093776	0.8812286	0.88064706	0.5
1557	0.87156606	0.8573038	0.8863109	1.0
1558	0.87092054	0.8719474	0.86989605	0.0
1559	0.880028	0.8851781	0.8749374	1.0
1560	0.89654136	0.9096656	0.8837905	1.0
1561	0.89094484	0.8983531	0.8836578	0.5
1562	0.8762529	0.89333344	0.8598132	0.5
1563	0.8589096	0.8641203	0.8537614	0.5
1564	0.8884328	0.9216656	0.8575131	0.5
1565	0.8371058	0.88328564	0.7955148	0.5
1566	0.82580686	0.8256078	0.826006	0.0
1567	0.9135451	0.9024725	0.9248928	1.0
1568	0.85080147	0.87008435	0.8323548	0.5
1569	0.8958323	0.902343	0.8894149	1.0
1570	0.8728747	0.8760233	0.8697486	0.5
1571	0.84798324	0.84437186	0.8516257	0.0
1572	0.83610547	0.8626222	0.81117034	1.0
1573	0.8663239	0.8675366	0.86511457	0.0
1574	0.8996134	0.898595	0.90063405	0.5
1575	0.90200925	0.9139517	0.8903749	0.5
1576	0.8833423	0.8808859	0.88581246	0.5
1577	0.8481999	0.8688852	0.82847655	0.0
1578	0.8718343	0.8613364	0.8825912	0.5
1579	0.8588517	0.895582	0.82501537	0.0
1580	0.8665038	0.8586708	0.8744809	1.0
1581	0.8550759	0.84499454	0.8654006	0.5
1582	0.8699333	0.88664997	0.8538353	1.0
1583	0.8479971	0.8674977	0.82935405	0.5
1584	0.85151315	0.858092	0.8450343	0.0
1585	0.79042387	0.8398067	0.7465263	-1.0
1586	0.8645324	0.86696273	0.86211574	0.5
1587	0.85777164	0.84337497	0.87266845	0.5
1588	0.8557214	0.8508424	0.8606567	0.5
1589	0.8729091	0.8777353	0.86813575	0.0
1590	0.89210045	0.9104287	0.87449574	1.0
1591	0.8888869	0.89461535	0.8832314	0.0
1592	0.8772366	0.8660656	0.8886996	0.5
1593	0.87059385	0.8778284	0.86347747	0.0
1594	0.9018919	0.91305727	0.8909963	0.0
1595	0.87857985	0.8853368	0.87192523	1.0
1596	0.86743844	0.87035865	0.8645376	0.5
1597	0.86944956	0.87914336	0.8599672	0.5
1598	0.86683315	0.8745027	0.8592969	1.0
1599	0.91985804	0.92541945	0.914363	1.0
1600	0.8688078	0.8701953	0.8674246	0.0
1601	0.8550325	0.85456914	0.85549635	0.5
1602	0.8651015	0.8694573	0.86078924	0.0
1603	0.8797872	0.89125496	0.86861086	-1.0
1604	0.8454145	0.8391585	0.85176456	0.5
1605	0.88876414	0.8951907	0.8824292	1.0
1606	0.85775685	0.8834536	0.83351266	0.5
1607	0.84266245	0.84308946	0.84223586	-0.5
1608	0.828263	0.8393012	0.81751126	-1.0
1609	0.87832946	0.87011003	0.88670564	-0.5
1610	0.9047423	0.92268735	0.887482	0.5
1611	0.83567137	0.85997444	0.81270415	0.0
1612	0.8697616	0.87138766	0.86814165	-0.5
1613	0.8629392	0.84908223	0.877256	-0.5
1614	0.84716904	0.84511006	0.8492381	-1.0
1615	0.8613884	0.86351347	0.85927373	0.5
1616	0.87023544	0.86832917	0.8721502	0.0
1617	0.86350006	0.8772325	0.85019094	1.0
1618	0.9069042	0.89356416	0.92064863	0.0
1619	0.88467324	0.8985871	0.87118363	0.5
1620	0.84808326	0.8633746	0.83332413	0.0
1621	0.86303014	0.86813474	0.8579852	0.5
1622	0.837096	0.817553	0.8575961	0.0
1623	0.87257755	0.87760055	0.86761177	0.5
1624	0.9043929	0.87444776	0.93646175	1.0
1625	0.8653916	0.8425675	0.8894867	0.5
1626	0.8344942	0.8220933	0.8472748	-0.5
1627	0.85591376	0.8598528	0.8520107	1.0
1628	0.87622446	0.87988365	0.87259555	0.5
1629	0.8761621	0.87390685	0.87842906	0.5
1630	0.887923	0.9097276	0.8671393	0.5
1631	0.8853924	0.9009948	0.8703212	0.0
1632	0.8705686	0.8926791	0.84952694	1.0
1633	0.89881086	0.9014706	0.89616686	0.0
1634	0.8576556	0.82935363	0.88795745	-0.5
1635	0.86284983	0.87003696	0.8557805	1.0
1636	0.86827284	0.8631581	0.87344855	-0.5
1637	0.88268226	0.8891655	0.876293	0.5
1638	0.8423246	0.84938055	0.83538496	0.0
1639	0.90151143	0.9061824	0.8968884	0.5
1640	0.89066035	0.89069426	0.89062643	0.0
1641	0.871953	0.9107822	0.8362993	0.5
1642	0.8932823	0.89578295	0.8907956	0.0
1643	0.8459937	0.8410239	0.8510226	-0.5
1644	0.86067986	0.8571998	0.8641883	0.5
1645	0.84533924	0.83300257	0.85804695	-0.5
1646	0.8383331	0.83061236	0.8461986	-0.5
1647	0.8850913	0.88766277	0.88253474	0.5
1648	0.8749661	0.87832624	0.8716315	0.0
1649	0.863882	0.8559623	0.8719497	1.0
1650	0.94070816	0.95296973	0.928758	0.5
1651	0.889815	0.8869486	0.89269996	1.0
1652	0.8417274	0.8470785	0.8364435	-0.5
1653	0.8441638	0.87912005	0.81188107	0.5
1654	0.8960664	0.91488487	0.8780066	0.0
1655	0.8140414	0.8038368	0.8245084	-0.5
1656	0.8747236	0.87267333	0.8767835	1.0
1657	0.86496484	0.8823389	0.8482619	1.0
1658	0.87684023	0.8786321	0.8750557	-0.5
1659	0.912809	0.92385477	0.90202415	-1.0
1660	0.8819358	0.8671736	0.8972094	0.0
1661	0.8470208	0.84426254	0.8497972	0.5
1662	0.8778069	0.88799703	0.86784804	1.0
1663	0.88095725	0.88151467	0.8804004	0.5
1664	0.8676643	0.88122356	0.8545159	0.5
1665	0.8703583	0.8733921	0.86734545	1.0
1666	0.87799215	0.88921523	0.86704886	0.5
1667	0.85809773	0.8491787	0.8672062	0.5
1668	0.83710766	0.8596086	0.81575453	0.5
1669	0.8530188	0.86154157	0.844663	0.0
1670	0.9110962	0.9235023	0.899019	0.0
1671	0.8712957	0.86280304	0.87995726	0.0
1672	0.83508384	0.8339245	0.8362464	0.0
1673	0.86586875	0.8605579	0.8712456	0.0
1674	0.8551786	0.86725724	0.8434318	0.5
1675	0.86680686	0.8543679	0.8796134	1.0
1676	0.89188296	0.9001828	0.88373476	0.0
1677	0.8463256	0.8527839	0.8399644	-1.0
1678	0.86253715	0.8802419	0.8455306	0.0
1679	0.87676156	0.88457966	0.86908036	0.5
1680	0.842914	0.84348595	0.8423429	0.0
1681	0.8362952	0.82472086	0.848199	0.0
1682	0.8565801	0.8761517	0.83786374	0.5
1683	0.8493843	0.8827151	0.8184791	0.0
1684	0.8469751	0.8670166	0.8278392	0.0
1685	0.87939185	0.9017009	0.8581601	1.0
1686	0.8157722	0.82949233	0.8024986	0.5
1687	0.86008984	0.8653791	0.85486484	0.5
1688	0.8674168	0.8789135	0.85621685	-0.5
1689	0.86469764	0.8714303	0.8580682	0.0
1690	0.88109636	0.880707	0.881486	1.0
1691	0.8687694	0.8551489	0.88283074	1.0
1692	0.82864004	0.8225656	0.8348048	-0.5
1693	0.8153801	0.8127344	0.8180431	-1.0
1694	0.84036046	0.86795616	0.8144654	0.5
1695	0.8731032	0.8912239	0.8557047	0.5
1696	0.85484135	0.86293197	0.84690106	0.5
1697	0.86164325	0.8559585	0.8674041	0.0
1698	0.83556515	0.8476807	0.82379097	1.0
1699	0.86918306	0.8672243	0.8711508	0.5
1700	0.85410726	0.8688478	0.8398584	0.5
1701	0.8841095	0.89761853	0.8710012	0.0
1702	0.91841924	0.9225064	0.9143683	1.0
1703	0.8848758	0.880082	0.88972205	1.0
1704	0.8942582	0.8904223	0.8981272	-0.5
1705	0.8562861	0.8715872	0.841513	0.5
1706	0.87341946	0.87673	0.8701338	0.5
1707	0.8853633	0.8750794	0.89589185	-0.5
1708	0.8398727	0.83497214	0.84483105	-0.5
1709	0.868352	0.86741596	0.86929005	0.5
1710	0.9033601	0.9099059	0.896908	1.0
1711	0.86382425	0.8504829	0.8775908	0.5
1712	0.8321427	0.8087513	0.85692763	0.5
1713	0.87537926	0.8897184	0.861495	0.5
1714	0.8311025	0.847301	0.8155117	1.0
1715	0.8734459	0.86875165	0.8781912	0.5
1716	0.87198067	0.8895031	0.8551353	0.5
1717	0.8389073	0.86851585	0.811251	0.0
1718	0.85008925	0.845953	0.85426617	0.5
1719	0.8962501	0.8946435	0.89786255	0.5
1720	0.8386679	0.8520724	0.82567865	0.5
1721	0.8531252	0.87264824	0.8344567	0.5
1722	0.85886484	0.8635351	0.85424477	0.0
1723	0.84477395	0.8309349	0.8590817	0.0
1724	0.8817136	0.88812363	0.8753954	0.5
1725	0.8457207	0.8537382	0.83785254	-0.5
1726	0.8616802	0.85573274	0.86771095	1.0
1727	0.8646407	0.8763625	0.8532284	0.5
1728	0.85394776	0.8524095	0.8554915	1.0
1729	0.8589368	0.8517415	0.8662546	0.5
1730	0.83309853	0.82216537	0.84432626	0.5
1731	0.8437614	0.8457867	0.84174573	0.5
1732	0.8631471	0.8659559	0.86035645	0.5
1733	0.8665714	0.85282785	0.8807653	0.0
1734	0.89383143	0.9024477	0.8853782	1.0
1735	0.8591181	0.8450426	0.87367046	-0.5
1736	0.84834564	0.84951746	0.84717715	0.0
1737	0.8329601	0.83557457	0.830362	-1.0
1738	0.875636	0.88620996	0.8653114	0.0
1739	0.8148166	0.8003256	0.82984203	-1.0
1740	0.8676492	0.8644661	0.8708558	0.0
1741	0.87523216	0.88266915	0.86791945	-0.5
1742	0.86918086	0.8757432	0.86271614	-1.0
1743	0.81921357	0.8086038	0.8301054	-1.0
1744	0.8563057	0.8577616	0.8548547	1.0
1745	0.8749987	0.88058674	0.869481	0.0
1746	0.8525555	0.8465143	0.8586835	0.0
1747	0.8964551	0.8972675	0.8956441	0.5
1748	0.8824155	0.9103013	0.85618734	0.5
1749	0.8681559	0.88842887	0.8487874	0.5
1750	0.84471756	0.82371867	0.86681515	-0.5
1751	0.8443374	0.85242206	0.83640474	0.5
1752	0.88794696	0.89033365	0.8855731	0.0
1753	0.9019816	0.91787624	0.88662803	1.0
1754	0.90600526	0.89004177	0.92255175	0.0
1755	0.8719877	0.87358344	0.87039775	0.0
1756	0.8525224	0.86853015	0.837094	0.5
1757	0.88253075	0.8920568	0.873206	1.0
1758	0.8714525	0.87556124	0.86738217	-0.5
1759	0.8610995	0.864241	0.8579808	-1.0
1760	0.86489445	0.8782491	0.8519398	0.0
1761	0.85585463	0.8579401	0.8537794	-0.5
1762	0.8676906	0.8632404	0.87218696	-1.0
1763	0.8887794	0.89372146	0.8838917	0.0
1764	0.9224154	0.92759496	0.9172934	0.0
1765	0.8513955	0.8464	0.85645026	-0.5
1766	0.8529708	0.84294534	0.8632375	-0.5
1767	0.85476506	0.8394238	0.87067753	-0.5
1768	0.8814925	0.87030345	0.89297307	0.0
1769	0.85139704	0.8823754	0.8225199	0.5
1770	0.86018866	0.89275026	0.8299188	0.0
1771	0.8838953	0.8782956	0.88956684	1.0
1772	0.8564768	0.85387754	0.85909194	1.0
1773	0.80732644	0.80951774	0.80514693	0.0
1774	0.87066805	0.89110446	0.851148	0.0
1775	0.8651128	0.86969584	0.8605778	0.5
1776	0.87293565	0.8743547	0.87152123	0.0
1777	0.85333425	0.8465308	0.8602479	-0.5
1778	0.8907487	0.89345217	0.88806146	1.0
1779	0.90022993	0.9275261	0.8744944	0.5
1780	0.8719246	0.8719594	0.87188977	1.0
1781	0.87945247	0.8998835	0.8599285	1.0
1782	0.8810532	0.8720665	0.8902271	0.0
1783	0.88146436	0.88903946	0.8740172	0.5
1784	0.864465	0.87711346	0.85217625	0.0
1785	0.8432039	0.8278341	0.8591552	0.5
1786	0.8736435	0.8858639	0.8617557	0.5
1787	0.88369924	0.8925197	0.8750514	1.0
1788	0.85781926	0.8420976	0.87413913	-0.5
1789	0.83642304	0.83485997	0.837992	-1.0
1790	0.8803262	0.8580576	0.90378153	0.0
1791	0.8484894	0.8619498	0.83544296	0.5
1792	0.9118825	0.922824	0.9011973	0.5
1793	0.8902777	0.92125183	0.8613186	1.0
1794	0.85618836	0.8346052	0.8789174	0.5
1795	0.85656375	0.8706135	0.84296024	0.5
1796	0.86324185	0.847075	0.8800379	-0.5
1797	0.89549464	0.89812064	0.892884	0.5
1798	0.872219	0.8836886	0.8610433	0.5
1799	0.8779227	0.8760503	0.8798031	1.0
1800	0.8583013	0.8525519	0.86412877	0.0
1801	0.89861035	0.9107027	0.88683504	0.0
1802	0.9045487	0.9226614	0.8871335	1.0
1803	0.86827403	0.8658591	0.8707026	1.0
1804	0.8406384	0.8434357	0.83785963	0.5
1805	0.88170063	0.84823	0.91792125	0.0
1806	0.8787066	0.84633875	0.9136486	0.5
1807	0.83073807	0.8223995	0.8392475	-0.5
1808	0.8583375	0.84948224	0.8673795	0.5
1809	0.86404055	0.85639226	0.8718267	0.5
1810	0.9158277	0.9341568	0.89820415	0.5
1811	0.8458186	0.83603454	0.8558343	0.0
1812	0.9195515	0.9334005	0.90610737	0.5
1813	0.84999627	0.8490073	0.8509875	0.0
1814	0.85562056	0.86560935	0.84585965	0.5
1815	0.8633191	0.8654032	0.86124504	1.0
1816	0.87474704	0.87216574	0.87734365	0.5
1817	0.87828505	0.9020252	0.8557624	0.0
1818	0.8644576	0.8602616	0.8686948	0.0
1819	0.92094827	0.9407263	0.90198475	0.5
1820	0.86765945	0.8726751	0.86270106	0.5
1821	0.8484241	0.85107607	0.84578854	-0.5
1822	0.84651136	0.8425513	0.85050887	0.0
1823	0.84608096	0.83822083	0.8540898	0.5
1824	0.90315455	0.9084816	0.8978896	1.0
1825	0.81478584	0.8240013	0.8057742	0.0
1826	0.8461631	0.8293658	0.863655	-0.5
1827	0.8609878	0.8572668	0.8647412	0.0
1828	0.8699672	0.8971404	0.8443917	0.5
1829	0.8395957	0.84252405	0.8366877	0.5
1830	0.8847068	0.88290024	0.88652074	1.0
1831	0.8398528	0.8385366	0.8411732	0.0
1832	0.8439539	0.87637085	0.8138496	-1.0
1833	0.8824379	0.86506504	0.90052295	0.5
1834	0.8487734	0.85827047	0.83948433	1.0
1835	0.8421507	0.8632167	0.8220884	-0.5
1836	0.8895347	0.91246265	0.8677308	0.5
1837	0.8769196	0.88605255	0.867973	0.0
1838	0.8762534	0.89089996	0.8620807	0.0
1839	0.8682915	0.86506337	0.87154377	0.5
1840	0.8962415	0.9042259	0.8883969	0.0
1841	0.8933833	0.9018985	0.88502735	0.5
1842	0.8507684	0.8480428	0.8535116	1.0
1843	0.8689607	0.8689629	0.8689585	1.0
1844	0.874864	0.9026947	0.848698	0.0
1845	0.8578264	0.857749	0.8579039	0.0
1846	0.84066975	0.84549856	0.8358958	0.5
1847	0.8547225	0.84751546	0.8620533	0.0
1848	0.8730033	0.87386364	0.87214464	0.0
1849	0.83546257	0.8602073	0.8121016	0.0
1850	0.87266	0.8806745	0.86479	-1.0
1851	0.85577	0.87242335	0.8397406	0.5
1852	0.84654295	0.85641587	0.8368951	-1.0
1853	0.8456753	0.84447986	0.8468742	0.0
1854	0.87113565	0.8725565	0.86971945	1.0
1855	0.8579378	0.86353546	0.85241234	-0.5
1856	0.8711116	0.8840436	0.8585525	0.5
1857	0.88561946	0.8751382	0.89635473	0.0
1858	0.8530147	0.86268574	0.8435582	1.0
1859	0.80546457	0.8051566	0.8057727	0.5
1860	0.85059416	0.8755808	0.8269941	0.5
1861	0.8678667	0.88006806	0.855999	0.0
1862	0.8515324	0.870597	0.8332849	-0.5
1863	0.8746403	0.88110995	0.868265	-0.5
1864	0.87760425	0.89289343	0.8628298	1.0
1865	0.8392919	0.84862113	0.8301655	-0.5
1866	0.8642974	0.88160765	0.8476538	0.5
1867	0.8431344	0.8644496	0.8228449	0.0
1868	0.90581995	0.94964856	0.86585855	0.0
1869	0.8649581	0.87375546	0.8563361	0.5
1870	0.8805672	0.88523763	0.87594575	-0.5
1871	0.87645197	0.86941254	0.8836063	1.0
1872	0.85281146	0.8609136	0.8448603	1.0
1873	0.87328345	0.8552522	0.8920914	1.0
1874	0.83681506	0.8318467	0.8418431	-0.5
1875	0.8808962	0.89001983	0.8719577	0.0
1876	0.8545607	0.8422931	0.86719096	0.0
1877	0.86436313	0.8715674	0.8572768	0.0
1878	0.8451488	0.86612856	0.82516134	0.0
1879	0.8560343	0.8500746	0.86207795	1.0
1880	0.86277115	0.8680114	0.85759366	0.5
1881	0.87105566	0.8717841	0.8703285	0.5
1882	0.89259636	0.90772843	0.87796056	0.5
1883	0.8725289	0.8809654	0.86425245	0.5
1884	0.88659084	0.8965573	0.8768437	1.0
1885	0.85596925	0.8604067	0.8515774	0.0
1886	0.88674146	0.9002192	0.8736614	0.5
1887	0.8876886	0.896414	0.8791314	-0.5
1888	0.9196752	0.9299173	0.90965617	0.5
1889	0.82243615	0.8162507	0.828716	-0.5
1890	0.8219455	0.81498384	0.82902706	0.5
1891	0.837906	0.83173054	0.8441738	0.5
1892	0.8632895	0.8668565	0.8597516	1.0
1893	0.8678589	0.89070284	0.84615725	1.0
1894	0.86343545	0.8741329	0.8529967	0.0
1895	0.8564378	0.86225855	0.8506951	0.5
1896	0.86400986	0.85295373	0.8753562	-0.5
1897	0.8938007	0.9217292	0.8675149	-1.0
1898	0.8565314	0.8685206	0.84486866	0.5
1899	0.8772999	0.9068487	0.849616	0.0
1900	0.8332697	0.8367833	0.8297855	0.5
1901	0.87394553	0.86186445	0.88637024	0.0
1902	0.86505204	0.8649081	0.86519593	0.0
1903	0.87159413	0.88791037	0.85586673	0.0
1904	0.8750626	0.87284434	0.87729216	0.0
1905	0.8603227	0.87681186	0.84444225	0.5
1906	0.83676493	0.846022	0.8277083	0.5
1907	0.88733304	0.89560413	0.8792133	0.5
1908	0.86083037	0.88090545	0.84164983	0.5
1909	0.83925265	0.84952796	0.8292229	-0.5
1910	0.8441933	0.8764961	0.8141869	0.5
1911	0.8415286	0.84501445	0.83807135	0.0
1912	0.8662694	0.88832635	0.84528124	0.5
1913	0.8702044	0.8757518	0.8647268	0.0
1914	0.9126254	0.9222861	0.9031649	0.0
1915	0.8661304	0.8653581	0.866904	1.0
1916	0.90525246	0.9249812	0.8863478	0.0
1917	0.8908654	0.8840513	0.8977853	0.5
1918	0.86555696	0.8776753	0.85376877	1.0
1919	0.8521346	0.8729358	0.83230174	0.5
1920	0.8471819	0.8394613	0.8550459	-0.5
1921	0.8603794	0.8731566	0.8479707	1.0
1922	0.86572224	0.8684677	0.8629941	0.5
1923	0.8801276	0.9039589	0.8575205	0.0
1924	0.8552643	0.87716883	0.8344271	0.0
1925	0.87071586	0.85926175	0.8824794	0.0
1926	0.88693213	0.880117	0.8938537	-0.5
1927	0.8190931	0.8155771	0.82263964	-0.5
1928	0.8180573	0.81547916	0.82065177	-0.5
1929	0.8645361	0.85254073	0.87687385	0.5
1930	0.8583383	0.85000855	0.8668331	1.0
1931	0.9060727	0.9076449	0.90450585	0.5
1932	0.8445783	0.8520337	0.8372523	0.5
1933	0.85793155	0.86537755	0.8506126	1.0
1934	0.89696056	0.90573484	0.88835466	0.0
1935	0.8620896	0.8560004	0.8682659	0.0
1936	0.84844077	0.8548298	0.84214646	0.0
1937	0.85948175	0.8460418	0.8733557	1.0
1938	0.8964975	0.90589565	0.8872923	0.0
1939	0.8843675	0.9076853	0.8622178	0.0
1940	0.83999383	0.8357971	0.844233	-0.5
1941	0.87436396	0.89866656	0.8513411	0.5
1942	0.88701934	0.8765236	0.8977695	1.0
1943	0.83112967	0.8407946	0.8216845	-0.5
1944	0.849556	0.86298805	0.8365357	0.0
1945	0.88363576	0.86999285	0.8977135	-0.5
1946	0.84619176	0.86023617	0.8325985	1.0
1947	0.8678067	0.88601756	0.8503293	-0.5
1948	0.8447263	0.8362584	0.8533674	0.0
1949	0.87225395	0.8615584	0.88321835	0.0
1950	0.8403272	0.8570218	0.8242706	0.0
1951	0.8767295	0.8876111	0.8661114	1.0
1952	0.87620324	0.8708005	0.8816734	1.0
1953	0.8896524	0.89702314	0.88240176	1.0
1954	0.8365214	0.8498025	0.8236491	0.0
1955	0.8696958	0.8791618	0.8604315	0.5
1956	0.8670023	0.8622414	0.87181604	0.5
1957	0.846864	0.8603218	0.8338206	0.0
1958	0.8930346	0.905639	0.8807762	0.5
1959	0.86352265	0.8622099	0.86483943	0.0
1960	0.876982	0.90819615	0.84784216	1.0
1961	0.7980598	0.7853872	0.81114805	0.5
1962	0.8724952	0.8855074	0.8598598	0.0
1963	0.8703185	0.87109375	0.8695446	0.5
1964	0.9221969	0.9437751	0.9015833	0.5
1965	0.8660632	0.8578629	0.8744218	0.5
1966	0.8485603	0.8390582	0.85828	0.5
1967	0.8596105	0.8723615	0.84722686	1.0
1968	0.85142803	0.86171883	0.8413801	0.5
1969	0.8621052	0.86520827	0.8590244	0.5
1970	0.8731948	0.88352406	0.8631042	0.5
1971	0.86760116	0.87854564	0.85692596	0.5
1972	0.80445117	0.80337346	0.80553186	-0.5
1973	0.87735283	0.8837125	0.87108415	0.5
1974	0.8463762	0.87384063	0.8205856	0.0
1975	0.7815259	0.77500397	0.7881586	-1.0
1976	0.8421388	0.8487255	0.83565354	0.0
1977	0.91664624	0.91964275	0.9136691	-0.5
1978	0.8747883	0.88124645	0.86842406	1.0
1979	0.8944639	0.90907735	0.8803129	0.0
1980	0.852498	0.8599854	0.84513986	0.5
1981	0.8554554	0.86947596	0.84187984	0.5
1982	0.87071645	0.85661566	0.88528925	1.0
1983	0.8381222	0.8412025	0.83506423	0.0
1984	0.8574934	0.85307807	0.86195457	0.5
1985	0.84817624	0.83229154	0.86467904	0.0
1986	0.8674074	0.8745912	0.8603406	0.0
1987	0.88890564	0.8996133	0.8784498	1.0
1988	0.8808396	0.8832208	0.87847114	1.0
1989	0.88792986	0.88876605	0.8870953	0.5
1990	0.89110315	0.894985	0.8872548	0.5
1991	0.8622482	0.8543946	0.87024754	0.5
1992	0.90310353	0.90333676	0.9028704	0.0
1993	0.8567815	0.844484	0.86944246	0.0
1994	0.8661487	0.8814503	0.85136926	-0.5
1995	0.8682474	0.8723575	0.8641759	0.0
1996	0.87954384	0.88925034	0.870047	-0.5
1997	0.8566259	0.8391775	0.87481534	0.0
1998	0.8660074	0.85676944	0.87544686	0.5
1999	0.8746595	0.86995	0.8794203	0.0
2000	0.8650013	0.87506616	0.8551654	0.0
2001	0.8557959	0.8674651	0.8444365	0.5
2002	0.84624755	0.8557285	0.8369744	0.5
2003	0.9165441	0.9318539	0.9017292	0.0
2004	0.8318443	0.82397795	0.83986217	0.0
2005	0.8276283	0.8079247	0.84831697	1.0
2006	0.84183216	0.82637745	0.85787594	0.0
2007	0.8532613	0.8532443	0.8532783	0.5
2008	0.88047934	0.91587067	0.84772146	1.0
2009	0.85258085	0.85316604	0.85199636	0.5
2010	0.8549311	0.83901924	0.8714582	-0.5
2011	0.8984175	0.9048032	0.8921213	1.0
2012	0.8745192	0.86137927	0.8880663	0.0
2013	0.86793983	0.8899035	0.8470343	0.0
2014	0.8931664	0.91691965	0.87061286	0.0
2015	0.8788719	0.88162005	0.87614083	-0.5
2016	0.8631436	0.86809707	0.8582463	1.0
2017	0.8919848	0.87830395	0.9060985	-0.5
2018	0.86539805	0.8720314	0.85886484	0.5
2019	0.90927553	0.90856504	0.9099871	1.0
2020	0.9014152	0.909953	0.89303625	1.0
2021	0.85393006	0.87225527	0.8363589	0.0
2022	0.8351271	0.83148235	0.83880395	-1.0
2023	0.85360855	0.8611195	0.8462276	0.5
2024	0.81163377	0.81734645	0.80600053	-0.5
2025	0.89925724	0.9056536	0.89295065	1.0
2026	0.96625084	0.96204585	0.97049284	1.0
2027	0.83925384	0.84947264	0.829278	0.0
2028	0.89293444	0.8831088	0.9029811	0.5
2029	0.882388	0.8838557	0.88092524	0.5
2030	0.8447039	0.85621583	0.8334974	0.5
2031	0.8632469	0.8470953	0.88002634	-0.5
2032	0.87979424	0.9072448	0.853956	0.5
2033	0.8749641	0.86312735	0.8871301	-0.5
2034	0.84883815	0.8472811	0.85040087	0.0
2035	0.86739004	0.87533677	0.8595862	1.0
2036	0.8659167	0.86314994	0.8687013	0.0
2037	0.8457282	0.85203767	0.8395115	0.5
2038	0.8692429	0.88752085	0.85170263	0.0
2039	0.88576376	0.89074916	0.88083386	0.0
2040	0.8524475	0.8579855	0.8469806	0.0
2041	0.84304136	0.8405376	0.8455602	0.0
2042	0.85594064	0.840698	0.87174624	0.0
2043	0.826528	0.8272415	0.82581574	0.5
2044	0.8457004	0.8366525	0.85494614	1.0
2045	0.89341915	0.90210265	0.8849012	1.0
2046	0.87879664	0.8784847	0.87910885	0.0
2047	0.86661845	0.8830224	0.8508129	0.0
2048	0.88246864	0.8787554	0.8862134	0.0
2049	0.87336516	0.8695396	0.87722456	0.5
2050	0.8769538	0.9168412	0.8403923	0.0
2051	0.8779495	0.89547944	0.8610927	0.5
2052	0.8521472	0.8517247	0.85257006	0.5
2053	0.8182705	0.830663	0.80624235	-0.5
2054	0.8927464	0.91983604	0.86720675	0.5
2055	0.87547886	0.88862026	0.8627205	0.0
2056	0.86132896	0.8580207	0.8646628	1.0
2057	0.8536677	0.8427911	0.86482865	-0.5
2058	0.8634023	0.85404897	0.8729628	-1.0
2059	0.88569826	0.8826113	0.8888069	0.5
2060	0.8479673	0.8496519	0.8462894	0.0
2061	0.8518203	0.8569176	0.8467833	0.0
2062	0.85271335	0.8492456	0.8562095	0.0
2063	0.8329362	0.8218475	0.8443282	0.0
2064	0.85393167	0.8601879	0.8477658	-0.5
2065	0.87817484	0.8739052	0.88248646	0.5
2066	0.85008574	0.8622066	0.838301	0.5
2067	0.899618	0.90809596	0.8912969	1.0
2068	0.86328787	0.86264294	0.8639338	0.0
2069	0.8720941	0.8617698	0.88266873	0.0
2070	0.87856084	0.874308	0.8828552	0.0
2071	0.83514273	0.8399274	0.83041227	0.0
2072	0.8973829	0.9014684	0.8933344	0.5
2073	0.8899906	0.9234141	0.8589022	0.5
2074	0.86931205	0.88471246	0.85443866	0.5
2075	0.9086626	0.92034173	0.89727616	1.0
2076	0.8652573	0.876801	0.8540135	0.0
2077	0.8515029	0.8637382	0.8396094	0.0
2078	0.8931452	0.9177221	0.8698503	0.0
2079	0.8398263	0.8405675	0.8390862	0.0
2080	0.92156184	0.91517574	0.92803764	1.0
2081	0.89262825	0.8926107	0.8926458	0.5
2082	0.8843518	0.89496845	0.8739841	0.5
2083	0.87541085	0.86516005	0.8859074	0.0
2084	0.86067444	0.8698597	0.8516812	1.0
