candidate_id	similarity	score
1	0.00998531457419491	0.6
2	0.012818661851406565	1.0
3	0.014286755708304453	0.4
4	0	1.0
5	0.00775659758319801	0.4
6	0	0.4
7	0.018348430861160718	1.0
8	0.012464958271950294	-0.2
9	0.01085432283917135	0.6
10	0.019970629148389814	-0.2
11	0	0.8
12	0.015251345577113372	0.8
13	0.009364379879582696	0.0
14	0.006524414779844621	0.4
15	0.008328571264099149	0.8
16	0	-0.4
17	0	0.0
18	0.017632307595927568	-0.4
19	0.012818661851406565	0.8
20	0	-0.4
21	0.008484993439442768	0.2
22	0.012130252087737667	0.0
23	0	0.0
24	0.011850836575148436	0.2
25	0.00616811139216299	0.2
26	0.03669686172232142	0.2
27	0.023626105287075646	0.2
28	0.010725482440147302	0.8
29	0.023676290438839374	0.8
30	0	-0.4
31	0.008991621150218485	0.8
32	0.04906687389522687	0.6
33	0.008328571264099149	0.4
34	0.01358992103784143	0.4
35	0.008328571264099149	0.6
36	0	-0.2
37	0.017632307595927568	1.0
38	0.016657142528198287	-0.2
39	0.010211007026016872	0.6
40	0	0.4
41	0	0.0
42	0.007143377854152226	-0.2
43	0.0219075150378175	1.0
44	0.010211007026016872	1.0
45	0.014753300267216912	1.0
46	0.019125190546757778	0.8
47	0.00775659758319801	0.8
48	0	-0.2
49	0.008647404075680322	0.6
50	0.025637323702813134	0.8
51	0.00775659758319801	0.0
52	0.009291690824680626	0.6
53	0	0.0
54	0.019125190546757778	1.0
55	0.010725482440147302	0.6
56	0.015251345577113372	0.0
57	0.014011438707358388	0.6
58	0.02138890207038367	0.4
59	0.014938121538806024	0.8
60	0.013436925270802353	1.0
61	0	0.4
62	0.01358992103784143	0.6
63	0.010476765028534665	0.2
64	0.0060850344434456695	0.2
65	0.006004165705230559	1.0
66	0.0219075150378175	0.4
67	0	0.2
68	0.008328571264099149	1.0
69	0.009769383983337267	0.4
70	0	0.4
71	0.011547924130793873	1.0
72	0	0.0
73	0.011121518667358235	0.6
74	0.029308151950011796	0.6
75	0	0.6
76	0.020422014052033748	0.8
77	0	0.6
78	0.0219075150378175	0.2
79	0.01169741960058761	0.0
80	0	0.4
81	0.0060850344434456695	0.6
82	0.005238382514267337	0.8
83	0.012336222784325992	0.8
84	0.0233948392011752	0.4
85	0.028687785820136664	0.2
86	0.0052998324435443445	0.6
87	0.011121518667358235	-0.2
88	0.025637323702813134	-0.6
89	0	-1.0
90	0	0.0
91	0.009174215430580354	0.2
92	0.011813052643537823	0.4
93	0.007625672788556692	0.4
94	0	0.0
95	0.025726138496000694	-0.2
96	0.011260111253693394	-0.6
97	0.005119660810963308	0.2
98	0.008484993439442768	-0.2
99	0	0.4
100	0.015784193625892912	0.8
101	0.012506976505085608	0.2
102	0	0.0
103	0.005630055626846692	1.0
104	0.005238382514267337	0.5
105	0	-0.5
106	0	0.0
107	0	0.5
108	0.005493148174973635	0.0
109	0.019970629148389814	0.5
110	0.01608822366022097	0.0
111	0.010447138680986044	1.0
112	0.008328571264099149	0.0
113	0.010012402642449405	1.0
114	0.02245190487479758	0.0
115	0.006431534624000169	0.0
116	0.014011438707358388	0.5
117	0.019538767966674534	0.5
118	0.024260504175475324	0.0
119	0.017321886196190812	0.0
120	0.009486798595790567	0.0
121	0.009174215430580354	0.0
122	0.03134141604295814	-1.0
123	0.01151202127936438	0.0
124	0.018255103330337016	0.5
125	0.008816153797963782	0.5
126	0	0.5
127	0	0.0
128	0.010447138680986044	0.0
129	0	0.5
130	0	1.0
131	0.0060850344434456695	0.5
132	0	0.0
133	0.01798324230043697	-0.5
134	0.01095375751890876	-1.0
135	0.009769383983337267	0.5
136	0.023626105287075646	0.0
137	0	0.0
138	0	0.5
139	0.028093139638748085	-0.5
140	0.015715147542802003	0.0
141	0.008177812315871148	0.5
142	0.023676290438839374	1.0
143	0.014753300267216912	-0.5
144	0.018728759759165377	1.0
145	0.005119660810963308	1.0
146	0.009486798595790567	0.5
147	0.011225952437398788	-0.5
148	0	1.0
149	0.027179842075682886	-0.5
150	0	0.5
151	0	0.0
152	0	0.0
153	0.016355624631742297	0.5
154	0.012863069248000352	1.0
155	0.008647404075680322	0.5
156	0	0.0
157	0.01169741960058761	0.0
158	0.005238382514267337	-0.5
159	0	0.0
160	0.008032414494642438	0.0
161	0.019125190546757778	0.0
162	0	0.0
163	0.01095375751890876	0.0
164	0.008328571264099149	0.5
165	0.010211007026016872	0.5
166	0	0.0
167	0.017632307595927568	0.5
168	0	-0.5
169	0.028687785820136664	-0.5
170	0	0.0
171	0.011813052643537823	-0.5
172	0.007625672788556692	0.0
173	0.010986296349947272	1.0
174	0.01151202127936438	0.0
175	0	0.5
176	0	0.0
177	0.007625672788556692	0.5
178	0.012464958271950294	-0.5
179	0.015513195166396035	0.5
180	0.01217006888689133	0.5
181	0.019538767966674534	1.0
182	0.02138890207038367	0.5
183	0.008647404075680322	0.0
184	0.01319302768224173	-0.5
185	0.009174215430580354	0.0
186	0.006004165705230559	-1.0
187	0	0.5
188	0.019538767966674534	0.0
189	0.008032414494642438	0.5
190	0	-0.5
191	0.012506976505085608	1.0
192	0.038455985554219696	0.0
193	0.02245190487479758	0.0
194	0	0.0
195	0	-0.5
196	0	0.5
197	0.014459946071271372	0.5
198	0.016657142528198287	0.0
199	0.01606482898928488	-1.0
200	0	0.0
201	0.008991621150218485	-0.5
202	0.0063412618746517165	0.0
203	0.016682278001037356	0.0
204	0.0052998324435443445	-0.5
205	0.006524414779844621	0.5
206	0.01696998687888554	0.0
207	0.018348430861160718	0.0
208	0	-0.5
209	0.005427161419585675	0.5
210	0	0.5
211	0.010356682534228289	-0.5
212	0	0.0
213	0.012008331410461119	0.0
214	0.012863069248000352	0.5
215	0	-1.0
216	0.01140220170257477	0.5
217	0.01358992103784143	-0.5
218	0.00998531457419491	0.0
219	0	1.0
220	0.02453343694761343	1.0
221	0	0.0
222	0	0.5
223	0.025637323702813134	0.0
224	0.008328571264099149	0.0
225	0.008177812315871148	0.5
226	0.017632307595927568	0.0
227	0.010599664887088689	0.0
228	0.015899497330633023	0.0
229	0.031992176672576825	0.5
230	0.008328571264099149	0.0
231	0.004598557915197071	0.5
232	0.00998531457419491	-0.5
233	0	-1.0
234	0.007143377854152226	0.0
235	0.023024042558728752	-1.0
236	0.010725482440147302	0.5
237	0.005119660810963308	-0.5
238	0.009388231112081211	0.5
239	0	1.0
240	0	0.0
241	0.010239321621926617	0.0
242	0.01151202127936438	1.0
243	0.016657142528198287	0.0
244	0.011547924130793873	0.0
245	0.005701100851287385	1.0
246	0.025637323702813134	0.0
247	0	-0.5
248	0.012008331410461119	0.0
249	0	0.0
250	0.012130252087737667	1.0
251	0	0.0
252	0	-1.0
253	0	1.0
254	0.005178341267114149	-0.5
255	0.005925418287574218	0.0
256	0.009562595273378893	0.0
257	0	-0.5
258	0.011225952437398788	0.0
259	0.015784193625892912	0.0
260	0.024260504175475324	0.0
261	0	0.0
262	0.018348430861160718	0.5
263	0.008991621150218485	0.0
264	0.010239321621926617	1.0
265	0.00616811139216299	-0.5
266	0	0.0
267	0.012818661851406565	1.0
268	0.025637323702813134	-1.0
269	0.017632307595927568	0.5
270	0.020894277361972097	0.0
271	0.012130252087737667	0.5
272	0.013848814833228619	0.5
273	0.028919892142542748	0.0
274	0	0.5
275	0.010476765028534665	0.5
276	0.02138890207038367	-0.5
277	0.023269792749594048	0.0
278	0	0.5
279	0.011260111253693394	0.0
280	0.011547924130793873	0.5
281	0	0.0
282	0.011850836575148436	0.5
283	0.01151202127936438	-0.5
284	0.010447138680986044	0.0
285	0.010599664887088689	0.0
286	0.012464958271950294	0.0
287	0.01140220170257477	0.0
288	0.015251345577113372	1.0
289	0.017632307595927568	-0.5
290	0.015899497330633023	-0.5
291	0.028022877414716776	0.0
292	0.011547924130793873	0.5
293	0	-0.5
294	0.005630055626846692	0.5
295	0.004951336770440426	0.5
296	0.009174215430580354	1.0
297	0.01599608833628841	-0.5
298	0	0.0
299	0.025454980318328293	0.0
300	0	0.5
301	0.008177812315871148	0.5
302	0	0.0
303	0	-0.5
304	0.01777625486272266	0.5
305	0	-0.5
306	0.007625672788556692	0.5
307	0	1.0
308	0	-0.5
309	0	-1.0
310	0.019970629148389814	1.0
311	0.01140220170257477	-0.5
312	0.008647404075680322	0.0
313	0.015784193625892912	0.0
314	0	0.0
315	0.02138890207038367	0.5
316	0.01169741960058761	0.0
317	0.005630055626846692	1.0
318	0	0.5
319	0.011260111253693394	0.0
320	0.027179842075682886	0.5
321	0.015784193625892912	0.5
322	0.010211007026016872	0.0
323	0.01606482898928488	0.0
324	0	0.0
325	0.016355624631742297	0.0
326	0.007499094616079434	1.0
327	0.00998531457419491	0.5
328	0.020773222249842942	-0.5
329	0.014753300267216912	0.0
330	0	0.5
331	0.01606482898928488	0.0
332	0.024929916543900588	0.5
333	0.008816153797963782	0.0
334	0.059752486155224105	0.0
335	0	0.0
336	0.01095375751890876	0.0
337	0	0.0
338	0.014011438707358388	0.0
339	0.015358982432889915	0.5
340	0	-0.5
341	0.012464958271950294	0.5
342	0.008647404075680322	1.0
343	0.010986296349947272	0.0
344	0	0.0
345	0	0.0
346	0.008991621150218485	1.0
347	0.006004165705230559	0.0
348	0	-0.5
349	0.010694451035191828	0.0
350	0.020422014052033748	1.0
351	0.012464958271950294	0.0
352	0.01501860396367411	0.5
353	0.010986296349947272	0.0
354	0	-0.5
355	0.028022877414716776	0.0
356	0	-0.5
357	0.012464958271950294	0.0
358	0.010599664887088689	-1.0
359	0.007143377854152226	1.0
360	0	-0.5
361	0.005238382514267337	0.0
362	0	0.0
363	0	1.0
364	0.01544901011134269	-1.0
365	0.008991621150218485	0.5
366	0.006620016968513161	-0.5
367	0.00998531457419491	0.0
368	0.009174215430580354	0.5
369	0.016355624631742297	0.0
370	0.005773962065396936	0.5
371	0.01095375751890876	-0.5
372	0.014459946071271372	0.0
373	0.016657142528198287	-0.5
374	0	1.0
375	0	1.0
376	0.007032188391725747	0.0
377	0.018012497115691684	0.5
378	0.01544901011134269	0.5
379	0	0.5
380	0.015513195166396035	0.5
381	0.01777625486272266	1.0
382	0	0.0
383	0.028919892142542748	-0.5
384	0.014011438707358388	1.0
385	0.017632307595927568	0.0
386	0.017321886196190812	0.5
387	0.01729480815136063	0.5
388	0	0.0
389	0	1.0
390	0.016355624631742297	1.0
391	0.018348430861160718	1.0
392	0.019125190546757778	0.0
393	0.010356682534228289	0.0
394	0.01358992103784143	-0.5
395	0.012336222784325992	-0.5
396	0.00616811139216299	0.0
397	0.01798324230043697	-0.5
398	0	-0.5
399	0.008177812315871148	0.0
400	0.020894277361972097	0.0
401	0.006819880559723916	0.5
402	0.01358992103784143	0.5
403	0	0.0
404	0.010694451035191828	0.0
405	0.00998531457419491	0.0
406	0.006431534624000169	0.0
407	0.02138890207038367	0.0
408	0.012130252087737667	1.0
409	0.015784193625892912	0.0
410	0.016355624631742297	0.5
411	0.01358992103784143	-0.5
412	0.007376650133608455	0.0
413	0	0.0
414	0.011225952437398788	0.0
415	0	1.0
416	0	0.0
417	0.012863069248000352	0.5
418	0.010476765028534665	0.0
419	0.006819880559723916	0.0
420	0.01957324433953387	1.0
421	0	0.0
422	0.005178341267114149	0.5
423	0.01151202127936438	-0.5
424	0	1.0
425	0.013436925270802353	0.5
426	0.009364379879582696	-0.5
427	0.01169741960058761	0.5
428	0.006718462635401176	0.0
429	0.023024042558728752	1.0
430	0.008991621150218485	0.5
431	0.00775659758319801	0.5
432	0.013048829559689255	1.0
433	0.008328571264099149	1.0
434	0.008032414494642438	1.0
435	0.01729480815136063	0.5
436	0	1.0
437	0.020894277361972097	0.5
438	0.02752264629174107	0.5
439	0.011850836575148436	0.0
440	0.010476765028534665	0.0
441	0.015784193625892912	0.0
442	0.005925418287574218	0.0
443	0.007499094616079434	0.0
444	0.005701100851287385	0.0
445	0.024929916543900588	-1.0
446	0.014286755708304453	0.0
447	0.007376650133608455	-1.0
448	0.02138890207038367	-0.5
449	0.010599664887088689	-1.0
450	0.01696998687888554	-1.0
451	0.016479444524920898	-0.5
452	0	0.5
453	0	-1.0
454	0.025637323702813134	-0.5
455	0.014011438707358388	1.0
456	0.025637323702813134	-0.5
457	0.029955943722584727	0.0
458	0.005701100851287385	0.5
459	0	0.0
460	0.010476765028534665	0.0
461	0.005427161419585675	0.0
462	0.020894277361972097	1.0
463	0.010725482440147302	0.5
464	0.008647404075680322	0.0
465	0.010986296349947272	0.0
466	0	0.5
467	0	-0.5
468	0	1.0
469	0.017632307595927568	-0.5
470	0.009562595273378893	1.0
471	0.026386055364483463	0.5
472	0.007143377854152226	0.5
473	0.006924407416614316	1.0
474	0.008328571264099149	0.0
475	0	0.0
476	0.007376650133608455	-0.5
477	0	0.0
478	0.019538767966674534	0.0
479	0.01217006888689133	0.0
480	0.006431534624000169	0.5
481	0.012130252087737667	0.5
482	0.024929916543900588	1.0
483	0.023024042558728752	-1.0
484	0.01696998687888554	-0.5
485	0.01217006888689133	0.5
486	0	0.5
487	0.00775659758319801	0.0
488	0.00979532352251764	0.0
489	0.005119660810963308	0.0
490	0.01729480815136063	0.0
491	0	0.5
492	0.019125190546757778	0.0
493	0.007892096812946456	1.0
494	0.014011438707358388	-0.5
495	0.01217006888689133	-0.5
496	0.02245190487479758	0.0
497	0.016657142528198287	0.0
498	0.008177812315871148	0.5
499	0.008816153797963782	0.0
500	0.018504334176488977	0.5
501	0	0.0
502	0.005630055626846692	-0.5
503	0.006004165705230559	0.5
504	0.012464958271950294	0.0
505	0.005119660810963308	0.0
506	0	0.0
507	0.01085432283917135	0.5
508	0.020953530057069333	0.0
509	0.01095375751890876	0.0
510	0	0.0
511	0.006524414779844621	1.0
512	0	0.5
513	0	0.5
514	0.010725482440147302	-1.0
515	0.009388231112081211	0.0
516	0	1.0
517	0.005630055626846692	0.0
518	0	0.0
519	0	0.5
520	0.010211007026016872	0.0
521	0	0.0
522	0.011260111253693394	0.0
523	0	-0.5
524	0.005427161419585675	0.0
525	0	1.0
526	0.01319302768224173	0.5
527	0.008991621150218485	0.0
528	0.006620016968513161	-0.5
529	0	1.0
530	0	0.5
531	0.014753300267216912	0.5
532	0.014753300267216912	0.5
533	0	-1.0
534	0	0.0
535	0	-0.5
536	0.020422014052033748	0.5
537	0.00469411555604061	0.0
538	0	0.0
539	0.005006201321224706	0.5
540	0	1.0
541	0.014011438707358388	0.0
542	0.023626105287075646	0.0
543	0	-1.0
544	0.005701100851287385	0.0
545	0.018255103330337016	0.0
546	0.006620016968513161	0.5
547	0.009562595273378893	0.0
548	0.022877018365670083	0.5
549	0.01095375751890876	-1.0
550	0.013048829559689255	-0.5
551	0.012818661851406565	0.0
552	0	-0.5
553	0.024260504175475324	-1.0
554	0.009769383983337267	0.5
555	0	-1.0
556	0.008991621150218485	-0.5
557	0.01499818923215887	0.0
558	0.010211007026016872	1.0
559	0.008328571264099149	0.5
560	0	0.5
561	0.009364379879582696	0.0
562	0.011225952437398788	0.0
563	0.023269792749594048	0.0
564	0.005925418287574218	-1.0
565	0.012464958271950294	0.0
566	0.02245190487479758	0.0
567	0.010694451035191828	0.5
568	0	0.0
569	0.009174215430580354	1.0
570	0	0.5
571	0	0.0
572	0.013048829559689255	0.5
573	0.020422014052033748	0.0
574	0.015513195166396035	0.0
575	0.019538767966674534	0.5
576	0.005701100851287385	0.0
577	0	-1.0
578	0.008484993439442768	1.0
579	0.009174215430580354	0.0
580	0.006620016968513161	-0.5
581	0	-0.5
582	0.007892096812946456	0.0
583	0.012130252087737667	1.0
584	0	0.0
585	0.013436925270802353	0.0
586	0.011260111253693394	0.0
587	0.010447138680986044	1.0
588	0	0.0
589	0.008328571264099149	0.5
590	0.012008331410461119	0.5
591	0.027179842075682886	-0.5
592	0.009174215430580354	0.5
593	0.01957324433953387	0.5
594	0.01085432283917135	1.0
595	0.01798324230043697	0.5
596	0.008484993439442768	0.0
597	0.009174215430580354	0.0
598	0	0.0
599	0.010447138680986044	1.0
600	0	1.0
601	0.010694451035191828	-1.0
602	0	0.0
603	0.012818661851406565	0.0
604	0.012464958271950294	0.0
605	0.02245190487479758	-0.5
606	0	-1.0
607	0.01729480815136063	0.5
608	0.015513195166396035	1.0
609	0.008032414494642438	0.0
610	0	0.0
611	0.005178341267114149	0.0
612	0	0.5
613	0.01696998687888554	0.0
614	0.007892096812946456	-0.5
615	0.004845138021448684	-0.5
616	0.01085432283917135	-0.5
617	0.010239321621926617	0.0
618	0.01095375751890876	1.0
619	0	1.0
620	0.010211007026016872	0.0
621	0.024260504175475324	0.5
622	0	1.0
623	0.01169741960058761	0.0
624	0.025637323702813134	-0.5
625	0.008991621150218485	0.0
626	0	0.5
627	0	0.0
628	0	0.0
629	0.04490380974959516	0.0
630	0.04203431612207518	0.0
631	0	-0.5
632	0.01140220170257477	0.5
633	0.01798324230043697	-1.0
634	0	0.5
635	0.028022877414716776	-0.5
636	0.0145162801884517	0.5
637	0.014064376783451496	0.0
638	0.007032188391725747	0.0
639	0	-0.5
640	0.028093139638748085	0.5
641	0.007258140094225849	1.0
642	0.016479444524920898	0.0
643	0.009562595273378893	0.0
644	0.01544901011134269	0.0
645	0.008484993439442768	0.5
646	0.005493148174973635	-0.5
647	0.01986005090553949	0.5
648	0.02138890207038367	0.0
649	0	-0.5
650	0.00536274122007365	0.5
651	0.006004165705230559	0.0
652	0	1.0
653	0.015251345577113372	-0.5
654	0	0.0
655	0.005773962065396936	0.5
656	0.008177812315871148	0.0
657	0.011547924130793873	0.0
658	0	-0.5
659	0	0.5
660	0.01319302768224173	0.5
661	0	-0.5
662	0.008484993439442768	1.0
663	0	0.5
664	0.010986296349947272	0.0
665	0	0.0
666	0	1.0
667	0	0.5
668	0.023626105287075646	1.0
669	0.03443074291476635	-1.0
670	0.019970629148389814	0.5
671	0.015715147542802003	0.0
672	0.01140220170257477	0.0
673	0.015513195166396035	0.5
674	0	-0.5
675	0.02245190487479758	0.5
676	0.008328571264099149	1.0
677	0	-0.5
678	0.008484993439442768	0.5
679	0.012863069248000352	0.5
680	0.005925418287574218	0.0
681	0.017632307595927568	0.5
682	0.010012402642449405	0.0
683	0	1.0
684	0.005925418287574218	-0.5
685	0.013240033937026337	0.5
686	0.01140220170257477	0.5
687	0.012130252087737667	0.5
688	0.015513195166396035	0.0
689	0.013848814833228619	0.0
690	0.0055607593336791175	0.0
691	0.018348430861160718	0.0
692	0	1.0
693	0.018348430861160718	0.0
694	0.018348430861160718	-0.5
695	0	0.5
696	0.011813052643537823	0.5
697	0.010356682534228289	0.0
698	0.009562595273378893	0.5
699	0.01095375751890876	0.5
700	0.01151202127936438	1.0
701	0	0.5
702	0.011260111253693394	0.5
703	0	0.0
704	0.02138890207038367	1.0
705	0.00775659758319801	0.0
706	0.019023785623955156	0.0
707	0.02138890207038367	0.5
708	0.026386055364483463	1.0
709	0.01798324230043697	0.5
710	0	0.0
711	0.01606482898928488	-0.5
712	0.005493148174973635	-0.5
713	0	0.5
714	0.007143377854152226	1.0
715	0	0.0
716	0.01319302768224173	-1.0
717	0.00616811139216299	0.5
718	0	-1.0
719	0.028919892142542748	0.5
720	0.01608822366022097	0.0
721	0	-0.5
722	0	-1.0
723	0	0.5
724	0	1.0
725	0.014064376783451496	0.5
726	0.01217006888689133	0.0
727	0.007499094616079434	1.0
728	0.010725482440147302	0.5
729	0.0145162801884517	0.5
730	0.01319302768224173	0.5
731	0	0.0
732	0.012008331410461119	0.5
733	0.013436925270802353	0.5
734	0.01085432283917135	1.0
735	0.011813052643537823	1.0
736	0.012818661851406565	0.0
737	0	-0.5
738	0.009291690824680626	0.0
739	0.020459641679171737	0.5
740	0.008032414494642438	0.0
741	0.01798324230043697	0.0
742	0.016657142528198287	0.0
743	0	0.0
744	0.011121518667358235	0.5
745	0.010599664887088689	0.0
746	0.010694451035191828	0.5
747	0.01169741960058761	0.0
748	0.019970629148389814	-0.5
749	0.016355624631742297	0.0
750	0.00998531457419491	1.0
751	0	0.5
752	0	0.5
753	0.005427161419585675	0.0
754	0.007258140094225849	1.0
755	0.01729480815136063	1.0
756	0	0.0
757	0.01606482898928488	1.0
758	0.016355624631742297	0.0
759	0.007625672788556692	0.0
760	0	-0.5
761	0.006819880559723916	0.5
762	0	-1.0
763	0.009486798595790567	0.0
764	0.007258140094225849	1.0
765	0.010725482440147302	0.5
766	0.006524414779844621	0.5
767	0	1.0
768	0.020894277361972097	0.0
769	0.023024042558728752	0.5
770	0	0.5
771	0.014535414064346054	0.5
772	0	0.5
773	0.01358992103784143	0.0
774	0	0.5
775	0	0.5
776	0	0.0
777	0	-0.5
778	0.01700921431684559	1.0
779	0.005848709800293804	-0.5
780	0.011121518667358235	0.0
781	0.007892096812946456	-0.5
782	0.028919892142542748	-1.0
783	0.015513195166396035	0.0
784	0	0.0
785	0	0.0
786	0	0.0
787	0	0.5
788	0	0.0
789	0	1.0
790	0	0.0
791	0	0.0
792	0.01729480815136063	0.0
793	0.008032414494642438	0.5
794	0.01151202127936438	0.0
795	0.010239321621926617	0.5
796	0	-0.5
797	0.008177812315871148	0.5
798	0.018728759759165377	0.5
799	0	0.0
800	0.009174215430580354	0.5
801	0	-0.5
802	0.02119932977417736	0.0
803	0.009364379879582696	0.5
804	0.008328571264099149	0.5
805	0.010239321621926617	-0.5
806	0.0145162801884517	1.0
807	0.04090250918284347	0.5
808	0.01729480815136063	1.0
809	0.01095375751890876	0.0
810	0.01095375751890876	0.5
811	0.005630055626846692	0.5
812	0	0.5
813	0	0.0
814	0.008816153797963782	0.5
815	0	-0.5
816	0.023024042558728752	0.5
817	0.006718462635401176	-0.5
818	0	1.0
819	0.013048829559689255	0.5
820	0.010124590802579074	0.5
821	0.019538767966674534	0.0
822	0	1.0
823	0.008484993439442768	0.5
824	0.01729480815136063	1.0
825	0.01085432283917135	0.0
826	0	1.0
827	0.005773962065396936	-0.5
828	0	1.0
829	0.018348430861160718	0.5
830	0.01696998687888554	-0.5
831	0	-0.5
832	0.00536274122007365	-0.5
833	0	0.5
834	0	-0.5
835	0	-0.5
836	0.008991621150218485	0.5
837	0.031568387251785825	1.0
838	0.00998531457419491	0.0
839	0.007892096812946456	0.5
840	0.03739487481585089	0.0
841	0	0.0
842	0.007376650133608455	0.0
843	0.012130252087737667	0.0
844	0.015358982432889915	0.0
845	0.016479444524920898	0.0
846	0.013048829559689255	1.0
847	0.027179842075682886	-0.5
848	0.014459946071271372	0.0
849	0.010725482440147302	-0.5
850	0.01140220170257477	0.5
851	0.014459946071271372	0.5
852	0.009364379879582696	0.5
853	0.010211007026016872	-0.5
854	0.009364379879582696	0.0
855	0.006718462635401176	0.5
856	0.007376650133608455	1.0
857	0	0.5
858	0.02138890207038367	0.5
859	0.020894277361972097	-0.5
860	0.013048829559689255	0.0
861	0.010124590802579074	0.0
862	0.008328571264099149	0.5
863	0.016657142528198287	0.0
864	0.006524414779844621	1.0
865	0	0.5
866	0.007625672788556692	0.5
867	0.031267441262714024	0.5
868	0.01729480815136063	0.0
869	0	0.0
870	0.008484993439442768	1.0
871	0.010986296349947272	1.0
872	0	-0.5
873	0.01085432283917135	0.0
874	0.0055607593336791175	0.0
875	0	0.5
876	0	0.0
877	0.020155387906203536	0.5
878	0	-0.5
879	0.011850836575148436	0.0
880	0.004897661761258819	0.0
881	0	-0.5
882	0	1.0
883	0	0.5
884	0.010356682534228289	-0.5
885	0.0060850344434456695	0.0
886	0.005178341267114149	0.5
887	0	0.0
888	0	0.0
889	0	0.0
890	0	0.0
891	0.009364379879582696	0.5
892	0.009562595273378893	1.0
893	0.015715147542802003	0.0
894	0.011225952437398788	-0.5
895	0.01599608833628841	0.0
896	0.01085432283917135	0.5
897	0.008816153797963782	0.5
898	0	-0.5
899	0.011260111253693394	0.5
900	0	0.5
901	0.004845138021448684	0.5
902	0.010211007026016872	0.5
903	0	1.0
904	0	0.0
905	0	0.5
906	0.010211007026016872	-1.0
907	0.015251345577113372	0.5
908	0.01729480815136063	0.5
909	0.02245190487479758	1.0
910	0	-1.0
911	0	-1.0
912	0.010986296349947272	1.0
913	0.01151202127936438	0.0
914	0.005925418287574218	1.0
915	0.019125190546757778	0.0
916	0.01151202127936438	0.5
917	0.0052998324435443445	0.0
918	0.013436925270802353	1.0
919	0.015784193625892912	0.5
920	0	1.0
921	0.017103302553862144	0.0
922	0.00469411555604061	0.5
923	0.010694451035191828	-0.5
924	0.005701100851287385	-0.5
925	0	0.0
926	0.016682278001037356	-0.5
927	0.014535414064346054	0.0
928	0.006819880559723916	0.0
929	0.02138890207038367	-0.5
930	0	-1.0
931	0.012682523749303422	0.5
932	0.010694451035191828	-0.5
933	0.013848814833228619	1.0
934	0.019970629148389814	0.0
935	0.010476765028534665	0.0
936	0.018348430861160718	0.0
937	0.01151202127936438	0.0
938	0	0.5
939	0.012818661851406565	0.5
940	0.005427161419585675	0.0
941	0.011547924130793873	0.5
942	0.014011438707358388	1.0
943	0.01798324230043697	-0.5
944	0.01151202127936438	0.5
945	0.01729480815136063	0.0
946	0.007143377854152226	1.0
947	0	1.0
948	0.005238382514267337	0.0
949	0.018348430861160718	0.5
950	0	0.0
951	0	-0.5
952	0.013048829559689255	0.5
953	0	0.5
954	0.008328571264099149	0.5
955	0.015784193625892912	0.5
956	0	0.0
957	0.01085432283917135	-0.5
958	0.010447138680986044	0.5
959	0.025637323702813134	-0.5
960	0	1.0
961	0	1.0
962	0.031992176672576825	-0.5
963	0.006924407416614316	-0.5
964	0.017103302553862144	1.0
965	0.008484993439442768	0.0
966	0.014286755708304453	-0.5
967	0.018348430861160718	-0.5
968	0	0.0
969	0.016355624631742297	1.0
970	0	0.0
971	0.01696998687888554	0.0
972	0.005178341267114149	0.0
973	0.005178341267114149	0.0
974	0	-0.5
975	0.013048829559689255	0.0
976	0	1.0
977	0.006524414779844621	-0.5
978	0	0.5
979	0.006524414779844621	0.0
980	0.01608822366022097	-0.5
981	0	-0.5
982	0.0357949928394172	-0.5
983	0.007376650133608455	0.5
984	0.00775659758319801	1.0
985	0.028093139638748085	0.5
986	0	0.5
987	0.0219075150378175	-0.5
988	0.013639761119447832	0.5
989	0.019294603872000514	1.0
990	0.021972592699894544	0.0
991	0.016355624631742297	0.0
992	0.028022877414716776	0.0
993	0.008816153797963782	0.0
994	0	1.0
995	0.007892096812946456	-0.5
996	0.017215371457383177	1.0
997	0.011260111253693394	0.5
998	0	-1.0
999	0.016682278001037356	0.5
1000	0.01169741960058761	1.0
1001	0	-0.5
1002	0.006924407416614316	0.5
1003	0.018348430861160718	0.0
1004	0.023626105287075646	1.0
1005	0.019805347081761706	0.0
1006	0.005062295401289541	0.0
1007	0.01986005090553949	1.0
1008	0	0.5
1009	0.01319302768224173	1.0
1010	0	0.0
1011	0.009174215430580354	1.0
1012	0.014753300267216912	0.0
1013	0.024929916543900588	0.0
1014	0	-0.5
1015	0.006924407416614316	0.0
1016	0	-1.0
1017	0	-0.5
1018	0.007499094616079434	0.5
1019	0	-0.5
1020	0	-0.5
1021	0.012336222784325992	-0.5
1022	0.02752264629174107	1.0
1023	0.005773962065396936	0.0
1024	0.006819880559723916	0.0
1025	0.013436925270802353	0.5
1026	0.01358992103784143	0.0
1027	0.006431534624000169	0.5
1028	0.010476765028534665	-1.0
1029	0	0.0
1030	0.006718462635401176	1.0
1031	0.017632307595927568	0.0
1032	0	-0.5
1033	0	-1.0
1034	0	0.0
1035	0.00998531457419491	-0.5
1036	0.008484993439442768	0.0
1037	0.012818661851406565	0.5
1038	0.014938121538806024	0.5
1039	0	0.0
1040	0	0.5
1041	0.01358992103784143	0.0
1042	0	0.5
1043	0	0.0
1044	0.012818661851406565	0.5
1045	0.00536274122007365	0.5
1046	0.0145162801884517	0.0
1047	0	-0.5
1048	0.008177812315871148	0.0
1049	0.0063412618746517165	0.0
1050	0.010124590802579074	1.0
1051	0.009562595273378893	1.0
1052	0.008484993439442768	1.0
1053	0.00616811139216299	0.0
1054	0	0.5
1055	0	0.0
1056	0	-0.5
1057	0.026386055364483463	-0.5
1058	0	0.0
1059	0.005925418287574218	-0.5
1060	0.01151202127936438	-1.0
1061	0.009486798595790567	0.5
1062	0.01599608833628841	0.5
1063	0	0.5
1064	0	1.0
1065	0.01499818923215887	0.5
1066	0.006924407416614316	1.0
1067	0.014753300267216912	0.5
1068	0.011225952437398788	0.5
1069	0.023676290438839374	0.0
1070	0.0219075150378175	0.0
1071	0.013048829559689255	0.5
1072	0.01696998687888554	0.5
1073	0.010356682534228289	0.0
1074	0	0.5
1075	0	-0.5
1076	0.005630055626846692	-0.5
1077	0.010694451035191828	1.0
1078	0.015513195166396035	0.5
1079	0	0.5
1080	0.013436925270802353	0.0
1081	0	-0.5
1082	0.017321886196190812	-0.5
1083	0	0.0
1084	0.007258140094225849	0.0
1085	0.012336222784325992	0.0
1086	0.005178341267114149	0.0
1087	0	0.5
1088	0.010694451035191828	0.0
1089	0.025013953010171217	-0.5
1090	0.011225952437398788	0.0
1091	0.024985713792297432	0.0
1092	0.006718462635401176	0.0
1093	0.005630055626846692	0.5
1094	0.01798324230043697	0.5
1095	0.015251345577113372	1.0
1096	0	0.5
1097	0.005773962065396936	0.0
1098	0.02138890207038367	0.0
1099	0.013048829559689255	0.0
1100	0.007258140094225849	0.5
1101	0.0219075150378175	0.0
1102	0	1.0
1103	0.007258140094225849	-0.5
1104	0	0.0
1105	0	0.0
1106	0	0.5
1107	0.014286755708304453	0.0
1108	0.01095375751890876	0.0
1109	0	0.5
1110	0.012682523749303422	0.5
1111	0.010476765028534665	1.0
1112	0.008647404075680322	0.5
1113	0.008328571264099149	0.0
1114	0.014938121538806024	0.0
1115	0.007625672788556692	0.5
1116	0.010725482440147302	1.0
1117	0.012506976505085608	0.5
1118	0.008647404075680322	-1.0
1119	0.031992176672576825	-1.0
1120	0.025637323702813134	0.0
1121	0	-1.0
1122	0.00979532352251764	0.5
1123	0.01729480815136063	0.5
1124	0.015251345577113372	0.0
1125	0.00775659758319801	0.0
1126	0.010447138680986044	1.0
1127	0.010239321621926617	0.0
1128	0	0.0
1129	0.011850836575148436	-0.5
1130	0.010986296349947272	1.0
1131	0.008177812315871148	1.0
1132	0.014753300267216912	0.5
1133	0.005773962065396936	0.0
1134	0	-0.5
1135	0.011850836575148436	1.0
1136	0.009364379879582696	0.5
1137	0.011813052643537823	0.5
1138	0.013240033937026337	1.0
1139	0.00775659758319801	0.0
1140	0	0.0
1141	0	0.0
1142	0.01606482898928488	0.0
1143	0	0.5
1144	0.011547924130793873	1.0
1145	0.010986296349947272	0.0
1146	0.008328571264099149	0.0
1147	0.014011438707358388	0.5
1148	0.005493148174973635	0.5
1149	0	0.5
1150	0.013240033937026337	0.0
1151	0.011225952437398788	0.5
1152	0.005178341267114149	0.5
1153	0	0.0
1154	0.010239321621926617	0.5
1155	0.012130252087737667	0.5
1156	0	0.5
1157	0.018728759759165377	0.5
1158	0.010694451035191828	1.0
1159	0.008647404075680322	0.0
1160	0.0145162801884517	0.0
1161	0.019538767966674534	1.0
1162	0.012130252087737667	-1.0
1163	0.007625672788556692	0.5
1164	0	1.0
1165	0.007376650133608455	0.5
1166	0.019538767966674534	-0.5
1167	0.019538767966674534	0.0
1168	0.012008331410461119	-0.5
1169	0	-0.5
1170	0.011813052643537823	0.0
1171	0.00998531457419491	0.5
1172	0	-0.5
1173	0	-0.5
1174	0.007499094616079434	0.0
1175	0.02752264629174107	0.0
1176	0	1.0
1177	0.019023785623955156	-0.5
1178	0.007499094616079434	0.0
1179	0.007376650133608455	0.5
1180	0.01358992103784143	0.0
1181	0.005848709800293804	0.5
1182	0	0.5
1183	0	0.0
1184	0.028022877414716776	-1.0
1185	0.02138890207038367	0.0
1186	0.021708645678342704	0.5
1187	0	-0.5
1188	0	-0.5
1189	0.006924407416614316	0.5
1190	0.0052998324435443445	0.5
1191	0.005925418287574218	0.0
1192	0	1.0
1193	0.018728759759165377	0.0
1194	0	0.0
1195	0.010476765028534665	0.0
1196	0.010447138680986044	0.0
1197	0.01169741960058761	0.0
1198	0.010599664887088689	0.0
1199	0.01217006888689133	0.5
1200	0.0224972838482383	0.5
1201	0	1.0
1202	0.006253488252542803	0.5
1203	0.01319302768224173	-0.5
1204	0	0.5
1205	0	-0.5
1206	0.008991621150218485	0.0
1207	0	-0.5
1208	0	0.0
1209	0.01798324230043697	0.5
1210	0.019125190546757778	0.0
1211	0.007892096812946456	1.0
1212	0.005238382514267337	0.5
1213	0.011547924130793873	1.0
1214	0	0.0
1215	0	1.0
1216	0	-0.5
1217	0.008991621150218485	-0.5
1218	0.02752264629174107	0.0
1219	0	-0.5
1220	0	-0.5
1221	0.009562595273378893	0.0
1222	0.016355624631742297	-1.0
1223	0.014753300267216912	0.5
1224	0.01798324230043697	0.0
1225	0.016355624631742297	0.0
1226	0.010211007026016872	0.5
1227	0.01319302768224173	-1.0
1228	0	-1.0
1229	0	1.0
1230	0	0.0
1231	0.01319302768224173	-1.0
1232	0.015251345577113372	0.5
1233	0	1.0
1234	0.00958745780642096	0.5
1235	0.01696998687888554	1.0
1236	0.012008331410461119	-0.5
1237	0.00979532352251764	1.0
1238	0.014286755708304453	0.5
1239	0.012818661851406565	0.5
1240	0.01608822366022097	0.0
1241	0.014938121538806024	0.5
1242	0.010476765028534665	0.0
1243	0.027775513198970838	0.0
1244	0.005062295401289541	0.0
1245	0.01608822366022097	0.0
1246	0.00979532352251764	0.0
1247	0.02245190487479758	1.0
1248	0.01095375751890876	0.0
1249	0	-0.5
1250	0	0.0
1251	0	0.5
1252	0	-0.5
1253	0	0.5
1254	0.01217006888689133	1.0
1255	0.01140220170257477	0.5
1256	0.008484993439442768	0.0
1257	0	1.0
1258	0	0.5
1259	0.020773222249842942	0.0
1260	0.012818661851406565	1.0
1261	0.007892096812946456	0.5
1262	0.005701100851287385	0.5
1263	0.019125190546757778	0.5
1264	0	0.5
1265	0.01798324230043697	0.5
1266	0.017632307595927568	0.5
1267	0.01169741960058761	-0.5
1268	0.01319302768224173	0.0
1269	0.012130252087737667	0.0
1270	0	0.0
1271	0.028022877414716776	0.0
1272	0.0052998324435443445	-0.5
1273	0.013240033937026337	0.0
1274	0.013639761119447832	1.0
1275	0	-0.5
1276	0.024929916543900588	-0.5
1277	0.010447138680986044	0.5
1278	0	0.5
1279	0.011121518667358235	1.0
1280	0.017103302553862144	0.5
1281	0.018728759759165377	0.0
1282	0.010694451035191828	0.0
1283	0	-0.5
1284	0.015513195166396035	-0.5
1285	0	0.5
1286	0	0.0
1287	0.01499818923215887	1.0
1288	0	-0.5
1289	0.011547924130793873	0.5
1290	0	0.0
1291	0	1.0
1292	0	-1.0
1293	0.01696998687888554	1.0
1294	0.024929916543900588	0.0
1295	0.016479444524920898	1.0
1296	0.006620016968513161	1.0
1297	0.019294603872000514	0.0
1298	0.005178341267114149	0.0
1299	0.010124590802579074	0.5
1300	0	0.0
1301	0.0055607593336791175	0.0
1302	0.01358992103784143	0.5
1303	0.009902673540880844	0.0
1304	0.012336222784325992	0.0
1305	0	0.0
1306	0.006253488252542803	0.5
1307	0.010725482440147302	0.0
1308	0.010599664887088689	0.5
1309	0.018012497115691684	-0.5
1310	0.010476765028534665	0.0
1311	0.005238382514267337	0.5
1312	0	-0.5
1313	0	-0.5
1314	0.016657142528198287	-1.0
1315	0.010356682534228289	0.0
1316	0.008328571264099149	0.0
1317	0	1.0
1318	0.01095375751890876	0.5
1319	0.016355624631742297	1.0
1320	0.016479444524920898	0.5
1321	0.012863069248000352	0.5
1322	0	0.0
1323	0.014459946071271372	0.0
1324	0	0.5
1325	0	0.0
1326	0.02453343694761343	1.0
1327	0.005006201321224706	-0.5
1328	0	0.0
1329	0	-0.5
1330	0	0.5
1331	0	-1.0
1332	0.0063412618746517165	1.0
1333	0.014459946071271372	0.0
1334	0	0.0
1335	0.00958745780642096	-0.5
1336	0	0.0
1337	0	0.0
1338	0.007258140094225849	0.0
1339	0	0.5
1340	0.005427161419585675	0.0
1341	0.019294603872000514	0.5
1342	0.01151202127936438	1.0
1343	0.010012402642449405	-0.5
1344	0.00979532352251764	0.0
1345	0.011813052643537823	-1.0
1346	0.008032414494642438	0.0
1347	0.010694451035191828	0.0
1348	0	0.5
1349	0.014064376783451496	-0.5
1350	0.008991621150218485	0.0
1351	0	0.5
1352	0.008328571264099149	0.5
1353	0	0.0
1354	0	0.5
1355	0	1.0
1356	0.012336222784325992	0.5
1357	0	0.0
1358	0.009364379879582696	0.0
1359	0	0.0
1360	0	0.0
1361	0.02138890207038367	0.0
1362	0.03639075626321298	0.0
1363	0.0063412618746517165	1.0
1364	0.011121518667358235	0.0
1365	0.015251345577113372	-1.0
1366	0.007625672788556692	1.0
1367	0.010356682534228289	0.5
1368	0	-0.5
1369	0	-0.5
1370	0.011547924130793873	-0.5
1371	0.01606482898928488	1.0
1372	0.007143377854152226	0.0
1373	0.007032188391725747	1.0
1374	0.010986296349947272	0.5
1375	0.012506976505085608	-0.5
1376	0.029876243077612052	-0.5
1377	0.006431534624000169	0.5
1378	0.009364379879582696	-1.0
1379	0.01338690039082106	0.0
1380	0.02752264629174107	0.0
1381	0	0.5
1382	0	0.5
1383	0.011225952437398788	0.0
1384	0.006718462635401176	1.0
1385	0.009769383983337267	0.5
1386	0.01606482898928488	1.0
1387	0.015513195166396035	0.0
1388	0	1.0
1389	0.014064376783451496	0.5
1390	0.014753300267216912	0.0
1391	0.007258140094225849	0.0
1392	0.007892096812946456	0.0
1393	0.018348430861160718	1.0
1394	0.008328571264099149	0.0
1395	0.019970629148389814	0.5
1396	0.020894277361972097	1.0
1397	0.010476765028534665	0.0
1398	0	1.0
1399	0	-1.0
1400	0	0.0
1401	0.009174215430580354	1.0
1402	0.011813052643537823	0.5
1403	0	0.0
1404	0	0.5
1405	0.005848709800293804	0.5
1406	0.024260504175475324	0.0
1407	0.01319302768224173	0.0
1408	0.01358992103784143	-0.5
1409	0.006718462635401176	0.0
1410	0.012464958271950294	-0.5
1411	0	-0.5
1412	0.008991621150218485	0.5
1413	0.010211007026016872	1.0
1414	0.022877018365670083	-0.5
1415	0	0.0
1416	0.018728759759165377	1.0
1417	0.012464958271950294	0.0
1418	0.020422014052033748	-1.0
1419	0.014753300267216912	1.0
1420	0.025013953010171217	0.0
1421	0.010012402642449405	0.0
1422	0.012130252087737667	0.5
1423	0.01169741960058761	0.0
1424	0	-0.5
1425	0.024929916543900588	-1.0
1426	0.020422014052033748	0.5
1427	0.0060850344434456695	0.5
1428	0.023626105287075646	1.0
1429	0.009364379879582696	0.5
1430	0.007258140094225849	0.0
1431	0	0.0
1432	0.016657142528198287	0.5
1433	0.005773962065396936	0.5
1434	0.011260111253693394	0.5
1435	0.004897661761258819	0.0
1436	0	0.0
1437	0.008032414494642438	0.0
1438	0	0.5
1439	0	-0.5
1440	0.020422014052033748	0.5
1441	0.011547924130793873	0.5
1442	0.017632307595927568	0.0
1443	0.0145162801884517	0.5
1444	0.006819880559723916	0.0
1445	0.01169741960058761	0.0
1446	0.008177812315871148	0.5
1447	0.008816153797963782	-0.5
1448	0.027179842075682886	0.0
1449	0.02752264629174107	-1.0
1450	0.013048829559689255	0.0
1451	0.016355624631742297	0.5
1452	0.017632307595927568	0.0
1453	0.012336222784325992	0.0
1454	0.01798324230043697	0.0
1455	0.014011438707358388	0.0
1456	0.018504334176488977	0.5
1457	0.012682523749303422	1.0
1458	0	0.5
1459	0.014753300267216912	0.5
1460	0	-0.5
1461	0.023480087201163923	0.0
1462	0	1.0
1463	0.014286755708304453	0.0
1464	0.0219075150378175	0.0
1465	0	0.5
1466	0.01217006888689133	0.5
1467	0	0.5
1468	0	0.0
1469	0.008484993439442768	1.0
1470	0.023626105287075646	-1.0
1471	0	0.0
1472	0.015784193625892912	0.0
1473	0.027179842075682886	0.0
1474	0	-0.5
1475	0.020478643243853227	1.0
1476	0	0.5
1477	0.015513195166396035	0.0
1478	0.01319302768224173	0.5
1479	0.013848814833228619	0.0
1480	0	0.0
1481	0	0.0
1482	0.020459641679171737	0.5
1483	0	-0.5
1484	0.019294603872000514	1.0
1485	0.007032188391725747	0.0
1486	0	-0.5
1487	0.010447138680986044	0.5
1488	0.01658334358179669	-0.5
1489	0.011850836575148436	0.5
1490	0.019125190546757778	0.0
1491	0.012506976505085608	0.0
1492	0.020894277361972097	0.5
1493	0.006004165705230559	0.5
1494	0.012464958271950294	0.0
1495	0.00979532352251764	-1.0
1496	0.027179842075682886	-0.5
1497	0.01798324230043697	-0.5
1498	0.010012402642449405	0.0
1499	0.01217006888689133	0.0
1500	0.008328571264099149	0.0
1501	0	-0.5
1502	0.009364379879582696	1.0
1503	0	-1.0
1504	0	-1.0
1505	0.01628148425875703	1.0
1506	0	-0.5
1507	0.006253488252542803	0.5
1508	0.012336222784325992	-1.0
1509	0	0.5
1510	0.010694451035191828	-0.5
1511	0.010211007026016872	0.0
1512	0.006924407416614316	1.0
1513	0.012818661851406565	-1.0
1514	0.008647404075680322	0.0
1515	0	-0.5
1516	0	0.0
1517	0	0.0
1518	0.010012402642449405	0.0
1519	0.008647404075680322	0.0
1520	0.01658334358179669	1.0
1521	0.009562595273378893	-0.5
1522	0.009769383983337267	0.5
1523	0	-0.5
1524	0	0.5
1525	0	0.5
1526	0	0.5
1527	0	0.0
1528	0	-0.5
1529	0.023626105287075646	1.0
1530	0.01151202127936438	0.5
1531	0.011813052643537823	1.0
1532	0.013848814833228619	1.0
1533	0	-1.0
1534	0	-0.5
1535	0.007625672788556692	0.5
1536	0.007376650133608455	0.5
1537	0.01085432283917135	-0.5
1538	0.012130252087737667	0.5
1539	0.005427161419585675	0.0
1540	0.01798324230043697	0.0
1541	0.006819880559723916	1.0
1542	0	0.0
1543	0.012130252087737667	-1.0
1544	0.007376650133608455	0.0
1545	0.007032188391725747	0.0
1546	0.012130252087737667	1.0
1547	0.0052998324435443445	0.5
1548	0	1.0
1549	0	0.5
1550	0	1.0
1551	0.010012402642449405	1.0
1552	0.013848814833228619	-0.5
1553	0	-0.5
1554	0.016479444524920898	0.5
1555	0.014459946071271372	-0.5
1556	0	0.0
1557	0	0.5
1558	0	1.0
1559	0.013639761119447832	0.0
1560	0	1.0
1561	0.008177812315871148	1.0
1562	0	0.5
1563	0.014692985283776463	0.5
1564	0.017321886196190812	0.5
1565	0.010356682534228289	0.5
1566	0.015784193625892912	0.5
1567	0	0.0
1568	0	1.0
1569	0.005062295401289541	0.5
1570	0	1.0
1571	0.00998531457419491	0.5
1572	0.011225952437398788	0.0
1573	0.00998531457419491	1.0
1574	0.016657142528198287	0.0
1575	0	0.5
1576	0.00998531457419491	0.5
1577	0	0.5
1578	0.0060850344434456695	0.0
1579	0.006253488252542803	0.5
1580	0.00979532352251764	0.0
1581	0.010211007026016872	1.0
1582	0.01658334358179669	0.5
1583	0.00616811139216299	1.0
1584	0.012682523749303422	0.5
1585	0.010476765028534665	0.0
1586	0	-1.0
1587	0.006524414779844621	0.5
1588	0.011813052643537823	0.5
1589	0.01606482898928488	0.5
1590	0	0.0
1591	0.01986005090553949	1.0
1592	0.010694451035191828	0.0
1593	0.028022877414716776	0.5
1594	0.005238382514267337	0.0
1595	0.012506976505085608	0.0
1596	0	1.0
1597	0.025637323702813134	0.5
1598	0.009562595273378893	0.5
1599	0.01696998687888554	1.0
1600	0.01696998687888554	1.0
1601	0.012008331410461119	0.0
1602	0	0.5
1603	0.007143377854152226	0.0
1604	0.00775659758319801	-1.0
1605	0.008816153797963782	0.5
1606	0.010356682534228289	1.0
1607	0.0175461294008814	0.5
1608	0	-0.5
1609	0	-1.0
1610	0.025637323702813134	-0.5
1611	0	0.5
1612	0.006819880559723916	0.0
1613	0.011547924130793873	-0.5
1614	0.04178855472394418	-0.5
1615	0.018728759759165377	-1.0
1616	0.009562595273378893	0.5
1617	0	0.0
1618	0.013639761119447832	1.0
1619	0.012130252087737667	0.0
1620	0.010356682534228289	0.5
1621	0	0.0
1622	0.016657142528198287	0.5
1623	0.026386055364483463	0.0
1624	0.01358992103784143	0.5
1625	0.009769383983337267	1.0
1626	0.012336222784325992	0.5
1627	0.011225952437398788	-0.5
1628	0	1.0
1629	0.013848814833228619	0.5
1630	0.012464958271950294	0.5
1631	0.012008331410461119	0.5
1632	0	0.0
1633	0.011260111253693394	1.0
1634	0	0.0
1635	0.012130252087737667	-0.5
1636	0.019538767966674534	1.0
1637	0.020459641679171737	-0.5
1638	0.012464958271950294	0.5
1639	0.012130252087737667	0.0
1640	0.01085432283917135	0.5
1641	0	0.0
1642	0.00616811139216299	0.5
1643	0.019125190546757778	0.0
1644	0.02138890207038367	-0.5
1645	0.006718462635401176	0.5
1646	0	-0.5
1647	0.01689016688054008	-0.5
1648	0.011225952437398788	0.5
1649	0.01798324230043697	0.0
1650	0.01499818923215887	1.0
1651	0.020894277361972097	0.5
1652	0	1.0
1653	0	-0.5
1654	0.011225952437398788	0.5
1655	0.005493148174973635	0.0
1656	0	-0.5
1657	0	1.0
1658	0.01085432283917135	1.0
1659	0.023024042558728752	-0.5
1660	0	-1.0
1661	0.010447138680986044	0.0
1662	0.023626105287075646	0.5
1663	0.010447138680986044	1.0
1664	0.013436925270802353	0.5
1665	0.0060850344434456695	0.5
1666	0.006004165705230559	1.0
1667	0.012682523749303422	0.5
1668	0.010447138680986044	0.5
1669	0.013937536237020954	0.5
1670	0.0145162801884517	0.0
1671	0.007143377854152226	0.0
1672	0.013048829559689255	0.0
1673	0.017103302553862144	0.0
1674	0.008991621150218485	0.0
1675	0.019294603872000514	0.5
1676	0.010694451035191828	1.0
1677	0.006718462635401176	0.0
1678	0	-1.0
1679	0.009690276042897367	0.0
1680	0.01169741960058761	0.5
1681	0.04634703033402808	0.0
1682	0	0.0
1683	0.005427161419585675	0.5
1684	0.007143377854152226	0.0
1685	0.009174215430580354	0.0
1686	0.00775659758319801	1.0
1687	0	0.5
1688	0.019970629148389814	0.5
1689	0.012130252087737667	-0.5
1690	0.005493148174973635	0.0
1691	0.01606482898928488	1.0
1692	0.013639761119447832	1.0
1693	0	-0.5
1694	0.01319302768224173	-1.0
1695	0.018728759759165377	0.5
1696	0.02245190487479758	0.5
1697	0	0.5
1698	0.01151202127936438	0.0
1699	0.009174215430580354	1.0
1700	0	0.5
1701	0.00998531457419491	0.5
1702	0	0.0
1703	0.00616811139216299	1.0
1704	0.0055607593336791175	1.0
1705	0.006431534624000169	-0.5
1706	0.013848814833228619	0.5
1707	0.013240033937026337	0.5
1708	0	-0.5
1709	0.020459641679171737	-0.5
1710	0.023676290438839374	0.5
1711	0	1.0
1712	0	0.5
1713	0.02245190487479758	0.5
1714	0.01140220170257477	0.5
1715	0.03739487481585089	1.0
1716	0.008484993439442768	0.5
1717	0	0.5
1718	0.005119660810963308	0.0
1719	0.00998531457419491	0.5
1720	0.008177812315871148	0.5
1721	0.011260111253693394	0.5
1722	0.007376650133608455	0.5
1723	0	0.0
1724	0	0.0
1725	0.012008331410461119	0.5
1726	0.015513195166396035	-0.5
1727	0.028919892142542748	1.0
1728	0.012682523749303422	0.5
1729	0	1.0
1730	0	0.5
1731	0	0.5
1732	0.010986296349947272	0.5
1733	0.012506976505085608	0.5
1734	0.014011438707358388	0.0
1735	0.023024042558728752	1.0
1736	0.017632307595927568	-0.5
1737	0.0060850344434456695	0.0
1738	0.011850836575148436	-1.0
1739	0	0.0
1740	0.027179842075682886	-1.0
1741	0.020422014052033748	0.0
1742	0.016479444524920898	-0.5
1743	0.028022877414716776	-1.0
1744	0.027179842075682886	-1.0
1745	0.009562595273378893	1.0
1746	0.008328571264099149	0.0
1747	0.045153886139928226	0.0
1748	0.006620016968513161	0.5
1749	0.01140220170257477	0.5
1750	0.012682523749303422	0.5
1751	0.01319302768224173	-0.5
1752	0.011121518667358235	0.5
1753	0	0.0
1754	0.009902673540880844	1.0
1755	0	0.0
1756	0.01319302768224173	0.0
1757	0.012682523749303422	0.5
1758	0.007625672788556692	1.0
1759	0.020422014052033748	-0.5
1760	0.00775659758319801	-1.0
1761	0	0.0
1762	0	-0.5
1763	0.023626105287075646	-1.0
1764	0.006924407416614316	0.0
1765	0.009364379879582696	0.0
1766	0	-0.5
1767	0.016355624631742297	-0.5
1768	0	-0.5
1769	0.015513195166396035	0.0
1770	0.0063412618746517165	0.5
1771	0.01140220170257477	0.0
1772	0.01798324230043697	1.0
1773	0.028687785820136664	1.0
1774	0.024260504175475324	0.0
1775	0.006924407416614316	0.0
1776	0	0.5
1777	0	0.0
1778	0.008816153797963782	-0.5
1779	0.00998531457419491	1.0
1780	0.007258140094225849	0.5
1781	0.027179842075682886	1.0
1782	0.009364379879582696	1.0
1783	0.011813052643537823	0.0
1784	0.01606482898928488	0.5
1785	0.0052998324435443445	0.0
1786	0.00998531457419491	0.5
1787	0.01986005090553949	0.5
1788	0.007032188391725747	1.0
1789	0.011225952437398788	-0.5
1790	0	-1.0
1791	0.015513195166396035	0.0
1792	0.009562595273378893	0.5
1793	0.015251345577113372	0.5
1794	0.006718462635401176	1.0
1795	0.01151202127936438	0.5
1796	0.01217006888689133	0.5
1797	0	-0.5
1798	0	0.5
1799	0.009486798595790567	0.5
1800	0	1.0
1801	0.012818661851406565	0.0
1802	0.0175461294008814	0.0
1803	0.008816153797963782	1.0
1804	0.01095375751890876	1.0
1805	0.020422014052033748	0.5
1806	0.01151202127936438	0.0
1807	0	0.5
1808	0	-0.5
1809	0.01986005090553949	0.5
1810	0.01358992103784143	0.5
1811	0.02746574087486818	0.5
1812	0.014459946071271372	0.0
1813	0.007143377854152226	0.5
1814	0.010599664887088689	0.0
1815	0.005119660810963308	0.5
1816	0.01319302768224173	1.0
1817	0.008328571264099149	0.5
1818	0.007258140094225849	0.0
1819	0.006819880559723916	0.0
1820	0.010211007026016872	0.5
1821	0.019970629148389814	0.5
1822	0	-0.5
1823	0.022877018365670083	0.0
1824	0.019125190546757778	0.5
1825	0.006819880559723916	1.0
1826	0.01140220170257477	0.0
1827	0	-0.5
1828	0.010725482440147302	0.0
1829	0	0.5
1830	0.01798324230043697	0.5
1831	0.010694451035191828	1.0
1832	0	0.0
1833	0.008328571264099149	-1.0
1834	0	0.5
1835	0.027179842075682886	1.0
1836	0.0052998324435443445	-0.5
1837	0	0.5
1838	0.014064376783451496	0.0
1839	0.010447138680986044	0.0
1840	0	0.5
1841	0.007625672788556692	0.0
1842	0.0145162801884517	0.5
1843	0.007032188391725747	1.0
1844	0.0219075150378175	1.0
1845	0	0.0
1846	0.013436925270802353	0.0
1847	0.016355624631742297	0.5
1848	0	0.0
1849	0	0.0
1850	0.018504334176488977	0.0
1851	0.015513195166396035	-1.0
1852	0.012818661851406565	0.5
1853	0.010599664887088689	-1.0
1854	0.011547924130793873	0.0
1855	0.007032188391725747	1.0
1856	0.010476765028534665	-0.5
1857	0.005630055626846692	0.5
1858	0.01319302768224173	0.0
1859	0.007892096812946456	1.0
1860	0	0.5
1861	0	0.5
1862	0.006431534624000169	0.0
1863	0.013639761119447832	-0.5
1864	0.0207133650684566	-0.5
1865	0.008328571264099149	1.0
1866	0.012130252087737667	-0.5
1867	0.010211007026016872	0.5
1868	0.01689016688054008	0.0
1869	0.023095848261587747	0.0
1870	0.010124590802579074	0.5
1871	0.01319302768224173	-0.5
1872	0.00998531457419491	1.0
1873	0	1.0
1874	0	1.0
1875	0.012130252087737667	-0.5
1876	0.011121518667358235	0.0
1877	0.025637323702813134	0.0
1878	0	0.0
1879	0	0.0
1880	0	1.0
1881	0.014753300267216912	0.5
1882	0.008328571264099149	0.5
1883	0.005493148174973635	0.5
1884	0.005701100851287385	0.5
1885	0.006524414779844621	1.0
1886	0	0.0
1887	0.008032414494642438	0.5
1888	0.024929916543900588	-0.5
1889	0	0.5
1890	0	-0.5
1891	0.016657142528198287	0.5
1892	0	0.5
1893	0	1.0
1894	0.010986296349947272	1.0
1895	0.011260111253693394	0.0
1896	0.016657142528198287	0.5
1897	0.012464958271950294	-0.5
1898	0.008816153797963782	-1.0
1899	0.01499818923215887	0.5
1900	0.005701100851287385	0.0
1901	0.014011438707358388	0.5
1902	0	0.0
1903	0.010476765028534665	0.0
1904	0.006253488252542803	0.0
1905	0.018348430861160718	0.0
1906	0.0145162801884517	0.5
1907	0.10480792301931087	0.5
1908	0	0.5
1909	0.005006201321224706	0.5
1910	0.010725482440147302	-0.5
1911	0.00775659758319801	0.5
1912	0	0.0
1913	0.015715147542802003	0.5
1914	0.01095375751890876	0.0
1915	0.01085432283917135	0.0
1916	0.007032188391725747	1.0
1917	0.019538767966674534	0.0
1918	0	0.5
1919	0.014854010311321282	1.0
1920	0	0.5
1921	0.028022877414716776	-0.5
1922	0.017632307595927568	1.0
1923	0.013848814833228619	0.5
1924	0.010986296349947272	0.0
1925	0.006524414779844621	0.0
1926	0.019970629148389814	0.0
1927	0.008647404075680322	-0.5
1928	0.008032414494642438	-0.5
1929	0	-0.5
1930	0.007143377854152226	0.5
1931	0	1.0
1932	0.011547924130793873	0.5
1933	0.018012497115691684	0.5
1934	0.008991621150218485	1.0
1935	0.012008331410461119	0.0
1936	0.0219075150378175	0.0
1937	0.0145162801884517	0.0
1938	0	1.0
1939	0.011850836575148436	0.0
1940	0.013436925270802353	0.0
1941	0.03367785731219638	-0.5
1942	0.015513195166396035	0.5
1943	0.007499094616079434	1.0
1944	0.01606482898928488	-0.5
1945	0.005630055626846692	0.0
1946	0.011813052643537823	-0.5
1947	0	1.0
1948	0.014535414064346054	-0.5
1949	0.019125190546757778	0.0
1950	0.010211007026016872	0.0
1951	0.009364379879582696	0.0
1952	0.020478643243853227	1.0
1953	0	1.0
1954	0.005062295401289541	1.0
1955	0.01217006888689133	0.0
1956	0.017632307595927568	0.5
1957	0	0.5
1958	0.014064376783451496	0.0
1959	0.015513195166396035	0.5
1960	0.01319302768224173	0.0
1961	0.010239321621926617	1.0
1962	0	0.5
1963	0.005427161419585675	0.0
1964	0.005119660810963308	0.5
1965	0.023269792749594048	0.5
1966	0.00998531457419491	0.5
1967	0	0.5
1968	0.015513195166396035	1.0
1969	0.012008331410461119	0.5
1970	0.008991621150218485	0.5
1971	0.006431534624000169	0.5
1972	0.019970629148389814	0.5
1973	0	-0.5
1974	0.013848814833228619	0.5
1975	0	0.0
1976	0	-1.0
1977	0.012336222784325992	0.0
1978	0.01095375751890876	-0.5
1979	0	1.0
1980	0.007376650133608455	0.0
1981	0.015513195166396035	0.5
1982	0.0060850344434456695	0.5
1983	0	1.0
1984	0.005493148174973635	0.0
1985	0.015251345577113372	0.5
1986	0.01798324230043697	0.0
1987	0	0.0
1988	0.007376650133608455	1.0
1989	0	1.0
1990	0.011121518667358235	0.5
1991	0.013848814833228619	0.5
1992	0.01169741960058761	0.5
1993	0	0.0
1994	0	0.0
1995	0.010725482440147302	-0.5
1996	0.006819880559723916	0.0
1997	0.012336222784325992	-0.5
1998	0.010211007026016872	0.0
1999	0.008991621150218485	0.5
2000	0.009388231112081211	0.0
2001	0	0.0
2002	0	0.5
2003	0.01169741960058761	0.5
2004	0.012336222784325992	0.0
2005	0.03443074291476635	0.0
2006	0	1.0
2007	0.0145162801884517	0.0
2008	0.008032414494642438	0.5
2009	0	1.0
2010	0.008328571264099149	0.5
2011	0	-0.5
2012	0.006718462635401176	1.0
2013	0	0.0
2014	0.010124590802579074	0.0
2015	0.01140220170257477	0.0
2016	0.014381186709631445	-0.5
2017	0.010694451035191828	1.0
2018	0	-0.5
2019	0.020422014052033748	0.5
2020	0.023626105287075646	1.0
2021	0.007625672788556692	1.0
2022	0.008177812315871148	0.0
2023	0	-1.0
2024	0.025637323702813134	0.5
2025	0.020459641679171737	-0.5
2026	0.00958745780642096	1.0
2027	0	1.0
2028	0	0.0
2029	0.030898020222685382	0.5
2030	0	0.5
2031	0.04178855472394418	0.5
2032	0	-0.5
2033	0	0.5
2034	0.012130252087737667	-0.5
2035	0	0.0
2036	0.012863069248000352	1.0
2037	0.009562595273378893	0.0
2038	0.01095375751890876	0.5
2039	0.005427161419585675	0.0
2040	0.009364379879582696	0.0
2041	0.019125190546757778	0.0
2042	0.012130252087737667	0.0
2043	0	0.0
2044	0.019538767966674534	0.5
2045	0	1.0
2046	0.0145162801884517	1.0
2047	0	0.0
2048	0.017321886196190812	0.0
2049	0	0.0
2050	0.019125190546757778	0.5
2051	0	0.0
2052	0.006819880559723916	0.5
2053	0.016657142528198287	0.5
2054	0.007625672788556692	-0.5
2055	0.018348430861160718	0.5
2056	0.010476765028534665	0.0
2057	0.016657142528198287	1.0
2058	0.005925418287574218	-0.5
2059	0	-1.0
2060	0.01358992103784143	0.5
2061	0.019970629148389814	0.0
2062	0.010694451035191828	0.0
2063	0.009364379879582696	0.0
2064	0.011225952437398788	0.0
2065	0	-0.5
2066	0.01217006888689133	0.5
2067	0.01696998687888554	0.5
2068	0.012336222784325992	1.0
2069	0.013848814833228619	0.0
2070	0.011225952437398788	0.0
2071	0	0.0
2072	0	0.0
2073	0.013639761119447832	0.5
2074	0.014064376783451496	0.5
2075	0.022877018365670083	0.5
2076	0.006004165705230559	1.0
2077	0.013436925270802353	0.0
2078	0.010356682534228289	0.0
2079	0.015251345577113372	0.0
2080	0.023701673150296875	0.0
2081	0.014011438707358388	1.0
2082	0.011225952437398788	0.5
2083	0	0.5
2084	0.029876243077612052	0.0
2085	0	1.0
